AccessList,AccessMask,Account_Domain,Account_Name,Caller_Computer_Name,Caller_Domain,Caller_Logon_ID,Caller_Machine_Name,Caller_User_Name,CategoryString,Change_Type,Channel,Client_Address,Client_Domain,Client_Logon_ID,Client_Machine_Name,Client_User_Name,CommandLine,Computer,ComputerName,Description,Domain,Error_Code,EventCode,EventData_Xml,EventID,EventRecordID,FileName,Group_Domain,Group_Name,Group_Type_Change,Guid,HandleId,Image_File_Name,IpAddress,IpPort,KeyFilePath,Keywords,Level,LogFileCleared_Xml,LogonType,Logon_Account,Logon_ID,Logon_account,MandatoryLabel,MemberName,Member_ID,Member_Name,Message,Name,NewProcessId,NewProcessName,New_Account_Name,New_Domain,ObjectName,ObjectServer,ObjectType,Opcode,ParentProcessName,Primary_Domain,Primary_User_Name,PrivilegeList,ProcessID,ProcessId,ProcessName,Process_Command_Line,Qualifiers,RecordNumber,RenderingInfo_Xml,ResourceAttributes,Security_ID,Source_Network_Address,Source_Workstation,SubStatus,SubjectDomainName,SubjectLogonId,SubjectUserName,SubjectUserSid,Supplied_Realm_Name,SystemTime,System_Props_Xml,TargetDomainName,TargetLogonId,TargetProcessName,TargetServerName,TargetUserName,TargetUserSid,Target_Account_ID,Target_Account_Name,Target_Domain,Target_Server_Name,Target_User_Name,Task,ThreadID,TokenElevationType,Token_Elevation_Type,Token_Elevation_Type_id,User,UserData_Xml,User_ID,User_Name,Version,Workstation,WorkstationName,Workstation_Name,_raw,_time,action,app,authentication_method,body,category,change_type,dest,dest_nt_domain,dvc,dvc_nt_host,event_id,eventtype,file_name,file_path,host,id,index,linecount,name,new_process,new_process_id,new_process_name,object,object_attrs,object_category,object_file_name,object_file_path,object_id,parent_process,parent_process_id,parent_process_name,parent_process_path,process,process_command_line_arguments,process_command_line_process,process_exec,process_id,process_name,process_path,product,punct,registry_path,registry_value_name,registry_value_type,result,service,service_id,service_name,session_id,severity,severity_id,signature,signature_id,source,sourcetype,splunk_server,splunk_server_group,src,src_nt_domain,src_port,src_user,src_user_name,status,subject,ta_windows_action,ta_windows_security_CategoryString,ta_windows_status,tag,tag::Token_Elevation_Type_id,tag::action,tag::app,tag::eventtype,tag::object_category,tag::sourcetype,user,user_group,user_group_id,user_id,user_name,user_type,vendor,vendor_privilege,vendor_product
,,,,,MMM,,,ppppPWBADDC03$,,,Security,,,,,,where  /Q repadmin,ppppPWBADDC03.mmm.hhh.ggg,,,,-,4688,<Data Name='SubjectUserSid'>NT AUTHORITY\SYSTEM</Data><Data Name='SubjectUserName'>ppppPWBADDC03$</Data><Data Name='SubjectDomainName'>MMM</Data><Data Name='SubjectLogonId'>0x3e7</Data><Data Name='NewProcessId'>0x4050</Data><Data Name='NewProcessName'>C:\Windows\System32\where.exe</Data><Data Name='TokenElevationType'>%%1936</Data><Data Name='ProcessId'>0x15fc</Data><Data Name='CommandLine'>where  /Q repadmin </Data><Data Name='TargetUserSid'>NULL SID</Data><Data Name='TargetUserName'>-</Data><Data Name='TargetDomainName'>-</Data><Data Name='TargetLogonId'>0x0</Data><Data Name='ParentProcessName'>C:\Windows\System32\cmd.exe</Data><Data Name='MandatoryLabel'>Mandatory Label\System Mandatory Level</Data>,4688.0,999712978,,,,,,,,,,,0x8020000000000000,0,,,,0x3e7,,Mandatory Label\System Mandatory Level,,,,,'Microsoft-Windows-Security-Auditing',0x4050,C:\Windows\System32\where.exe,,,,,,0,C:\Windows\System32\cmd.exe,,,,'4',0x15fc,,where  /Q repadmin,,999712978,,,,,,,MMM,0x3e7,ppppPWBADDC03$,NT AUTHORITY\SYSTEM,,'2026-05-19T12:38:38.7349015Z',<Provider Name='Microsoft-Windows-Security-Auditing' Guid='{54849625-5478-4994-a5ba-3e3b0328c30d}'/><EventID>4688</EventID><Version>2</Version><Level>0</Level><Task>13312</Task><Opcode>0</Opcode><Keywords>0x8020000000000000</Keywords><TimeCreated SystemTime='2026-05-19T12:38:38.7349015Z'/><EventRecordID>999712978</EventRecordID><Correlation/><Execution ProcessID='4' ThreadID='15704'/><Channel>Security</Channel><Computer>ppppPWBADDC03.mmm.hhh.ggg</Computer><Security/>,-,0x0,,,-,NULL SID,,,-,,-,13312,'15704',%%1936,%%1936,1936.0,,,,,2,,,,,2026-05-19T08:38:38.734-0400,allowed,win:unknown,,,,,ppppPWBADDC03.mmm.hhh.ggg,,ppppPWBADDC03.mmm.hhh.ggg,ppppPWBADDC03,999712978,endpoint_services_processes windows_endpoint_processes windows_event_signature windows_process_new wineventlog_security wineventlog_windows winsec,,,ppppPWBADDC03,999712978,occs-sss-windows,1,A new process has been created,C:\Windows\System32\where.exe,0x4050,where.exe,,,,,,,C:\Windows\System32\cmd.exe,0x15fc,cmd.exe,C:\Windows\System32\cmd.exe,C:\Windows\System32\where.exe /Q repadmin,/Q repadmin,where,where.exe,0x4050,where.exe,C:\Windows\System32\where.exe,Windows,<_='://../////'><><_='---'_='{----}'/><></><></><>,,,,,,,,0x3e7,,,A new process has been created,4688,XmlWinEventLog:Security,XmlWinEventLog,bbbbbsplunkes03,,,MMM,,ppppPWBADDC03$,,success,A new process has been created,failure,,,"execute
os
process
report
security
start
track_event_signatures
windows",,,,"execute
os
process
report
security
start
track_event_signatures
windows",,,ppppPWBADDC03$,-,,,,,Microsoft,,Microsoft Windows
,,,,,MMM,,,ppppPWBADDC03$,,,Security,,,,,,where  /Q repadmin,ppppPWBADDC03.mmm.hhh.ggg,,,,-,4688,<Data Name='SubjectUserSid'>NT AUTHORITY\SYSTEM</Data><Data Name='SubjectUserName'>ppppPWBADDC03$</Data><Data Name='SubjectDomainName'>MMM</Data><Data Name='SubjectLogonId'>0x3e7</Data><Data Name='NewProcessId'>0x6fc</Data><Data Name='NewProcessName'>C:\Windows\System32\where.exe</Data><Data Name='TokenElevationType'>%%1936</Data><Data Name='ProcessId'>0x176c</Data><Data Name='CommandLine'>where  /Q repadmin </Data><Data Name='TargetUserSid'>NULL SID</Data><Data Name='TargetUserName'>-</Data><Data Name='TargetDomainName'>-</Data><Data Name='TargetLogonId'>0x0</Data><Data Name='ParentProcessName'>C:\Windows\System32\cmd.exe</Data><Data Name='MandatoryLabel'>Mandatory Label\System Mandatory Level</Data>,4688.0,999706510,,,,,,,,,,,0x8020000000000000,0,,,,0x3e7,,Mandatory Label\System Mandatory Level,,,,,'Microsoft-Windows-Security-Auditing',0x6fc,C:\Windows\System32\where.exe,,,,,,0,C:\Windows\System32\cmd.exe,,,,'4',0x176c,,where  /Q repadmin,,999706510,,,,,,,MMM,0x3e7,ppppPWBADDC03$,NT AUTHORITY\SYSTEM,,'2026-05-19T12:33:36.0502808Z',<Provider Name='Microsoft-Windows-Security-Auditing' Guid='{54849625-5478-4994-a5ba-3e3b0328c30d}'/><EventID>4688</EventID><Version>2</Version><Level>0</Level><Task>13312</Task><Opcode>0</Opcode><Keywords>0x8020000000000000</Keywords><TimeCreated SystemTime='2026-05-19T12:33:36.0502808Z'/><EventRecordID>999706510</EventRecordID><Correlation/><Execution ProcessID='4' ThreadID='13988'/><Channel>Security</Channel><Computer>ppppPWBADDC03.mmm.hhh.ggg</Computer><Security/>,-,0x0,,,-,NULL SID,,,-,,-,13312,'13988',%%1936,%%1936,1936.0,,,,,2,,,,,2026-05-19T08:33:36.050-0400,allowed,win:unknown,,,,,ppppPWBADDC03.mmm.hhh.ggg,,ppppPWBADDC03.mmm.hhh.ggg,ppppPWBADDC03,999706510,endpoint_services_processes windows_endpoint_processes windows_event_signature windows_process_new wineventlog_security wineventlog_windows winsec,,,ppppPWBADDC03,999706510,occs-sss-windows,1,A new process has been created,C:\Windows\System32\where.exe,0x6fc,where.exe,,,,,,,C:\Windows\System32\cmd.exe,0x176c,cmd.exe,C:\Windows\System32\cmd.exe,C:\Windows\System32\where.exe /Q repadmin,/Q repadmin,where,where.exe,0x6fc,where.exe,C:\Windows\System32\where.exe,Windows,<_='://../////'><><_='---'_='{----}'/><></><></><>,,,,,,,,0x3e7,,,A new process has been created,4688,XmlWinEventLog:Security,XmlWinEventLog,bbbbbsplunkes03,,,MMM,,ppppPWBADDC03$,,success,A new process has been created,failure,,,"execute
os
process
report
security
start
track_event_signatures
windows",,,,"execute
os
process
report
security
start
track_event_signatures
windows",,,ppppPWBADDC03$,-,,,,,Microsoft,,Microsoft Windows
,,,,,MMM,,,ppppPWBADDC03$,,,Security,,,,,,where  /Q repadmin,ppppPWBADDC03.mmm.hhh.ggg,,,,-,4688,<Data Name='SubjectUserSid'>NT AUTHORITY\SYSTEM</Data><Data Name='SubjectUserName'>ppppPWBADDC03$</Data><Data Name='SubjectDomainName'>MMM</Data><Data Name='SubjectLogonId'>0x3e7</Data><Data Name='NewProcessId'>0x419c</Data><Data Name='NewProcessName'>C:\Windows\System32\where.exe</Data><Data Name='TokenElevationType'>%%1936</Data><Data Name='ProcessId'>0x3668</Data><Data Name='CommandLine'>where  /Q repadmin </Data><Data Name='TargetUserSid'>NULL SID</Data><Data Name='TargetUserName'>-</Data><Data Name='TargetDomainName'>-</Data><Data Name='TargetLogonId'>0x0</Data><Data Name='ParentProcessName'>C:\Windows\System32\cmd.exe</Data><Data Name='MandatoryLabel'>Mandatory Label\System Mandatory Level</Data>,4688.0,999701101,,,,,,,,,,,0x8020000000000000,0,,,,0x3e7,,Mandatory Label\System Mandatory Level,,,,,'Microsoft-Windows-Security-Auditing',0x419c,C:\Windows\System32\where.exe,,,,,,0,C:\Windows\System32\cmd.exe,,,,'4',0x3668,,where  /Q repadmin,,999701101,,,,,,,MMM,0x3e7,ppppPWBADDC03$,NT AUTHORITY\SYSTEM,,'2026-05-19T12:28:32.5619414Z',<Provider Name='Microsoft-Windows-Security-Auditing' Guid='{54849625-5478-4994-a5ba-3e3b0328c30d}'/><EventID>4688</EventID><Version>2</Version><Level>0</Level><Task>13312</Task><Opcode>0</Opcode><Keywords>0x8020000000000000</Keywords><TimeCreated SystemTime='2026-05-19T12:28:32.5619414Z'/><EventRecordID>999701101</EventRecordID><Correlation/><Execution ProcessID='4' ThreadID='12280'/><Channel>Security</Channel><Computer>ppppPWBADDC03.mmm.hhh.ggg</Computer><Security/>,-,0x0,,,-,NULL SID,,,-,,-,13312,'12280',%%1936,%%1936,1936.0,,,,,2,,,,,2026-05-19T08:28:32.561-0400,allowed,win:unknown,,,,,ppppPWBADDC03.mmm.hhh.ggg,,ppppPWBADDC03.mmm.hhh.ggg,ppppPWBADDC03,999701101,endpoint_services_processes windows_endpoint_processes windows_event_signature windows_process_new wineventlog_security wineventlog_windows winsec,,,ppppPWBADDC03,999701101,occs-sss-windows,1,A new process has been created,C:\Windows\System32\where.exe,0x419c,where.exe,,,,,,,C:\Windows\System32\cmd.exe,0x3668,cmd.exe,C:\Windows\System32\cmd.exe,C:\Windows\System32\where.exe /Q repadmin,/Q repadmin,where,where.exe,0x419c,where.exe,C:\Windows\System32\where.exe,Windows,<_='://../////'><><_='---'_='{----}'/><></><></><>,,,,,,,,0x3e7,,,A new process has been created,4688,XmlWinEventLog:Security,XmlWinEventLog,bbbbbsplunkes03,,,MMM,,ppppPWBADDC03$,,success,A new process has been created,failure,,,"execute
os
process
report
security
start
track_event_signatures
windows",,,,"execute
os
process
report
security
start
track_event_signatures
windows",,,ppppPWBADDC03$,-,,,,,Microsoft,,Microsoft Windows
,,,,,MMM,,,ppppPWBADDC03$,,,Security,,,,,,where  /Q repadmin,ppppPWBADDC03.mmm.hhh.ggg,,,,-,4688,<Data Name='SubjectUserSid'>NT AUTHORITY\SYSTEM</Data><Data Name='SubjectUserName'>ppppPWBADDC03$</Data><Data Name='SubjectDomainName'>MMM</Data><Data Name='SubjectLogonId'>0x3e7</Data><Data Name='NewProcessId'>0x435c</Data><Data Name='NewProcessName'>C:\Windows\System32\where.exe</Data><Data Name='TokenElevationType'>%%1936</Data><Data Name='ProcessId'>0x3c40</Data><Data Name='CommandLine'>where  /Q repadmin </Data><Data Name='TargetUserSid'>NULL SID</Data><Data Name='TargetUserName'>-</Data><Data Name='TargetDomainName'>-</Data><Data Name='TargetLogonId'>0x0</Data><Data Name='ParentProcessName'>C:\Windows\System32\cmd.exe</Data><Data Name='MandatoryLabel'>Mandatory Label\System Mandatory Level</Data>,4688.0,999695010,,,,,,,,,,,0x8020000000000000,0,,,,0x3e7,,Mandatory Label\System Mandatory Level,,,,,'Microsoft-Windows-Security-Auditing',0x435c,C:\Windows\System32\where.exe,,,,,,0,C:\Windows\System32\cmd.exe,,,,'4',0x3c40,,where  /Q repadmin,,999695010,,,,,,,MMM,0x3e7,ppppPWBADDC03$,NT AUTHORITY\SYSTEM,,'2026-05-19T12:23:29.9690863Z',<Provider Name='Microsoft-Windows-Security-Auditing' Guid='{54849625-5478-4994-a5ba-3e3b0328c30d}'/><EventID>4688</EventID><Version>2</Version><Level>0</Level><Task>13312</Task><Opcode>0</Opcode><Keywords>0x8020000000000000</Keywords><TimeCreated SystemTime='2026-05-19T12:23:29.9690863Z'/><EventRecordID>999695010</EventRecordID><Correlation/><Execution ProcessID='4' ThreadID='5720'/><Channel>Security</Channel><Computer>ppppPWBADDC03.mmm.hhh.ggg</Computer><Security/>,-,0x0,,,-,NULL SID,,,-,,-,13312,'5720',%%1936,%%1936,1936.0,,,,,2,,,,,2026-05-19T08:23:29.969-0400,allowed,win:unknown,,,,,ppppPWBADDC03.mmm.hhh.ggg,,ppppPWBADDC03.mmm.hhh.ggg,ppppPWBADDC03,999695010,endpoint_services_processes windows_endpoint_processes windows_event_signature windows_process_new wineventlog_security wineventlog_windows winsec,,,ppppPWBADDC03,999695010,occs-sss-windows,1,A new process has been created,C:\Windows\System32\where.exe,0x435c,where.exe,,,,,,,C:\Windows\System32\cmd.exe,0x3c40,cmd.exe,C:\Windows\System32\cmd.exe,C:\Windows\System32\where.exe /Q repadmin,/Q repadmin,where,where.exe,0x435c,where.exe,C:\Windows\System32\where.exe,Windows,<_='://../////'><><_='---'_='{----}'/><></><></><>,,,,,,,,0x3e7,,,A new process has been created,4688,XmlWinEventLog:Security,XmlWinEventLog,bbbbbsplunkes01,,,MMM,,ppppPWBADDC03$,,success,A new process has been created,failure,,,"execute
os
process
report
security
start
track_event_signatures
windows",,,,"execute
os
process
report
security
start
track_event_signatures
windows",,,ppppPWBADDC03$,-,,,,,Microsoft,,Microsoft Windows
,,,,,MMM,,,ppppPWBADDC03$,,,Security,,,,,,where  /Q repadmin,ppppPWBADDC03.mmm.hhh.ggg,,,,-,4688,<Data Name='SubjectUserSid'>NT AUTHORITY\SYSTEM</Data><Data Name='SubjectUserName'>ppppPWBADDC03$</Data><Data Name='SubjectDomainName'>MMM</Data><Data Name='SubjectLogonId'>0x3e7</Data><Data Name='NewProcessId'>0x363c</Data><Data Name='NewProcessName'>C:\Windows\System32\where.exe</Data><Data Name='TokenElevationType'>%%1936</Data><Data Name='ProcessId'>0x43e0</Data><Data Name='CommandLine'>where  /Q repadmin </Data><Data Name='TargetUserSid'>NULL SID</Data><Data Name='TargetUserName'>-</Data><Data Name='TargetDomainName'>-</Data><Data Name='TargetLogonId'>0x0</Data><Data Name='ParentProcessName'>C:\Windows\System32\cmd.exe</Data><Data Name='MandatoryLabel'>Mandatory Label\System Mandatory Level</Data>,4688.0,999687956,,,,,,,,,,,0x8020000000000000,0,,,,0x3e7,,Mandatory Label\System Mandatory Level,,,,,'Microsoft-Windows-Security-Auditing',0x363c,C:\Windows\System32\where.exe,,,,,,0,C:\Windows\System32\cmd.exe,,,,'4',0x43e0,,where  /Q repadmin,,999687956,,,,,,,MMM,0x3e7,ppppPWBADDC03$,NT AUTHORITY\SYSTEM,,'2026-05-19T12:18:27.3008170Z',<Provider Name='Microsoft-Windows-Security-Auditing' Guid='{54849625-5478-4994-a5ba-3e3b0328c30d}'/><EventID>4688</EventID><Version>2</Version><Level>0</Level><Task>13312</Task><Opcode>0</Opcode><Keywords>0x8020000000000000</Keywords><TimeCreated SystemTime='2026-05-19T12:18:27.3008170Z'/><EventRecordID>999687956</EventRecordID><Correlation/><Execution ProcessID='4' ThreadID='44'/><Channel>Security</Channel><Computer>ppppPWBADDC03.mmm.hhh.ggg</Computer><Security/>,-,0x0,,,-,NULL SID,,,-,,-,13312,'44',%%1936,%%1936,1936.0,,,,,2,,,,,2026-05-19T08:18:27.300-0400,allowed,win:unknown,,,,,ppppPWBADDC03.mmm.hhh.ggg,,ppppPWBADDC03.mmm.hhh.ggg,ppppPWBADDC03,999687956,endpoint_services_processes windows_endpoint_processes windows_event_signature windows_process_new wineventlog_security wineventlog_windows winsec,,,ppppPWBADDC03,999687956,occs-sss-windows,1,A new process has been created,C:\Windows\System32\where.exe,0x363c,where.exe,,,,,,,C:\Windows\System32\cmd.exe,0x43e0,cmd.exe,C:\Windows\System32\cmd.exe,C:\Windows\System32\where.exe /Q repadmin,/Q repadmin,where,where.exe,0x363c,where.exe,C:\Windows\System32\where.exe,Windows,<_='://../////'><><_='---'_='{----}'/><></><></><>,,,,,,,,0x3e7,,,A new process has been created,4688,XmlWinEventLog:Security,XmlWinEventLog,bbbbbsplunkes01,,,MMM,,ppppPWBADDC03$,,success,A new process has been created,failure,,,"execute
os
process
report
security
start
track_event_signatures
windows",,,,"execute
os
process
report
security
start
track_event_signatures
windows",,,ppppPWBADDC03$,-,,,,,Microsoft,,Microsoft Windows
,,,,,MMM,,,ppppPWBADDC03$,,,Security,,,,,,where  /Q repadmin,ppppPWBADDC03.mmm.hhh.ggg,,,,-,4688,<Data Name='SubjectUserSid'>NT AUTHORITY\SYSTEM</Data><Data Name='SubjectUserName'>ppppPWBADDC03$</Data><Data Name='SubjectDomainName'>MMM</Data><Data Name='SubjectLogonId'>0x3e7</Data><Data Name='NewProcessId'>0x2ff4</Data><Data Name='NewProcessName'>C:\Windows\System32\where.exe</Data><Data Name='TokenElevationType'>%%1936</Data><Data Name='ProcessId'>0x1f3c</Data><Data Name='CommandLine'>where  /Q repadmin </Data><Data Name='TargetUserSid'>NULL SID</Data><Data Name='TargetUserName'>-</Data><Data Name='TargetDomainName'>-</Data><Data Name='TargetLogonId'>0x0</Data><Data Name='ParentProcessName'>C:\Windows\System32\cmd.exe</Data><Data Name='MandatoryLabel'>Mandatory Label\System Mandatory Level</Data>,4688.0,999682437,,,,,,,,,,,0x8020000000000000,0,,,,0x3e7,,Mandatory Label\System Mandatory Level,,,,,'Microsoft-Windows-Security-Auditing',0x2ff4,C:\Windows\System32\where.exe,,,,,,0,C:\Windows\System32\cmd.exe,,,,'4',0x1f3c,,where  /Q repadmin,,999682437,,,,,,,MMM,0x3e7,ppppPWBADDC03$,NT AUTHORITY\SYSTEM,,'2026-05-19T12:13:24.6134134Z',<Provider Name='Microsoft-Windows-Security-Auditing' Guid='{54849625-5478-4994-a5ba-3e3b0328c30d}'/><EventID>4688</EventID><Version>2</Version><Level>0</Level><Task>13312</Task><Opcode>0</Opcode><Keywords>0x8020000000000000</Keywords><TimeCreated SystemTime='2026-05-19T12:13:24.6134134Z'/><EventRecordID>999682437</EventRecordID><Correlation/><Execution ProcessID='4' ThreadID='4208'/><Channel>Security</Channel><Computer>ppppPWBADDC03.mmm.hhh.ggg</Computer><Security/>,-,0x0,,,-,NULL SID,,,-,,-,13312,'4208',%%1936,%%1936,1936.0,,,,,2,,,,,2026-05-19T08:13:24.613-0400,allowed,win:unknown,,,,,ppppPWBADDC03.mmm.hhh.ggg,,ppppPWBADDC03.mmm.hhh.ggg,ppppPWBADDC03,999682437,endpoint_services_processes windows_endpoint_processes windows_event_signature windows_process_new wineventlog_security wineventlog_windows winsec,,,ppppPWBADDC03,999682437,occs-sss-windows,1,A new process has been created,C:\Windows\System32\where.exe,0x2ff4,where.exe,,,,,,,C:\Windows\System32\cmd.exe,0x1f3c,cmd.exe,C:\Windows\System32\cmd.exe,C:\Windows\System32\where.exe /Q repadmin,/Q repadmin,where,where.exe,0x2ff4,where.exe,C:\Windows\System32\where.exe,Windows,<_='://../////'><><_='---'_='{----}'/><></><></><>,,,,,,,,0x3e7,,,A new process has been created,4688,XmlWinEventLog:Security,XmlWinEventLog,bbbbbsplunkes03,,,MMM,,ppppPWBADDC03$,,success,A new process has been created,failure,,,"execute
os
process
report
security
start
track_event_signatures
windows",,,,"execute
os
process
report
security
start
track_event_signatures
windows",,,ppppPWBADDC03$,-,,,,,Microsoft,,Microsoft Windows
,,,,,MMM,,,ppppPWBADDC03$,,,Security,,,,,,where  /Q repadmin,ppppPWBADDC03.mmm.hhh.ggg,,,,-,4688,<Data Name='SubjectUserSid'>NT AUTHORITY\SYSTEM</Data><Data Name='SubjectUserName'>ppppPWBADDC03$</Data><Data Name='SubjectDomainName'>MMM</Data><Data Name='SubjectLogonId'>0x3e7</Data><Data Name='NewProcessId'>0x17c4</Data><Data Name='NewProcessName'>C:\Windows\System32\where.exe</Data><Data Name='TokenElevationType'>%%1936</Data><Data Name='ProcessId'>0x2710</Data><Data Name='CommandLine'>where  /Q repadmin </Data><Data Name='TargetUserSid'>NULL SID</Data><Data Name='TargetUserName'>-</Data><Data Name='TargetDomainName'>-</Data><Data Name='TargetLogonId'>0x0</Data><Data Name='ParentProcessName'>C:\Windows\System32\cmd.exe</Data><Data Name='MandatoryLabel'>Mandatory Label\System Mandatory Level</Data>,4688.0,999675444,,,,,,,,,,,0x8020000000000000,0,,,,0x3e7,,Mandatory Label\System Mandatory Level,,,,,'Microsoft-Windows-Security-Auditing',0x17c4,C:\Windows\System32\where.exe,,,,,,0,C:\Windows\System32\cmd.exe,,,,'4',0x2710,,where  /Q repadmin,,999675444,,,,,,,MMM,0x3e7,ppppPWBADDC03$,NT AUTHORITY\SYSTEM,,'2026-05-19T12:08:21.2684671Z',<Provider Name='Microsoft-Windows-Security-Auditing' Guid='{54849625-5478-4994-a5ba-3e3b0328c30d}'/><EventID>4688</EventID><Version>2</Version><Level>0</Level><Task>13312</Task><Opcode>0</Opcode><Keywords>0x8020000000000000</Keywords><TimeCreated SystemTime='2026-05-19T12:08:21.2684671Z'/><EventRecordID>999675444</EventRecordID><Correlation/><Execution ProcessID='4' ThreadID='17340'/><Channel>Security</Channel><Computer>ppppPWBADDC03.mmm.hhh.ggg</Computer><Security/>,-,0x0,,,-,NULL SID,,,-,,-,13312,'17340',%%1936,%%1936,1936.0,,,,,2,,,,,2026-05-19T08:08:21.268-0400,allowed,win:unknown,,,,,ppppPWBADDC03.mmm.hhh.ggg,,ppppPWBADDC03.mmm.hhh.ggg,ppppPWBADDC03,999675444,endpoint_services_processes windows_endpoint_processes windows_event_signature windows_process_new wineventlog_security wineventlog_windows winsec,,,ppppPWBADDC03,999675444,occs-sss-windows,1,A new process has been created,C:\Windows\System32\where.exe,0x17c4,where.exe,,,,,,,C:\Windows\System32\cmd.exe,0x2710,cmd.exe,C:\Windows\System32\cmd.exe,C:\Windows\System32\where.exe /Q repadmin,/Q repadmin,where,where.exe,0x17c4,where.exe,C:\Windows\System32\where.exe,Windows,<_='://../////'><><_='---'_='{----}'/><></><></><>,,,,,,,,0x3e7,,,A new process has been created,4688,XmlWinEventLog:Security,XmlWinEventLog,bbbbbsplunkes03,,,MMM,,ppppPWBADDC03$,,success,A new process has been created,failure,,,"execute
os
process
report
security
start
track_event_signatures
windows",,,,"execute
os
process
report
security
start
track_event_signatures
windows",,,ppppPWBADDC03$,-,,,,,Microsoft,,Microsoft Windows
,,,,,MMM,,,ppppPWBADDC03$,,,Security,,,,,,where  /Q repadmin,ppppPWBADDC03.mmm.hhh.ggg,,,,-,4688,<Data Name='SubjectUserSid'>NT AUTHORITY\SYSTEM</Data><Data Name='SubjectUserName'>ppppPWBADDC03$</Data><Data Name='SubjectDomainName'>MMM</Data><Data Name='SubjectLogonId'>0x3e7</Data><Data Name='NewProcessId'>0x1258</Data><Data Name='NewProcessName'>C:\Windows\System32\where.exe</Data><Data Name='TokenElevationType'>%%1936</Data><Data Name='ProcessId'>0x4108</Data><Data Name='CommandLine'>where  /Q repadmin </Data><Data Name='TargetUserSid'>NULL SID</Data><Data Name='TargetUserName'>-</Data><Data Name='TargetDomainName'>-</Data><Data Name='TargetLogonId'>0x0</Data><Data Name='ParentProcessName'>C:\Windows\System32\cmd.exe</Data><Data Name='MandatoryLabel'>Mandatory Label\System Mandatory Level</Data>,4688.0,999669807,,,,,,,,,,,0x8020000000000000,0,,,,0x3e7,,Mandatory Label\System Mandatory Level,,,,,'Microsoft-Windows-Security-Auditing',0x1258,C:\Windows\System32\where.exe,,,,,,0,C:\Windows\System32\cmd.exe,,,,'4',0x4108,,where  /Q repadmin,,999669807,,,,,,,MMM,0x3e7,ppppPWBADDC03$,NT AUTHORITY\SYSTEM,,'2026-05-19T12:03:18.6150842Z',<Provider Name='Microsoft-Windows-Security-Auditing' Guid='{54849625-5478-4994-a5ba-3e3b0328c30d}'/><EventID>4688</EventID><Version>2</Version><Level>0</Level><Task>13312</Task><Opcode>0</Opcode><Keywords>0x8020000000000000</Keywords><TimeCreated SystemTime='2026-05-19T12:03:18.6150842Z'/><EventRecordID>999669807</EventRecordID><Correlation/><Execution ProcessID='4' ThreadID='8388'/><Channel>Security</Channel><Computer>ppppPWBADDC03.mmm.hhh.ggg</Computer><Security/>,-,0x0,,,-,NULL SID,,,-,,-,13312,'8388',%%1936,%%1936,1936.0,,,,,2,,,,,2026-05-19T08:03:18.615-0400,allowed,win:unknown,,,,,ppppPWBADDC03.mmm.hhh.ggg,,ppppPWBADDC03.mmm.hhh.ggg,ppppPWBADDC03,999669807,endpoint_services_processes windows_endpoint_processes windows_event_signature windows_process_new wineventlog_security wineventlog_windows winsec,,,ppppPWBADDC03,999669807,occs-sss-windows,1,A new process has been created,C:\Windows\System32\where.exe,0x1258,where.exe,,,,,,,C:\Windows\System32\cmd.exe,0x4108,cmd.exe,C:\Windows\System32\cmd.exe,C:\Windows\System32\where.exe /Q repadmin,/Q repadmin,where,where.exe,0x1258,where.exe,C:\Windows\System32\where.exe,Windows,<_='://../////'><><_='---'_='{----}'/><></><></><>,,,,,,,,0x3e7,,,A new process has been created,4688,XmlWinEventLog:Security,XmlWinEventLog,bbbbbsplunkes03,,,MMM,,ppppPWBADDC03$,,success,A new process has been created,failure,,,"execute
os
process
report
security
start
track_event_signatures
windows",,,,"execute
os
process
report
security
start
track_event_signatures
windows",,,ppppPWBADDC03$,-,,,,,Microsoft,,Microsoft Windows
,,,,,MMM,,,ppppPWBADDC03$,,,Security,,,,,,where  /Q repadmin,ppppPWBADDC03.mmm.hhh.ggg,,,,-,4688,<Data Name='SubjectUserSid'>NT AUTHORITY\SYSTEM</Data><Data Name='SubjectUserName'>ppppPWBADDC03$</Data><Data Name='SubjectDomainName'>MMM</Data><Data Name='SubjectLogonId'>0x3e7</Data><Data Name='NewProcessId'>0x111c</Data><Data Name='NewProcessName'>C:\Windows\System32\where.exe</Data><Data Name='TokenElevationType'>%%1936</Data><Data Name='ProcessId'>0x387c</Data><Data Name='CommandLine'>where  /Q repadmin </Data><Data Name='TargetUserSid'>NULL SID</Data><Data Name='TargetUserName'>-</Data><Data Name='TargetDomainName'>-</Data><Data Name='TargetLogonId'>0x0</Data><Data Name='ParentProcessName'>C:\Windows\System32\cmd.exe</Data><Data Name='MandatoryLabel'>Mandatory Label\System Mandatory Level</Data>,4688.0,999663637,,,,,,,,,,,0x8020000000000000,0,,,,0x3e7,,Mandatory Label\System Mandatory Level,,,,,'Microsoft-Windows-Security-Auditing',0x111c,C:\Windows\System32\where.exe,,,,,,0,C:\Windows\System32\cmd.exe,,,,'4',0x387c,,where  /Q repadmin,,999663637,,,,,,,MMM,0x3e7,ppppPWBADDC03$,NT AUTHORITY\SYSTEM,,'2026-05-19T11:58:15.9570653Z',<Provider Name='Microsoft-Windows-Security-Auditing' Guid='{54849625-5478-4994-a5ba-3e3b0328c30d}'/><EventID>4688</EventID><Version>2</Version><Level>0</Level><Task>13312</Task><Opcode>0</Opcode><Keywords>0x8020000000000000</Keywords><TimeCreated SystemTime='2026-05-19T11:58:15.9570653Z'/><EventRecordID>999663637</EventRecordID><Correlation/><Execution ProcessID='4' ThreadID='14804'/><Channel>Security</Channel><Computer>ppppPWBADDC03.mmm.hhh.ggg</Computer><Security/>,-,0x0,,,-,NULL SID,,,-,,-,13312,'14804',%%1936,%%1936,1936.0,,,,,2,,,,,2026-05-19T07:58:15.957-0400,allowed,win:unknown,,,,,ppppPWBADDC03.mmm.hhh.ggg,,ppppPWBADDC03.mmm.hhh.ggg,ppppPWBADDC03,999663637,endpoint_services_processes windows_endpoint_processes windows_event_signature windows_process_new wineventlog_security wineventlog_windows winsec,,,ppppPWBADDC03,999663637,occs-sss-windows,1,A new process has been created,C:\Windows\System32\where.exe,0x111c,where.exe,,,,,,,C:\Windows\System32\cmd.exe,0x387c,cmd.exe,C:\Windows\System32\cmd.exe,C:\Windows\System32\where.exe /Q repadmin,/Q repadmin,where,where.exe,0x111c,where.exe,C:\Windows\System32\where.exe,Windows,<_='://../////'><><_='---'_='{----}'/><></><></><>,,,,,,,,0x3e7,,,A new process has been created,4688,XmlWinEventLog:Security,XmlWinEventLog,bbbbbsplunkes03,,,MMM,,ppppPWBADDC03$,,success,A new process has been created,failure,,,"execute
os
process
report
security
start
track_event_signatures
windows",,,,"execute
os
process
report
security
start
track_event_signatures
windows",,,ppppPWBADDC03$,-,,,,,Microsoft,,Microsoft Windows
,,,,,MMM,,,ppppPWBADDC03$,,,Security,,,,,,where  /Q repadmin,ppppPWBADDC03.mmm.hhh.ggg,,,,-,4688,<Data Name='SubjectUserSid'>NT AUTHORITY\SYSTEM</Data><Data Name='SubjectUserName'>ppppPWBADDC03$</Data><Data Name='SubjectDomainName'>MMM</Data><Data Name='SubjectLogonId'>0x3e7</Data><Data Name='NewProcessId'>0x4274</Data><Data Name='NewProcessName'>C:\Windows\System32\where.exe</Data><Data Name='TokenElevationType'>%%1936</Data><Data Name='ProcessId'>0x13e4</Data><Data Name='CommandLine'>where  /Q repadmin </Data><Data Name='TargetUserSid'>NULL SID</Data><Data Name='TargetUserName'>-</Data><Data Name='TargetDomainName'>-</Data><Data Name='TargetLogonId'>0x0</Data><Data Name='ParentProcessName'>C:\Windows\System32\cmd.exe</Data><Data Name='MandatoryLabel'>Mandatory Label\System Mandatory Level</Data>,4688.0,999658310,,,,,,,,,,,0x8020000000000000,0,,,,0x3e7,,Mandatory Label\System Mandatory Level,,,,,'Microsoft-Windows-Security-Auditing',0x4274,C:\Windows\System32\where.exe,,,,,,0,C:\Windows\System32\cmd.exe,,,,'4',0x13e4,,where  /Q repadmin,,999658310,,,,,,,MMM,0x3e7,ppppPWBADDC03$,NT AUTHORITY\SYSTEM,,'2026-05-19T11:53:13.2620489Z',<Provider Name='Microsoft-Windows-Security-Auditing' Guid='{54849625-5478-4994-a5ba-3e3b0328c30d}'/><EventID>4688</EventID><Version>2</Version><Level>0</Level><Task>13312</Task><Opcode>0</Opcode><Keywords>0x8020000000000000</Keywords><TimeCreated SystemTime='2026-05-19T11:53:13.2620489Z'/><EventRecordID>999658310</EventRecordID><Correlation/><Execution ProcessID='4' ThreadID='15596'/><Channel>Security</Channel><Computer>ppppPWBADDC03.mmm.hhh.ggg</Computer><Security/>,-,0x0,,,-,NULL SID,,,-,,-,13312,'15596',%%1936,%%1936,1936.0,,,,,2,,,,,2026-05-19T07:53:13.262-0400,allowed,win:unknown,,,,,ppppPWBADDC03.mmm.hhh.ggg,,ppppPWBADDC03.mmm.hhh.ggg,ppppPWBADDC03,999658310,endpoint_services_processes windows_endpoint_processes windows_event_signature windows_process_new wineventlog_security wineventlog_windows winsec,,,ppppPWBADDC03,999658310,occs-sss-windows,1,A new process has been created,C:\Windows\System32\where.exe,0x4274,where.exe,,,,,,,C:\Windows\System32\cmd.exe,0x13e4,cmd.exe,C:\Windows\System32\cmd.exe,C:\Windows\System32\where.exe /Q repadmin,/Q repadmin,where,where.exe,0x4274,where.exe,C:\Windows\System32\where.exe,Windows,<_='://../////'><><_='---'_='{----}'/><></><></><>,,,,,,,,0x3e7,,,A new process has been created,4688,XmlWinEventLog:Security,XmlWinEventLog,bbbbbsplunkes03,,,MMM,,ppppPWBADDC03$,,success,A new process has been created,failure,,,"execute
os
process
report
security
start
track_event_signatures
windows",,,,"execute
os
process
report
security
start
track_event_signatures
windows",,,ppppPWBADDC03$,-,,,,,Microsoft,,Microsoft Windows
,,,,,MMM,,,ppppPWBADDC03$,,,Security,,,,,,where  /Q repadmin,ppppPWBADDC03.mmm.hhh.ggg,,,,-,4688,<Data Name='SubjectUserSid'>NT AUTHORITY\SYSTEM</Data><Data Name='SubjectUserName'>ppppPWBADDC03$</Data><Data Name='SubjectDomainName'>MMM</Data><Data Name='SubjectLogonId'>0x3e7</Data><Data Name='NewProcessId'>0x880</Data><Data Name='NewProcessName'>C:\Windows\System32\where.exe</Data><Data Name='TokenElevationType'>%%1936</Data><Data Name='ProcessId'>0x27f8</Data><Data Name='CommandLine'>where  /Q repadmin </Data><Data Name='TargetUserSid'>NULL SID</Data><Data Name='TargetUserName'>-</Data><Data Name='TargetDomainName'>-</Data><Data Name='TargetLogonId'>0x0</Data><Data Name='ParentProcessName'>C:\Windows\System32\cmd.exe</Data><Data Name='MandatoryLabel'>Mandatory Label\System Mandatory Level</Data>,4688.0,999652093,,,,,,,,,,,0x8020000000000000,0,,,,0x3e7,,Mandatory Label\System Mandatory Level,,,,,'Microsoft-Windows-Security-Auditing',0x880,C:\Windows\System32\where.exe,,,,,,0,C:\Windows\System32\cmd.exe,,,,'4',0x27f8,,where  /Q repadmin,,999652093,,,,,,,MMM,0x3e7,ppppPWBADDC03$,NT AUTHORITY\SYSTEM,,'2026-05-19T11:48:09.8608038Z',<Provider Name='Microsoft-Windows-Security-Auditing' Guid='{54849625-5478-4994-a5ba-3e3b0328c30d}'/><EventID>4688</EventID><Version>2</Version><Level>0</Level><Task>13312</Task><Opcode>0</Opcode><Keywords>0x8020000000000000</Keywords><TimeCreated SystemTime='2026-05-19T11:48:09.8608038Z'/><EventRecordID>999652093</EventRecordID><Correlation/><Execution ProcessID='4' ThreadID='10416'/><Channel>Security</Channel><Computer>ppppPWBADDC03.mmm.hhh.ggg</Computer><Security/>,-,0x0,,,-,NULL SID,,,-,,-,13312,'10416',%%1936,%%1936,1936.0,,,,,2,,,,,2026-05-19T07:48:09.860-0400,allowed,win:unknown,,,,,ppppPWBADDC03.mmm.hhh.ggg,,ppppPWBADDC03.mmm.hhh.ggg,ppppPWBADDC03,999652093,endpoint_services_processes windows_endpoint_processes windows_event_signature windows_process_new wineventlog_security wineventlog_windows winsec,,,ppppPWBADDC03,999652093,occs-sss-windows,1,A new process has been created,C:\Windows\System32\where.exe,0x880,where.exe,,,,,,,C:\Windows\System32\cmd.exe,0x27f8,cmd.exe,C:\Windows\System32\cmd.exe,C:\Windows\System32\where.exe /Q repadmin,/Q repadmin,where,where.exe,0x880,where.exe,C:\Windows\System32\where.exe,Windows,<_='://../////'><><_='---'_='{----}'/><></><></><>,,,,,,,,0x3e7,,,A new process has been created,4688,XmlWinEventLog:Security,XmlWinEventLog,bbbbbsplunkes03,,,MMM,,ppppPWBADDC03$,,success,A new process has been created,failure,,,"execute
os
process
report
security
start
track_event_signatures
windows",,,,"execute
os
process
report
security
start
track_event_signatures
windows",,,ppppPWBADDC03$,-,,,,,Microsoft,,Microsoft Windows
,,,,,MMM,,,ppppPWBADDC03$,,,Security,,,,,,where  /Q repadmin,ppppPWBADDC03.mmm.hhh.ggg,,,,-,4688,<Data Name='SubjectUserSid'>NT AUTHORITY\SYSTEM</Data><Data Name='SubjectUserName'>ppppPWBADDC03$</Data><Data Name='SubjectDomainName'>MMM</Data><Data Name='SubjectLogonId'>0x3e7</Data><Data Name='NewProcessId'>0x2050</Data><Data Name='NewProcessName'>C:\Windows\System32\where.exe</Data><Data Name='TokenElevationType'>%%1936</Data><Data Name='ProcessId'>0x3cc4</Data><Data Name='CommandLine'>where  /Q repadmin </Data><Data Name='TargetUserSid'>NULL SID</Data><Data Name='TargetUserName'>-</Data><Data Name='TargetDomainName'>-</Data><Data Name='TargetLogonId'>0x0</Data><Data Name='ParentProcessName'>C:\Windows\System32\cmd.exe</Data><Data Name='MandatoryLabel'>Mandatory Label\System Mandatory Level</Data>,4688.0,999647355,,,,,,,,,,,0x8020000000000000,0,,,,0x3e7,,Mandatory Label\System Mandatory Level,,,,,'Microsoft-Windows-Security-Auditing',0x2050,C:\Windows\System32\where.exe,,,,,,0,C:\Windows\System32\cmd.exe,,,,'4',0x3cc4,,where  /Q repadmin,,999647355,,,,,,,MMM,0x3e7,ppppPWBADDC03$,NT AUTHORITY\SYSTEM,,'2026-05-19T11:43:07.1218952Z',<Provider Name='Microsoft-Windows-Security-Auditing' Guid='{54849625-5478-4994-a5ba-3e3b0328c30d}'/><EventID>4688</EventID><Version>2</Version><Level>0</Level><Task>13312</Task><Opcode>0</Opcode><Keywords>0x8020000000000000</Keywords><TimeCreated SystemTime='2026-05-19T11:43:07.1218952Z'/><EventRecordID>999647355</EventRecordID><Correlation/><Execution ProcessID='4' ThreadID='10416'/><Channel>Security</Channel><Computer>ppppPWBADDC03.mmm.hhh.ggg</Computer><Security/>,-,0x0,,,-,NULL SID,,,-,,-,13312,'10416',%%1936,%%1936,1936.0,,,,,2,,,,,2026-05-19T07:43:07.121-0400,allowed,win:unknown,,,,,ppppPWBADDC03.mmm.hhh.ggg,,ppppPWBADDC03.mmm.hhh.ggg,ppppPWBADDC03,999647355,endpoint_services_processes windows_endpoint_processes windows_event_signature windows_process_new wineventlog_security wineventlog_windows winsec,,,ppppPWBADDC03,999647355,occs-sss-windows,1,A new process has been created,C:\Windows\System32\where.exe,0x2050,where.exe,,,,,,,C:\Windows\System32\cmd.exe,0x3cc4,cmd.exe,C:\Windows\System32\cmd.exe,C:\Windows\System32\where.exe /Q repadmin,/Q repadmin,where,where.exe,0x2050,where.exe,C:\Windows\System32\where.exe,Windows,<_='://../////'><><_='---'_='{----}'/><></><></><>,,,,,,,,0x3e7,,,A new process has been created,4688,XmlWinEventLog:Security,XmlWinEventLog,bbbbbsplunkes03,,,MMM,,ppppPWBADDC03$,,success,A new process has been created,failure,,,"execute
os
process
report
security
start
track_event_signatures
windows",,,,"execute
os
process
report
security
start
track_event_signatures
windows",,,ppppPWBADDC03$,-,,,,,Microsoft,,Microsoft Windows
,,,,,MMM,,,ppppPWBADDC03$,,,Security,,,,,,where  /Q repadmin,ppppPWBADDC03.mmm.hhh.ggg,,,,-,4688,<Data Name='SubjectUserSid'>NT AUTHORITY\SYSTEM</Data><Data Name='SubjectUserName'>ppppPWBADDC03$</Data><Data Name='SubjectDomainName'>MMM</Data><Data Name='SubjectLogonId'>0x3e7</Data><Data Name='NewProcessId'>0x2c98</Data><Data Name='NewProcessName'>C:\Windows\System32\where.exe</Data><Data Name='TokenElevationType'>%%1936</Data><Data Name='ProcessId'>0x216c</Data><Data Name='CommandLine'>where  /Q repadmin </Data><Data Name='TargetUserSid'>NULL SID</Data><Data Name='TargetUserName'>-</Data><Data Name='TargetDomainName'>-</Data><Data Name='TargetLogonId'>0x0</Data><Data Name='ParentProcessName'>C:\Windows\System32\cmd.exe</Data><Data Name='MandatoryLabel'>Mandatory Label\System Mandatory Level</Data>,4688.0,999641804,,,,,,,,,,,0x8020000000000000,0,,,,0x3e7,,Mandatory Label\System Mandatory Level,,,,,'Microsoft-Windows-Security-Auditing',0x2c98,C:\Windows\System32\where.exe,,,,,,0,C:\Windows\System32\cmd.exe,,,,'4',0x216c,,where  /Q repadmin,,999641804,,,,,,,MMM,0x3e7,ppppPWBADDC03$,NT AUTHORITY\SYSTEM,,'2026-05-19T11:38:04.4389400Z',<Provider Name='Microsoft-Windows-Security-Auditing' Guid='{54849625-5478-4994-a5ba-3e3b0328c30d}'/><EventID>4688</EventID><Version>2</Version><Level>0</Level><Task>13312</Task><Opcode>0</Opcode><Keywords>0x8020000000000000</Keywords><TimeCreated SystemTime='2026-05-19T11:38:04.4389400Z'/><EventRecordID>999641804</EventRecordID><Correlation/><Execution ProcessID='4' ThreadID='15064'/><Channel>Security</Channel><Computer>ppppPWBADDC03.mmm.hhh.ggg</Computer><Security/>,-,0x0,,,-,NULL SID,,,-,,-,13312,'15064',%%1936,%%1936,1936.0,,,,,2,,,,,2026-05-19T07:38:04.438-0400,allowed,win:unknown,,,,,ppppPWBADDC03.mmm.hhh.ggg,,ppppPWBADDC03.mmm.hhh.ggg,ppppPWBADDC03,999641804,endpoint_services_processes windows_endpoint_processes windows_event_signature windows_process_new wineventlog_security wineventlog_windows winsec,,,ppppPWBADDC03,999641804,occs-sss-windows,1,A new process has been created,C:\Windows\System32\where.exe,0x2c98,where.exe,,,,,,,C:\Windows\System32\cmd.exe,0x216c,cmd.exe,C:\Windows\System32\cmd.exe,C:\Windows\System32\where.exe /Q repadmin,/Q repadmin,where,where.exe,0x2c98,where.exe,C:\Windows\System32\where.exe,Windows,<_='://../////'><><_='---'_='{----}'/><></><></><>,,,,,,,,0x3e7,,,A new process has been created,4688,XmlWinEventLog:Security,XmlWinEventLog,bbbbbsplunkes02,,,MMM,,ppppPWBADDC03$,,success,A new process has been created,failure,,,"execute
os
process
report
security
start
track_event_signatures
windows",,,,"execute
os
process
report
security
start
track_event_signatures
windows",,,ppppPWBADDC03$,-,,,,,Microsoft,,Microsoft Windows
,,,,,MMM,,,ppppPWBADDC03$,,,Security,,,,,,where  /Q repadmin,ppppPWBADDC03.mmm.hhh.ggg,,,,-,4688,<Data Name='SubjectUserSid'>NT AUTHORITY\SYSTEM</Data><Data Name='SubjectUserName'>ppppPWBADDC03$</Data><Data Name='SubjectDomainName'>MMM</Data><Data Name='SubjectLogonId'>0x3e7</Data><Data Name='NewProcessId'>0x2054</Data><Data Name='NewProcessName'>C:\Windows\System32\where.exe</Data><Data Name='TokenElevationType'>%%1936</Data><Data Name='ProcessId'>0x402c</Data><Data Name='CommandLine'>where  /Q repadmin </Data><Data Name='TargetUserSid'>NULL SID</Data><Data Name='TargetUserName'>-</Data><Data Name='TargetDomainName'>-</Data><Data Name='TargetLogonId'>0x0</Data><Data Name='ParentProcessName'>C:\Windows\System32\cmd.exe</Data><Data Name='MandatoryLabel'>Mandatory Label\System Mandatory Level</Data>,4688.0,999634779,,,,,,,,,,,0x8020000000000000,0,,,,0x3e7,,Mandatory Label\System Mandatory Level,,,,,'Microsoft-Windows-Security-Auditing',0x2054,C:\Windows\System32\where.exe,,,,,,0,C:\Windows\System32\cmd.exe,,,,'4',0x402c,,where  /Q repadmin,,999634779,,,,,,,MMM,0x3e7,ppppPWBADDC03$,NT AUTHORITY\SYSTEM,,'2026-05-19T11:33:01.7929031Z',<Provider Name='Microsoft-Windows-Security-Auditing' Guid='{54849625-5478-4994-a5ba-3e3b0328c30d}'/><EventID>4688</EventID><Version>2</Version><Level>0</Level><Task>13312</Task><Opcode>0</Opcode><Keywords>0x8020000000000000</Keywords><TimeCreated SystemTime='2026-05-19T11:33:01.7929031Z'/><EventRecordID>999634779</EventRecordID><Correlation/><Execution ProcessID='4' ThreadID='14908'/><Channel>Security</Channel><Computer>ppppPWBADDC03.mmm.hhh.ggg</Computer><Security/>,-,0x0,,,-,NULL SID,,,-,,-,13312,'14908',%%1936,%%1936,1936.0,,,,,2,,,,,2026-05-19T07:33:01.792-0400,allowed,win:unknown,,,,,ppppPWBADDC03.mmm.hhh.ggg,,ppppPWBADDC03.mmm.hhh.ggg,ppppPWBADDC03,999634779,endpoint_services_processes windows_endpoint_processes windows_event_signature windows_process_new wineventlog_security wineventlog_windows winsec,,,ppppPWBADDC03,999634779,occs-sss-windows,1,A new process has been created,C:\Windows\System32\where.exe,0x2054,where.exe,,,,,,,C:\Windows\System32\cmd.exe,0x402c,cmd.exe,C:\Windows\System32\cmd.exe,C:\Windows\System32\where.exe /Q repadmin,/Q repadmin,where,where.exe,0x2054,where.exe,C:\Windows\System32\where.exe,Windows,<_='://../////'><><_='---'_='{----}'/><></><></><>,,,,,,,,0x3e7,,,A new process has been created,4688,XmlWinEventLog:Security,XmlWinEventLog,bbbbbsplunkes02,,,MMM,,ppppPWBADDC03$,,success,A new process has been created,failure,,,"execute
os
process
report
security
start
track_event_signatures
windows",,,,"execute
os
process
report
security
start
track_event_signatures
windows",,,ppppPWBADDC03$,-,,,,,Microsoft,,Microsoft Windows
,,,,,MMM,,,ppppPWBADDC03$,,,Security,,,,,,where  /Q repadmin,ppppPWBADDC03.mmm.hhh.ggg,,,,-,4688,<Data Name='SubjectUserSid'>NT AUTHORITY\SYSTEM</Data><Data Name='SubjectUserName'>ppppPWBADDC03$</Data><Data Name='SubjectDomainName'>MMM</Data><Data Name='SubjectLogonId'>0x3e7</Data><Data Name='NewProcessId'>0xf30</Data><Data Name='NewProcessName'>C:\Windows\System32\where.exe</Data><Data Name='TokenElevationType'>%%1936</Data><Data Name='ProcessId'>0x379c</Data><Data Name='CommandLine'>where  /Q repadmin </Data><Data Name='TargetUserSid'>NULL SID</Data><Data Name='TargetUserName'>-</Data><Data Name='TargetDomainName'>-</Data><Data Name='TargetLogonId'>0x0</Data><Data Name='ParentProcessName'>C:\Windows\System32\cmd.exe</Data><Data Name='MandatoryLabel'>Mandatory Label\System Mandatory Level</Data>,4688.0,999629205,,,,,,,,,,,0x8020000000000000,0,,,,0x3e7,,Mandatory Label\System Mandatory Level,,,,,'Microsoft-Windows-Security-Auditing',0xf30,C:\Windows\System32\where.exe,,,,,,0,C:\Windows\System32\cmd.exe,,,,'4',0x379c,,where  /Q repadmin,,999629205,,,,,,,MMM,0x3e7,ppppPWBADDC03$,NT AUTHORITY\SYSTEM,,'2026-05-19T11:27:58.3266820Z',<Provider Name='Microsoft-Windows-Security-Auditing' Guid='{54849625-5478-4994-a5ba-3e3b0328c30d}'/><EventID>4688</EventID><Version>2</Version><Level>0</Level><Task>13312</Task><Opcode>0</Opcode><Keywords>0x8020000000000000</Keywords><TimeCreated SystemTime='2026-05-19T11:27:58.3266820Z'/><EventRecordID>999629205</EventRecordID><Correlation/><Execution ProcessID='4' ThreadID='9832'/><Channel>Security</Channel><Computer>ppppPWBADDC03.mmm.hhh.ggg</Computer><Security/>,-,0x0,,,-,NULL SID,,,-,,-,13312,'9832',%%1936,%%1936,1936.0,,,,,2,,,,,2026-05-19T07:27:58.326-0400,allowed,win:unknown,,,,,ppppPWBADDC03.mmm.hhh.ggg,,ppppPWBADDC03.mmm.hhh.ggg,ppppPWBADDC03,999629205,endpoint_services_processes windows_endpoint_processes windows_event_signature windows_process_new wineventlog_security wineventlog_windows winsec,,,ppppPWBADDC03,999629205,occs-sss-windows,1,A new process has been created,C:\Windows\System32\where.exe,0xf30,where.exe,,,,,,,C:\Windows\System32\cmd.exe,0x379c,cmd.exe,C:\Windows\System32\cmd.exe,C:\Windows\System32\where.exe /Q repadmin,/Q repadmin,where,where.exe,0xf30,where.exe,C:\Windows\System32\where.exe,Windows,<_='://../////'><><_='---'_='{----}'/><></><></><>,,,,,,,,0x3e7,,,A new process has been created,4688,XmlWinEventLog:Security,XmlWinEventLog,bbbbbsplunkes03,,,MMM,,ppppPWBADDC03$,,success,A new process has been created,failure,,,"execute
os
process
report
security
start
track_event_signatures
windows",,,,"execute
os
process
report
security
start
track_event_signatures
windows",,,ppppPWBADDC03$,-,,,,,Microsoft,,Microsoft Windows
,,,,,MMM,,,ppppPWBADDC03$,,,Security,,,,,,where  /Q repadmin,ppppPWBADDC03.mmm.hhh.ggg,,,,-,4688,<Data Name='SubjectUserSid'>NT AUTHORITY\SYSTEM</Data><Data Name='SubjectUserName'>ppppPWBADDC03$</Data><Data Name='SubjectDomainName'>MMM</Data><Data Name='SubjectLogonId'>0x3e7</Data><Data Name='NewProcessId'>0x3934</Data><Data Name='NewProcessName'>C:\Windows\System32\where.exe</Data><Data Name='TokenElevationType'>%%1936</Data><Data Name='ProcessId'>0x408</Data><Data Name='CommandLine'>where  /Q repadmin </Data><Data Name='TargetUserSid'>NULL SID</Data><Data Name='TargetUserName'>-</Data><Data Name='TargetDomainName'>-</Data><Data Name='TargetLogonId'>0x0</Data><Data Name='ParentProcessName'>C:\Windows\System32\cmd.exe</Data><Data Name='MandatoryLabel'>Mandatory Label\System Mandatory Level</Data>,4688.0,999624056,,,,,,,,,,,0x8020000000000000,0,,,,0x3e7,,Mandatory Label\System Mandatory Level,,,,,'Microsoft-Windows-Security-Auditing',0x3934,C:\Windows\System32\where.exe,,,,,,0,C:\Windows\System32\cmd.exe,,,,'4',0x408,,where  /Q repadmin,,999624056,,,,,,,MMM,0x3e7,ppppPWBADDC03$,NT AUTHORITY\SYSTEM,,'2026-05-19T11:22:55.6563807Z',<Provider Name='Microsoft-Windows-Security-Auditing' Guid='{54849625-5478-4994-a5ba-3e3b0328c30d}'/><EventID>4688</EventID><Version>2</Version><Level>0</Level><Task>13312</Task><Opcode>0</Opcode><Keywords>0x8020000000000000</Keywords><TimeCreated SystemTime='2026-05-19T11:22:55.6563807Z'/><EventRecordID>999624056</EventRecordID><Correlation/><Execution ProcessID='4' ThreadID='13988'/><Channel>Security</Channel><Computer>ppppPWBADDC03.mmm.hhh.ggg</Computer><Security/>,-,0x0,,,-,NULL SID,,,-,,-,13312,'13988',%%1936,%%1936,1936.0,,,,,2,,,,,2026-05-19T07:22:55.656-0400,allowed,win:unknown,,,,,ppppPWBADDC03.mmm.hhh.ggg,,ppppPWBADDC03.mmm.hhh.ggg,ppppPWBADDC03,999624056,endpoint_services_processes windows_endpoint_processes windows_event_signature windows_process_new wineventlog_security wineventlog_windows winsec,,,ppppPWBADDC03,999624056,occs-sss-windows,1,A new process has been created,C:\Windows\System32\where.exe,0x3934,where.exe,,,,,,,C:\Windows\System32\cmd.exe,0x408,cmd.exe,C:\Windows\System32\cmd.exe,C:\Windows\System32\where.exe /Q repadmin,/Q repadmin,where,where.exe,0x3934,where.exe,C:\Windows\System32\where.exe,Windows,<_='://../////'><><_='---'_='{----}'/><></><></><>,,,,,,,,0x3e7,,,A new process has been created,4688,XmlWinEventLog:Security,XmlWinEventLog,bbbbbsplunkes01,,,MMM,,ppppPWBADDC03$,,success,A new process has been created,failure,,,"execute
os
process
report
security
start
track_event_signatures
windows",,,,"execute
os
process
report
security
start
track_event_signatures
windows",,,ppppPWBADDC03$,-,,,,,Microsoft,,Microsoft Windows
,,,,,MMM,,,ppppPWBADDC03$,,,Security,,,,,,where  /Q repadmin,ppppPWBADDC03.mmm.hhh.ggg,,,,-,4688,<Data Name='SubjectUserSid'>NT AUTHORITY\SYSTEM</Data><Data Name='SubjectUserName'>ppppPWBADDC03$</Data><Data Name='SubjectDomainName'>MMM</Data><Data Name='SubjectLogonId'>0x3e7</Data><Data Name='NewProcessId'>0x4130</Data><Data Name='NewProcessName'>C:\Windows\System32\where.exe</Data><Data Name='TokenElevationType'>%%1936</Data><Data Name='ProcessId'>0x3524</Data><Data Name='CommandLine'>where  /Q repadmin </Data><Data Name='TargetUserSid'>NULL SID</Data><Data Name='TargetUserName'>-</Data><Data Name='TargetDomainName'>-</Data><Data Name='TargetLogonId'>0x0</Data><Data Name='ParentProcessName'>C:\Windows\System32\cmd.exe</Data><Data Name='MandatoryLabel'>Mandatory Label\System Mandatory Level</Data>,4688.0,999618719,,,,,,,,,,,0x8020000000000000,0,,,,0x3e7,,Mandatory Label\System Mandatory Level,,,,,'Microsoft-Windows-Security-Auditing',0x4130,C:\Windows\System32\where.exe,,,,,,0,C:\Windows\System32\cmd.exe,,,,'4',0x3524,,where  /Q repadmin,,999618719,,,,,,,MMM,0x3e7,ppppPWBADDC03$,NT AUTHORITY\SYSTEM,,'2026-05-19T11:17:52.9846034Z',<Provider Name='Microsoft-Windows-Security-Auditing' Guid='{54849625-5478-4994-a5ba-3e3b0328c30d}'/><EventID>4688</EventID><Version>2</Version><Level>0</Level><Task>13312</Task><Opcode>0</Opcode><Keywords>0x8020000000000000</Keywords><TimeCreated SystemTime='2026-05-19T11:17:52.9846034Z'/><EventRecordID>999618719</EventRecordID><Correlation/><Execution ProcessID='4' ThreadID='44'/><Channel>Security</Channel><Computer>ppppPWBADDC03.mmm.hhh.ggg</Computer><Security/>,-,0x0,,,-,NULL SID,,,-,,-,13312,'44',%%1936,%%1936,1936.0,,,,,2,,,,,2026-05-19T07:17:52.984-0400,allowed,win:unknown,,,,,ppppPWBADDC03.mmm.hhh.ggg,,ppppPWBADDC03.mmm.hhh.ggg,ppppPWBADDC03,999618719,endpoint_services_processes windows_endpoint_processes windows_event_signature windows_process_new wineventlog_security wineventlog_windows winsec,,,ppppPWBADDC03,999618719,occs-sss-windows,1,A new process has been created,C:\Windows\System32\where.exe,0x4130,where.exe,,,,,,,C:\Windows\System32\cmd.exe,0x3524,cmd.exe,C:\Windows\System32\cmd.exe,C:\Windows\System32\where.exe /Q repadmin,/Q repadmin,where,where.exe,0x4130,where.exe,C:\Windows\System32\where.exe,Windows,<_='://../////'><><_='---'_='{----}'/><></><></><>,,,,,,,,0x3e7,,,A new process has been created,4688,XmlWinEventLog:Security,XmlWinEventLog,bbbbbsplunkes01,,,MMM,,ppppPWBADDC03$,,success,A new process has been created,failure,,,"execute
os
process
report
security
start
track_event_signatures
windows",,,,"execute
os
process
report
security
start
track_event_signatures
windows",,,ppppPWBADDC03$,-,,,,,Microsoft,,Microsoft Windows
,,,,,MMM,,,ppppPWBADDC03$,,,Security,,,,,,where  /Q repadmin,ppppPWBADDC03.mmm.hhh.ggg,,,,-,4688,<Data Name='SubjectUserSid'>NT AUTHORITY\SYSTEM</Data><Data Name='SubjectUserName'>ppppPWBADDC03$</Data><Data Name='SubjectDomainName'>MMM</Data><Data Name='SubjectLogonId'>0x3e7</Data><Data Name='NewProcessId'>0x2428</Data><Data Name='NewProcessName'>C:\Windows\System32\where.exe</Data><Data Name='TokenElevationType'>%%1936</Data><Data Name='ProcessId'>0x2d1c</Data><Data Name='CommandLine'>where  /Q repadmin </Data><Data Name='TargetUserSid'>NULL SID</Data><Data Name='TargetUserName'>-</Data><Data Name='TargetDomainName'>-</Data><Data Name='TargetLogonId'>0x0</Data><Data Name='ParentProcessName'>C:\Windows\System32\cmd.exe</Data><Data Name='MandatoryLabel'>Mandatory Label\System Mandatory Level</Data>,4688.0,999613342,,,,,,,,,,,0x8020000000000000,0,,,,0x3e7,,Mandatory Label\System Mandatory Level,,,,,'Microsoft-Windows-Security-Auditing',0x2428,C:\Windows\System32\where.exe,,,,,,0,C:\Windows\System32\cmd.exe,,,,'4',0x2d1c,,where  /Q repadmin,,999613342,,,,,,,MMM,0x3e7,ppppPWBADDC03$,NT AUTHORITY\SYSTEM,,'2026-05-19T11:12:50.2520901Z',<Provider Name='Microsoft-Windows-Security-Auditing' Guid='{54849625-5478-4994-a5ba-3e3b0328c30d}'/><EventID>4688</EventID><Version>2</Version><Level>0</Level><Task>13312</Task><Opcode>0</Opcode><Keywords>0x8020000000000000</Keywords><TimeCreated SystemTime='2026-05-19T11:12:50.2520901Z'/><EventRecordID>999613342</EventRecordID><Correlation/><Execution ProcessID='4' ThreadID='1072'/><Channel>Security</Channel><Computer>ppppPWBADDC03.mmm.hhh.ggg</Computer><Security/>,-,0x0,,,-,NULL SID,,,-,,-,13312,'1072',%%1936,%%1936,1936.0,,,,,2,,,,,2026-05-19T07:12:50.252-0400,allowed,win:unknown,,,,,ppppPWBADDC03.mmm.hhh.ggg,,ppppPWBADDC03.mmm.hhh.ggg,ppppPWBADDC03,999613342,endpoint_services_processes windows_endpoint_processes windows_event_signature windows_process_new wineventlog_security wineventlog_windows winsec,,,ppppPWBADDC03,999613342,occs-sss-windows,1,A new process has been created,C:\Windows\System32\where.exe,0x2428,where.exe,,,,,,,C:\Windows\System32\cmd.exe,0x2d1c,cmd.exe,C:\Windows\System32\cmd.exe,C:\Windows\System32\where.exe /Q repadmin,/Q repadmin,where,where.exe,0x2428,where.exe,C:\Windows\System32\where.exe,Windows,<_='://../////'><><_='---'_='{----}'/><></><></><>,,,,,,,,0x3e7,,,A new process has been created,4688,XmlWinEventLog:Security,XmlWinEventLog,bbbbbsplunkes03,,,MMM,,ppppPWBADDC03$,,success,A new process has been created,failure,,,"execute
os
process
report
security
start
track_event_signatures
windows",,,,"execute
os
process
report
security
start
track_event_signatures
windows",,,ppppPWBADDC03$,-,,,,,Microsoft,,Microsoft Windows
,,,,,MMM,,,ppppPWBADDC03$,,,Security,,,,,,where  /Q repadmin,ppppPWBADDC03.mmm.hhh.ggg,,,,-,4688,<Data Name='SubjectUserSid'>NT AUTHORITY\SYSTEM</Data><Data Name='SubjectUserName'>ppppPWBADDC03$</Data><Data Name='SubjectDomainName'>MMM</Data><Data Name='SubjectLogonId'>0x3e7</Data><Data Name='NewProcessId'>0x369c</Data><Data Name='NewProcessName'>C:\Windows\System32\where.exe</Data><Data Name='TokenElevationType'>%%1936</Data><Data Name='ProcessId'>0x170c</Data><Data Name='CommandLine'>where  /Q repadmin </Data><Data Name='TargetUserSid'>NULL SID</Data><Data Name='TargetUserName'>-</Data><Data Name='TargetDomainName'>-</Data><Data Name='TargetLogonId'>0x0</Data><Data Name='ParentProcessName'>C:\Windows\System32\cmd.exe</Data><Data Name='MandatoryLabel'>Mandatory Label\System Mandatory Level</Data>,4688.0,999607537,,,,,,,,,,,0x8020000000000000,0,,,,0x3e7,,Mandatory Label\System Mandatory Level,,,,,'Microsoft-Windows-Security-Auditing',0x369c,C:\Windows\System32\where.exe,,,,,,0,C:\Windows\System32\cmd.exe,,,,'4',0x170c,,where  /Q repadmin,,999607537,,,,,,,MMM,0x3e7,ppppPWBADDC03$,NT AUTHORITY\SYSTEM,,'2026-05-19T11:07:46.8515792Z',<Provider Name='Microsoft-Windows-Security-Auditing' Guid='{54849625-5478-4994-a5ba-3e3b0328c30d}'/><EventID>4688</EventID><Version>2</Version><Level>0</Level><Task>13312</Task><Opcode>0</Opcode><Keywords>0x8020000000000000</Keywords><TimeCreated SystemTime='2026-05-19T11:07:46.8515792Z'/><EventRecordID>999607537</EventRecordID><Correlation/><Execution ProcessID='4' ThreadID='6012'/><Channel>Security</Channel><Computer>ppppPWBADDC03.mmm.hhh.ggg</Computer><Security/>,-,0x0,,,-,NULL SID,,,-,,-,13312,'6012',%%1936,%%1936,1936.0,,,,,2,,,,,2026-05-19T07:07:46.851-0400,allowed,win:unknown,,,,,ppppPWBADDC03.mmm.hhh.ggg,,ppppPWBADDC03.mmm.hhh.ggg,ppppPWBADDC03,999607537,endpoint_services_processes windows_endpoint_processes windows_event_signature windows_process_new wineventlog_security wineventlog_windows winsec,,,ppppPWBADDC03,999607537,occs-sss-windows,1,A new process has been created,C:\Windows\System32\where.exe,0x369c,where.exe,,,,,,,C:\Windows\System32\cmd.exe,0x170c,cmd.exe,C:\Windows\System32\cmd.exe,C:\Windows\System32\where.exe /Q repadmin,/Q repadmin,where,where.exe,0x369c,where.exe,C:\Windows\System32\where.exe,Windows,<_='://../////'><><_='---'_='{----}'/><></><></><>,,,,,,,,0x3e7,,,A new process has been created,4688,XmlWinEventLog:Security,XmlWinEventLog,bbbbbsplunkes01,,,MMM,,ppppPWBADDC03$,,success,A new process has been created,failure,,,"execute
os
process
report
security
start
track_event_signatures
windows",,,,"execute
os
process
report
security
start
track_event_signatures
windows",,,ppppPWBADDC03$,-,,,,,Microsoft,,Microsoft Windows
,,,,,MMM,,,ppppPWBADDC03$,,,Security,,,,,,where  /Q repadmin,ppppPWBADDC03.mmm.hhh.ggg,,,,-,4688,<Data Name='SubjectUserSid'>NT AUTHORITY\SYSTEM</Data><Data Name='SubjectUserName'>ppppPWBADDC03$</Data><Data Name='SubjectDomainName'>MMM</Data><Data Name='SubjectLogonId'>0x3e7</Data><Data Name='NewProcessId'>0x42bc</Data><Data Name='NewProcessName'>C:\Windows\System32\where.exe</Data><Data Name='TokenElevationType'>%%1936</Data><Data Name='ProcessId'>0x3b08</Data><Data Name='CommandLine'>where  /Q repadmin </Data><Data Name='TargetUserSid'>NULL SID</Data><Data Name='TargetUserName'>-</Data><Data Name='TargetDomainName'>-</Data><Data Name='TargetLogonId'>0x0</Data><Data Name='ParentProcessName'>C:\Windows\System32\cmd.exe</Data><Data Name='MandatoryLabel'>Mandatory Label\System Mandatory Level</Data>,4688.0,999601011,,,,,,,,,,,0x8020000000000000,0,,,,0x3e7,,Mandatory Label\System Mandatory Level,,,,,'Microsoft-Windows-Security-Auditing',0x42bc,C:\Windows\System32\where.exe,,,,,,0,C:\Windows\System32\cmd.exe,,,,'4',0x3b08,,where  /Q repadmin,,999601011,,,,,,,MMM,0x3e7,ppppPWBADDC03$,NT AUTHORITY\SYSTEM,,'2026-05-19T11:02:44.1730287Z',<Provider Name='Microsoft-Windows-Security-Auditing' Guid='{54849625-5478-4994-a5ba-3e3b0328c30d}'/><EventID>4688</EventID><Version>2</Version><Level>0</Level><Task>13312</Task><Opcode>0</Opcode><Keywords>0x8020000000000000</Keywords><TimeCreated SystemTime='2026-05-19T11:02:44.1730287Z'/><EventRecordID>999601011</EventRecordID><Correlation/><Execution ProcessID='4' ThreadID='10416'/><Channel>Security</Channel><Computer>ppppPWBADDC03.mmm.hhh.ggg</Computer><Security/>,-,0x0,,,-,NULL SID,,,-,,-,13312,'10416',%%1936,%%1936,1936.0,,,,,2,,,,,2026-05-19T07:02:44.173-0400,allowed,win:unknown,,,,,ppppPWBADDC03.mmm.hhh.ggg,,ppppPWBADDC03.mmm.hhh.ggg,ppppPWBADDC03,999601011,endpoint_services_processes windows_endpoint_processes windows_event_signature windows_process_new wineventlog_security wineventlog_windows winsec,,,ppppPWBADDC03,999601011,occs-sss-windows,1,A new process has been created,C:\Windows\System32\where.exe,0x42bc,where.exe,,,,,,,C:\Windows\System32\cmd.exe,0x3b08,cmd.exe,C:\Windows\System32\cmd.exe,C:\Windows\System32\where.exe /Q repadmin,/Q repadmin,where,where.exe,0x42bc,where.exe,C:\Windows\System32\where.exe,Windows,<_='://../////'><><_='---'_='{----}'/><></><></><>,,,,,,,,0x3e7,,,A new process has been created,4688,XmlWinEventLog:Security,XmlWinEventLog,bbbbbsplunkes02,,,MMM,,ppppPWBADDC03$,,success,A new process has been created,failure,,,"execute
os
process
report
security
start
track_event_signatures
windows",,,,"execute
os
process
report
security
start
track_event_signatures
windows",,,ppppPWBADDC03$,-,,,,,Microsoft,,Microsoft Windows
,,,,,MMM,,,ppppPWBADDC03$,,,Security,,,,,,where  /Q repadmin,ppppPWBADDC03.mmm.hhh.ggg,,,,-,4688,<Data Name='SubjectUserSid'>NT AUTHORITY\SYSTEM</Data><Data Name='SubjectUserName'>ppppPWBADDC03$</Data><Data Name='SubjectDomainName'>MMM</Data><Data Name='SubjectLogonId'>0x3e7</Data><Data Name='NewProcessId'>0x2148</Data><Data Name='NewProcessName'>C:\Windows\System32\where.exe</Data><Data Name='TokenElevationType'>%%1936</Data><Data Name='ProcessId'>0x37ec</Data><Data Name='CommandLine'>where  /Q repadmin </Data><Data Name='TargetUserSid'>NULL SID</Data><Data Name='TargetUserName'>-</Data><Data Name='TargetDomainName'>-</Data><Data Name='TargetLogonId'>0x0</Data><Data Name='ParentProcessName'>C:\Windows\System32\cmd.exe</Data><Data Name='MandatoryLabel'>Mandatory Label\System Mandatory Level</Data>,4688.0,999595571,,,,,,,,,,,0x8020000000000000,0,,,,0x3e7,,Mandatory Label\System Mandatory Level,,,,,'Microsoft-Windows-Security-Auditing',0x2148,C:\Windows\System32\where.exe,,,,,,0,C:\Windows\System32\cmd.exe,,,,'4',0x37ec,,where  /Q repadmin,,999595571,,,,,,,MMM,0x3e7,ppppPWBADDC03$,NT AUTHORITY\SYSTEM,,'2026-05-19T10:57:41.4539091Z',<Provider Name='Microsoft-Windows-Security-Auditing' Guid='{54849625-5478-4994-a5ba-3e3b0328c30d}'/><EventID>4688</EventID><Version>2</Version><Level>0</Level><Task>13312</Task><Opcode>0</Opcode><Keywords>0x8020000000000000</Keywords><TimeCreated SystemTime='2026-05-19T10:57:41.4539091Z'/><EventRecordID>999595571</EventRecordID><Correlation/><Execution ProcessID='4' ThreadID='15960'/><Channel>Security</Channel><Computer>ppppPWBADDC03.mmm.hhh.ggg</Computer><Security/>,-,0x0,,,-,NULL SID,,,-,,-,13312,'15960',%%1936,%%1936,1936.0,,,,,2,,,,,2026-05-19T06:57:41.453-0400,allowed,win:unknown,,,,,ppppPWBADDC03.mmm.hhh.ggg,,ppppPWBADDC03.mmm.hhh.ggg,ppppPWBADDC03,999595571,endpoint_services_processes windows_endpoint_processes windows_event_signature windows_process_new wineventlog_security wineventlog_windows winsec,,,ppppPWBADDC03,999595571,occs-sss-windows,1,A new process has been created,C:\Windows\System32\where.exe,0x2148,where.exe,,,,,,,C:\Windows\System32\cmd.exe,0x37ec,cmd.exe,C:\Windows\System32\cmd.exe,C:\Windows\System32\where.exe /Q repadmin,/Q repadmin,where,where.exe,0x2148,where.exe,C:\Windows\System32\where.exe,Windows,<_='://../////'><><_='---'_='{----}'/><></><></><>,,,,,,,,0x3e7,,,A new process has been created,4688,XmlWinEventLog:Security,XmlWinEventLog,bbbbbsplunkes01,,,MMM,,ppppPWBADDC03$,,success,A new process has been created,failure,,,"execute
os
process
report
security
start
track_event_signatures
windows",,,,"execute
os
process
report
security
start
track_event_signatures
windows",,,ppppPWBADDC03$,-,,,,,Microsoft,,Microsoft Windows
,,,,,MMM,,,ppppPWBADDC03$,,,Security,,,,,,where  /Q repadmin,ppppPWBADDC03.mmm.hhh.ggg,,,,-,4688,<Data Name='SubjectUserSid'>NT AUTHORITY\SYSTEM</Data><Data Name='SubjectUserName'>ppppPWBADDC03$</Data><Data Name='SubjectDomainName'>MMM</Data><Data Name='SubjectLogonId'>0x3e7</Data><Data Name='NewProcessId'>0x235c</Data><Data Name='NewProcessName'>C:\Windows\System32\where.exe</Data><Data Name='TokenElevationType'>%%1936</Data><Data Name='ProcessId'>0x2da4</Data><Data Name='CommandLine'>where  /Q repadmin </Data><Data Name='TargetUserSid'>NULL SID</Data><Data Name='TargetUserName'>-</Data><Data Name='TargetDomainName'>-</Data><Data Name='TargetLogonId'>0x0</Data><Data Name='ParentProcessName'>C:\Windows\System32\cmd.exe</Data><Data Name='MandatoryLabel'>Mandatory Label\System Mandatory Level</Data>,4688.0,999590530,,,,,,,,,,,0x8020000000000000,0,,,,0x3e7,,Mandatory Label\System Mandatory Level,,,,,'Microsoft-Windows-Security-Auditing',0x235c,C:\Windows\System32\where.exe,,,,,,0,C:\Windows\System32\cmd.exe,,,,'4',0x2da4,,where  /Q repadmin,,999590530,,,,,,,MMM,0x3e7,ppppPWBADDC03$,NT AUTHORITY\SYSTEM,,'2026-05-19T10:52:38.7482119Z',<Provider Name='Microsoft-Windows-Security-Auditing' Guid='{54849625-5478-4994-a5ba-3e3b0328c30d}'/><EventID>4688</EventID><Version>2</Version><Level>0</Level><Task>13312</Task><Opcode>0</Opcode><Keywords>0x8020000000000000</Keywords><TimeCreated SystemTime='2026-05-19T10:52:38.7482119Z'/><EventRecordID>999590530</EventRecordID><Correlation/><Execution ProcessID='4' ThreadID='9832'/><Channel>Security</Channel><Computer>ppppPWBADDC03.mmm.hhh.ggg</Computer><Security/>,-,0x0,,,-,NULL SID,,,-,,-,13312,'9832',%%1936,%%1936,1936.0,,,,,2,,,,,2026-05-19T06:52:38.748-0400,allowed,win:unknown,,,,,ppppPWBADDC03.mmm.hhh.ggg,,ppppPWBADDC03.mmm.hhh.ggg,ppppPWBADDC03,999590530,endpoint_services_processes windows_endpoint_processes windows_event_signature windows_process_new wineventlog_security wineventlog_windows winsec,,,ppppPWBADDC03,999590530,occs-sss-windows,1,A new process has been created,C:\Windows\System32\where.exe,0x235c,where.exe,,,,,,,C:\Windows\System32\cmd.exe,0x2da4,cmd.exe,C:\Windows\System32\cmd.exe,C:\Windows\System32\where.exe /Q repadmin,/Q repadmin,where,where.exe,0x235c,where.exe,C:\Windows\System32\where.exe,Windows,<_='://../////'><><_='---'_='{----}'/><></><></><>,,,,,,,,0x3e7,,,A new process has been created,4688,XmlWinEventLog:Security,XmlWinEventLog,bbbbbsplunkes03,,,MMM,,ppppPWBADDC03$,,success,A new process has been created,failure,,,"execute
os
process
report
security
start
track_event_signatures
windows",,,,"execute
os
process
report
security
start
track_event_signatures
windows",,,ppppPWBADDC03$,-,,,,,Microsoft,,Microsoft Windows
,,,,,MMM,,,ppppPWBADDC03$,,,Security,,,,,,where  /Q repadmin,ppppPWBADDC03.mmm.hhh.ggg,,,,-,4688,<Data Name='SubjectUserSid'>NT AUTHORITY\SYSTEM</Data><Data Name='SubjectUserName'>ppppPWBADDC03$</Data><Data Name='SubjectDomainName'>MMM</Data><Data Name='SubjectLogonId'>0x3e7</Data><Data Name='NewProcessId'>0x4144</Data><Data Name='NewProcessName'>C:\Windows\System32\where.exe</Data><Data Name='TokenElevationType'>%%1936</Data><Data Name='ProcessId'>0x38fc</Data><Data Name='CommandLine'>where  /Q repadmin </Data><Data Name='TargetUserSid'>NULL SID</Data><Data Name='TargetUserName'>-</Data><Data Name='TargetDomainName'>-</Data><Data Name='TargetLogonId'>0x0</Data><Data Name='ParentProcessName'>C:\Windows\System32\cmd.exe</Data><Data Name='MandatoryLabel'>Mandatory Label\System Mandatory Level</Data>,4688.0,999583439,,,,,,,,,,,0x8020000000000000,0,,,,0x3e7,,Mandatory Label\System Mandatory Level,,,,,'Microsoft-Windows-Security-Auditing',0x4144,C:\Windows\System32\where.exe,,,,,,0,C:\Windows\System32\cmd.exe,,,,'4',0x38fc,,where  /Q repadmin,,999583439,,,,,,,MMM,0x3e7,ppppPWBADDC03$,NT AUTHORITY\SYSTEM,,'2026-05-19T10:47:35.3852006Z',<Provider Name='Microsoft-Windows-Security-Auditing' Guid='{54849625-5478-4994-a5ba-3e3b0328c30d}'/><EventID>4688</EventID><Version>2</Version><Level>0</Level><Task>13312</Task><Opcode>0</Opcode><Keywords>0x8020000000000000</Keywords><TimeCreated SystemTime='2026-05-19T10:47:35.3852006Z'/><EventRecordID>999583439</EventRecordID><Correlation/><Execution ProcessID='4' ThreadID='15912'/><Channel>Security</Channel><Computer>ppppPWBADDC03.mmm.hhh.ggg</Computer><Security/>,-,0x0,,,-,NULL SID,,,-,,-,13312,'15912',%%1936,%%1936,1936.0,,,,,2,,,,,2026-05-19T06:47:35.385-0400,allowed,win:unknown,,,,,ppppPWBADDC03.mmm.hhh.ggg,,ppppPWBADDC03.mmm.hhh.ggg,ppppPWBADDC03,999583439,endpoint_services_processes windows_endpoint_processes windows_event_signature windows_process_new wineventlog_security wineventlog_windows winsec,,,ppppPWBADDC03,999583439,occs-sss-windows,1,A new process has been created,C:\Windows\System32\where.exe,0x4144,where.exe,,,,,,,C:\Windows\System32\cmd.exe,0x38fc,cmd.exe,C:\Windows\System32\cmd.exe,C:\Windows\System32\where.exe /Q repadmin,/Q repadmin,where,where.exe,0x4144,where.exe,C:\Windows\System32\where.exe,Windows,<_='://../////'><><_='---'_='{----}'/><></><></><>,,,,,,,,0x3e7,,,A new process has been created,4688,XmlWinEventLog:Security,XmlWinEventLog,bbbbbsplunkes03,,,MMM,,ppppPWBADDC03$,,success,A new process has been created,failure,,,"execute
os
process
report
security
start
track_event_signatures
windows",,,,"execute
os
process
report
security
start
track_event_signatures
windows",,,ppppPWBADDC03$,-,,,,,Microsoft,,Microsoft Windows
,,,,,MMM,,,ppppPWBADDC03$,,,Security,,,,,,where  /Q repadmin,ppppPWBADDC03.mmm.hhh.ggg,,,,-,4688,<Data Name='SubjectUserSid'>NT AUTHORITY\SYSTEM</Data><Data Name='SubjectUserName'>ppppPWBADDC03$</Data><Data Name='SubjectDomainName'>MMM</Data><Data Name='SubjectLogonId'>0x3e7</Data><Data Name='NewProcessId'>0x369c</Data><Data Name='NewProcessName'>C:\Windows\System32\where.exe</Data><Data Name='TokenElevationType'>%%1936</Data><Data Name='ProcessId'>0x386c</Data><Data Name='CommandLine'>where  /Q repadmin </Data><Data Name='TargetUserSid'>NULL SID</Data><Data Name='TargetUserName'>-</Data><Data Name='TargetDomainName'>-</Data><Data Name='TargetLogonId'>0x0</Data><Data Name='ParentProcessName'>C:\Windows\System32\cmd.exe</Data><Data Name='MandatoryLabel'>Mandatory Label\System Mandatory Level</Data>,4688.0,999578345,,,,,,,,,,,0x8020000000000000,0,,,,0x3e7,,Mandatory Label\System Mandatory Level,,,,,'Microsoft-Windows-Security-Auditing',0x369c,C:\Windows\System32\where.exe,,,,,,0,C:\Windows\System32\cmd.exe,,,,'4',0x386c,,where  /Q repadmin,,999578345,,,,,,,MMM,0x3e7,ppppPWBADDC03$,NT AUTHORITY\SYSTEM,,'2026-05-19T10:42:32.7114705Z',<Provider Name='Microsoft-Windows-Security-Auditing' Guid='{54849625-5478-4994-a5ba-3e3b0328c30d}'/><EventID>4688</EventID><Version>2</Version><Level>0</Level><Task>13312</Task><Opcode>0</Opcode><Keywords>0x8020000000000000</Keywords><TimeCreated SystemTime='2026-05-19T10:42:32.7114705Z'/><EventRecordID>999578345</EventRecordID><Correlation/><Execution ProcessID='4' ThreadID='15704'/><Channel>Security</Channel><Computer>ppppPWBADDC03.mmm.hhh.ggg</Computer><Security/>,-,0x0,,,-,NULL SID,,,-,,-,13312,'15704',%%1936,%%1936,1936.0,,,,,2,,,,,2026-05-19T06:42:32.711-0400,allowed,win:unknown,,,,,ppppPWBADDC03.mmm.hhh.ggg,,ppppPWBADDC03.mmm.hhh.ggg,ppppPWBADDC03,999578345,endpoint_services_processes windows_endpoint_processes windows_event_signature windows_process_new wineventlog_security wineventlog_windows winsec,,,ppppPWBADDC03,999578345,occs-sss-windows,1,A new process has been created,C:\Windows\System32\where.exe,0x369c,where.exe,,,,,,,C:\Windows\System32\cmd.exe,0x386c,cmd.exe,C:\Windows\System32\cmd.exe,C:\Windows\System32\where.exe /Q repadmin,/Q repadmin,where,where.exe,0x369c,where.exe,C:\Windows\System32\where.exe,Windows,<_='://../////'><><_='---'_='{----}'/><></><></><>,,,,,,,,0x3e7,,,A new process has been created,4688,XmlWinEventLog:Security,XmlWinEventLog,bbbbbsplunkes02,,,MMM,,ppppPWBADDC03$,,success,A new process has been created,failure,,,"execute
os
process
report
security
start
track_event_signatures
windows",,,,"execute
os
process
report
security
start
track_event_signatures
windows",,,ppppPWBADDC03$,-,,,,,Microsoft,,Microsoft Windows
,,,,,MMM,,,ppppPWBADDC03$,,,Security,,,,,,where  /Q repadmin,ppppPWBADDC03.mmm.hhh.ggg,,,,-,4688,<Data Name='SubjectUserSid'>NT AUTHORITY\SYSTEM</Data><Data Name='SubjectUserName'>ppppPWBADDC03$</Data><Data Name='SubjectDomainName'>MMM</Data><Data Name='SubjectLogonId'>0x3e7</Data><Data Name='NewProcessId'>0x13a0</Data><Data Name='NewProcessName'>C:\Windows\System32\where.exe</Data><Data Name='TokenElevationType'>%%1936</Data><Data Name='ProcessId'>0x2c74</Data><Data Name='CommandLine'>where  /Q repadmin </Data><Data Name='TargetUserSid'>NULL SID</Data><Data Name='TargetUserName'>-</Data><Data Name='TargetDomainName'>-</Data><Data Name='TargetLogonId'>0x0</Data><Data Name='ParentProcessName'>C:\Windows\System32\cmd.exe</Data><Data Name='MandatoryLabel'>Mandatory Label\System Mandatory Level</Data>,4688.0,999573572,,,,,,,,,,,0x8020000000000000,0,,,,0x3e7,,Mandatory Label\System Mandatory Level,,,,,'Microsoft-Windows-Security-Auditing',0x13a0,C:\Windows\System32\where.exe,,,,,,0,C:\Windows\System32\cmd.exe,,,,'4',0x2c74,,where  /Q repadmin,,999573572,,,,,,,MMM,0x3e7,ppppPWBADDC03$,NT AUTHORITY\SYSTEM,,'2026-05-19T10:37:30.0739396Z',<Provider Name='Microsoft-Windows-Security-Auditing' Guid='{54849625-5478-4994-a5ba-3e3b0328c30d}'/><EventID>4688</EventID><Version>2</Version><Level>0</Level><Task>13312</Task><Opcode>0</Opcode><Keywords>0x8020000000000000</Keywords><TimeCreated SystemTime='2026-05-19T10:37:30.0739396Z'/><EventRecordID>999573572</EventRecordID><Correlation/><Execution ProcessID='4' ThreadID='10984'/><Channel>Security</Channel><Computer>ppppPWBADDC03.mmm.hhh.ggg</Computer><Security/>,-,0x0,,,-,NULL SID,,,-,,-,13312,'10984',%%1936,%%1936,1936.0,,,,,2,,,,,2026-05-19T06:37:30.073-0400,allowed,win:unknown,,,,,ppppPWBADDC03.mmm.hhh.ggg,,ppppPWBADDC03.mmm.hhh.ggg,ppppPWBADDC03,999573572,endpoint_services_processes windows_endpoint_processes windows_event_signature windows_process_new wineventlog_security wineventlog_windows winsec,,,ppppPWBADDC03,999573572,occs-sss-windows,1,A new process has been created,C:\Windows\System32\where.exe,0x13a0,where.exe,,,,,,,C:\Windows\System32\cmd.exe,0x2c74,cmd.exe,C:\Windows\System32\cmd.exe,C:\Windows\System32\where.exe /Q repadmin,/Q repadmin,where,where.exe,0x13a0,where.exe,C:\Windows\System32\where.exe,Windows,<_='://../////'><><_='---'_='{----}'/><></><></><>,,,,,,,,0x3e7,,,A new process has been created,4688,XmlWinEventLog:Security,XmlWinEventLog,bbbbbsplunkes03,,,MMM,,ppppPWBADDC03$,,success,A new process has been created,failure,,,"execute
os
process
report
security
start
track_event_signatures
windows",,,,"execute
os
process
report
security
start
track_event_signatures
windows",,,ppppPWBADDC03$,-,,,,,Microsoft,,Microsoft Windows
,,,,,MMM,,,ppppPWBADDC03$,,,Security,,,,,,where  /Q repadmin,ppppPWBADDC03.mmm.hhh.ggg,,,,-,4688,<Data Name='SubjectUserSid'>NT AUTHORITY\SYSTEM</Data><Data Name='SubjectUserName'>ppppPWBADDC03$</Data><Data Name='SubjectDomainName'>MMM</Data><Data Name='SubjectLogonId'>0x3e7</Data><Data Name='NewProcessId'>0x3844</Data><Data Name='NewProcessName'>C:\Windows\System32\where.exe</Data><Data Name='TokenElevationType'>%%1936</Data><Data Name='ProcessId'>0x42c0</Data><Data Name='CommandLine'>where  /Q repadmin </Data><Data Name='TargetUserSid'>NULL SID</Data><Data Name='TargetUserName'>-</Data><Data Name='TargetDomainName'>-</Data><Data Name='TargetLogonId'>0x0</Data><Data Name='ParentProcessName'>C:\Windows\System32\cmd.exe</Data><Data Name='MandatoryLabel'>Mandatory Label\System Mandatory Level</Data>,4688.0,999568831,,,,,,,,,,,0x8020000000000000,0,,,,0x3e7,,Mandatory Label\System Mandatory Level,,,,,'Microsoft-Windows-Security-Auditing',0x3844,C:\Windows\System32\where.exe,,,,,,0,C:\Windows\System32\cmd.exe,,,,'4',0x42c0,,where  /Q repadmin,,999568831,,,,,,,MMM,0x3e7,ppppPWBADDC03$,NT AUTHORITY\SYSTEM,,'2026-05-19T10:32:27.3814508Z',<Provider Name='Microsoft-Windows-Security-Auditing' Guid='{54849625-5478-4994-a5ba-3e3b0328c30d}'/><EventID>4688</EventID><Version>2</Version><Level>0</Level><Task>13312</Task><Opcode>0</Opcode><Keywords>0x8020000000000000</Keywords><TimeCreated SystemTime='2026-05-19T10:32:27.3814508Z'/><EventRecordID>999568831</EventRecordID><Correlation/><Execution ProcessID='4' ThreadID='16124'/><Channel>Security</Channel><Computer>ppppPWBADDC03.mmm.hhh.ggg</Computer><Security/>,-,0x0,,,-,NULL SID,,,-,,-,13312,'16124',%%1936,%%1936,1936.0,,,,,2,,,,,2026-05-19T06:32:27.381-0400,allowed,win:unknown,,,,,ppppPWBADDC03.mmm.hhh.ggg,,ppppPWBADDC03.mmm.hhh.ggg,ppppPWBADDC03,999568831,endpoint_services_processes windows_endpoint_processes windows_event_signature windows_process_new wineventlog_security wineventlog_windows winsec,,,ppppPWBADDC03,999568831,occs-sss-windows,1,A new process has been created,C:\Windows\System32\where.exe,0x3844,where.exe,,,,,,,C:\Windows\System32\cmd.exe,0x42c0,cmd.exe,C:\Windows\System32\cmd.exe,C:\Windows\System32\where.exe /Q repadmin,/Q repadmin,where,where.exe,0x3844,where.exe,C:\Windows\System32\where.exe,Windows,<_='://../////'><><_='---'_='{----}'/><></><></><>,,,,,,,,0x3e7,,,A new process has been created,4688,XmlWinEventLog:Security,XmlWinEventLog,bbbbbsplunkes01,,,MMM,,ppppPWBADDC03$,,success,A new process has been created,failure,,,"execute
os
process
report
security
start
track_event_signatures
windows",,,,"execute
os
process
report
security
start
track_event_signatures
windows",,,ppppPWBADDC03$,-,,,,,Microsoft,,Microsoft Windows
,,,,,MMM,,,ppppPWBADDC03$,,,Security,,,,,,where  /Q repadmin,ppppPWBADDC03.mmm.hhh.ggg,,,,-,4688,<Data Name='SubjectUserSid'>NT AUTHORITY\SYSTEM</Data><Data Name='SubjectUserName'>ppppPWBADDC03$</Data><Data Name='SubjectDomainName'>MMM</Data><Data Name='SubjectLogonId'>0x3e7</Data><Data Name='NewProcessId'>0x3af4</Data><Data Name='NewProcessName'>C:\Windows\System32\where.exe</Data><Data Name='TokenElevationType'>%%1936</Data><Data Name='ProcessId'>0x2ae4</Data><Data Name='CommandLine'>where  /Q repadmin </Data><Data Name='TargetUserSid'>NULL SID</Data><Data Name='TargetUserName'>-</Data><Data Name='TargetDomainName'>-</Data><Data Name='TargetLogonId'>0x0</Data><Data Name='ParentProcessName'>C:\Windows\System32\cmd.exe</Data><Data Name='MandatoryLabel'>Mandatory Label\System Mandatory Level</Data>,4688.0,999564007,,,,,,,,,,,0x8020000000000000,0,,,,0x3e7,,Mandatory Label\System Mandatory Level,,,,,'Microsoft-Windows-Security-Auditing',0x3af4,C:\Windows\System32\where.exe,,,,,,0,C:\Windows\System32\cmd.exe,,,,'4',0x2ae4,,where  /Q repadmin,,999564007,,,,,,,MMM,0x3e7,ppppPWBADDC03$,NT AUTHORITY\SYSTEM,,'2026-05-19T10:27:23.8958935Z',<Provider Name='Microsoft-Windows-Security-Auditing' Guid='{54849625-5478-4994-a5ba-3e3b0328c30d}'/><EventID>4688</EventID><Version>2</Version><Level>0</Level><Task>13312</Task><Opcode>0</Opcode><Keywords>0x8020000000000000</Keywords><TimeCreated SystemTime='2026-05-19T10:27:23.8958935Z'/><EventRecordID>999564007</EventRecordID><Correlation/><Execution ProcessID='4' ThreadID='14048'/><Channel>Security</Channel><Computer>ppppPWBADDC03.mmm.hhh.ggg</Computer><Security/>,-,0x0,,,-,NULL SID,,,-,,-,13312,'14048',%%1936,%%1936,1936.0,,,,,2,,,,,2026-05-19T06:27:23.895-0400,allowed,win:unknown,,,,,ppppPWBADDC03.mmm.hhh.ggg,,ppppPWBADDC03.mmm.hhh.ggg,ppppPWBADDC03,999564007,endpoint_services_processes windows_endpoint_processes windows_event_signature windows_process_new wineventlog_security wineventlog_windows winsec,,,ppppPWBADDC03,999564007,occs-sss-windows,1,A new process has been created,C:\Windows\System32\where.exe,0x3af4,where.exe,,,,,,,C:\Windows\System32\cmd.exe,0x2ae4,cmd.exe,C:\Windows\System32\cmd.exe,C:\Windows\System32\where.exe /Q repadmin,/Q repadmin,where,where.exe,0x3af4,where.exe,C:\Windows\System32\where.exe,Windows,<_='://../////'><><_='---'_='{----}'/><></><></><>,,,,,,,,0x3e7,,,A new process has been created,4688,XmlWinEventLog:Security,XmlWinEventLog,bbbbbsplunkes03,,,MMM,,ppppPWBADDC03$,,success,A new process has been created,failure,,,"execute
os
process
report
security
start
track_event_signatures
windows",,,,"execute
os
process
report
security
start
track_event_signatures
windows",,,ppppPWBADDC03$,-,,,,,Microsoft,,Microsoft Windows
,,,,,MMM,,,ppppPWBADDC03$,,,Security,,,,,,where  /Q repadmin,ppppPWBADDC03.mmm.hhh.ggg,,,,-,4688,<Data Name='SubjectUserSid'>NT AUTHORITY\SYSTEM</Data><Data Name='SubjectUserName'>ppppPWBADDC03$</Data><Data Name='SubjectDomainName'>MMM</Data><Data Name='SubjectLogonId'>0x3e7</Data><Data Name='NewProcessId'>0xf40</Data><Data Name='NewProcessName'>C:\Windows\System32\where.exe</Data><Data Name='TokenElevationType'>%%1936</Data><Data Name='ProcessId'>0x4310</Data><Data Name='CommandLine'>where  /Q repadmin </Data><Data Name='TargetUserSid'>NULL SID</Data><Data Name='TargetUserName'>-</Data><Data Name='TargetDomainName'>-</Data><Data Name='TargetLogonId'>0x0</Data><Data Name='ParentProcessName'>C:\Windows\System32\cmd.exe</Data><Data Name='MandatoryLabel'>Mandatory Label\System Mandatory Level</Data>,4688.0,999559348,,,,,,,,,,,0x8020000000000000,0,,,,0x3e7,,Mandatory Label\System Mandatory Level,,,,,'Microsoft-Windows-Security-Auditing',0xf40,C:\Windows\System32\where.exe,,,,,,0,C:\Windows\System32\cmd.exe,,,,'4',0x4310,,where  /Q repadmin,,999559348,,,,,,,MMM,0x3e7,ppppPWBADDC03$,NT AUTHORITY\SYSTEM,,'2026-05-19T10:22:21.2164442Z',<Provider Name='Microsoft-Windows-Security-Auditing' Guid='{54849625-5478-4994-a5ba-3e3b0328c30d}'/><EventID>4688</EventID><Version>2</Version><Level>0</Level><Task>13312</Task><Opcode>0</Opcode><Keywords>0x8020000000000000</Keywords><TimeCreated SystemTime='2026-05-19T10:22:21.2164442Z'/><EventRecordID>999559348</EventRecordID><Correlation/><Execution ProcessID='4' ThreadID='15624'/><Channel>Security</Channel><Computer>ppppPWBADDC03.mmm.hhh.ggg</Computer><Security/>,-,0x0,,,-,NULL SID,,,-,,-,13312,'15624',%%1936,%%1936,1936.0,,,,,2,,,,,2026-05-19T06:22:21.216-0400,allowed,win:unknown,,,,,ppppPWBADDC03.mmm.hhh.ggg,,ppppPWBADDC03.mmm.hhh.ggg,ppppPWBADDC03,999559348,endpoint_services_processes windows_endpoint_processes windows_event_signature windows_process_new wineventlog_security wineventlog_windows winsec,,,ppppPWBADDC03,999559348,occs-sss-windows,1,A new process has been created,C:\Windows\System32\where.exe,0xf40,where.exe,,,,,,,C:\Windows\System32\cmd.exe,0x4310,cmd.exe,C:\Windows\System32\cmd.exe,C:\Windows\System32\where.exe /Q repadmin,/Q repadmin,where,where.exe,0xf40,where.exe,C:\Windows\System32\where.exe,Windows,<_='://../////'><><_='---'_='{----}'/><></><></><>,,,,,,,,0x3e7,,,A new process has been created,4688,XmlWinEventLog:Security,XmlWinEventLog,bbbbbsplunkes01,,,MMM,,ppppPWBADDC03$,,success,A new process has been created,failure,,,"execute
os
process
report
security
start
track_event_signatures
windows",,,,"execute
os
process
report
security
start
track_event_signatures
windows",,,ppppPWBADDC03$,-,,,,,Microsoft,,Microsoft Windows
,,,,,MMM,,,ppppPWBADDC03$,,,Security,,,,,,where  /Q repadmin,ppppPWBADDC03.mmm.hhh.ggg,,,,-,4688,<Data Name='SubjectUserSid'>NT AUTHORITY\SYSTEM</Data><Data Name='SubjectUserName'>ppppPWBADDC03$</Data><Data Name='SubjectDomainName'>MMM</Data><Data Name='SubjectLogonId'>0x3e7</Data><Data Name='NewProcessId'>0x39b4</Data><Data Name='NewProcessName'>C:\Windows\System32\where.exe</Data><Data Name='TokenElevationType'>%%1936</Data><Data Name='ProcessId'>0x27d8</Data><Data Name='CommandLine'>where  /Q repadmin </Data><Data Name='TargetUserSid'>NULL SID</Data><Data Name='TargetUserName'>-</Data><Data Name='TargetDomainName'>-</Data><Data Name='TargetLogonId'>0x0</Data><Data Name='ParentProcessName'>C:\Windows\System32\cmd.exe</Data><Data Name='MandatoryLabel'>Mandatory Label\System Mandatory Level</Data>,4688.0,999553737,,,,,,,,,,,0x8020000000000000,0,,,,0x3e7,,Mandatory Label\System Mandatory Level,,,,,'Microsoft-Windows-Security-Auditing',0x39b4,C:\Windows\System32\where.exe,,,,,,0,C:\Windows\System32\cmd.exe,,,,'4',0x27d8,,where  /Q repadmin,,999553737,,,,,,,MMM,0x3e7,ppppPWBADDC03$,NT AUTHORITY\SYSTEM,,'2026-05-19T10:17:18.6017774Z',<Provider Name='Microsoft-Windows-Security-Auditing' Guid='{54849625-5478-4994-a5ba-3e3b0328c30d}'/><EventID>4688</EventID><Version>2</Version><Level>0</Level><Task>13312</Task><Opcode>0</Opcode><Keywords>0x8020000000000000</Keywords><TimeCreated SystemTime='2026-05-19T10:17:18.6017774Z'/><EventRecordID>999553737</EventRecordID><Correlation/><Execution ProcessID='4' ThreadID='10984'/><Channel>Security</Channel><Computer>ppppPWBADDC03.mmm.hhh.ggg</Computer><Security/>,-,0x0,,,-,NULL SID,,,-,,-,13312,'10984',%%1936,%%1936,1936.0,,,,,2,,,,,2026-05-19T06:17:18.601-0400,allowed,win:unknown,,,,,ppppPWBADDC03.mmm.hhh.ggg,,ppppPWBADDC03.mmm.hhh.ggg,ppppPWBADDC03,999553737,endpoint_services_processes windows_endpoint_processes windows_event_signature windows_process_new wineventlog_security wineventlog_windows winsec,,,ppppPWBADDC03,999553737,occs-sss-windows,1,A new process has been created,C:\Windows\System32\where.exe,0x39b4,where.exe,,,,,,,C:\Windows\System32\cmd.exe,0x27d8,cmd.exe,C:\Windows\System32\cmd.exe,C:\Windows\System32\where.exe /Q repadmin,/Q repadmin,where,where.exe,0x39b4,where.exe,C:\Windows\System32\where.exe,Windows,<_='://../////'><><_='---'_='{----}'/><></><></><>,,,,,,,,0x3e7,,,A new process has been created,4688,XmlWinEventLog:Security,XmlWinEventLog,bbbbbsplunkes01,,,MMM,,ppppPWBADDC03$,,success,A new process has been created,failure,,,"execute
os
process
report
security
start
track_event_signatures
windows",,,,"execute
os
process
report
security
start
track_event_signatures
windows",,,ppppPWBADDC03$,-,,,,,Microsoft,,Microsoft Windows
,,,,,MMM,,,ppppPWBADDC03$,,,Security,,,,,,where  /Q repadmin,ppppPWBADDC03.mmm.hhh.ggg,,,,-,4688,<Data Name='SubjectUserSid'>NT AUTHORITY\SYSTEM</Data><Data Name='SubjectUserName'>ppppPWBADDC03$</Data><Data Name='SubjectDomainName'>MMM</Data><Data Name='SubjectLogonId'>0x3e7</Data><Data Name='NewProcessId'>0x3fec</Data><Data Name='NewProcessName'>C:\Windows\System32\where.exe</Data><Data Name='TokenElevationType'>%%1936</Data><Data Name='ProcessId'>0x10e8</Data><Data Name='CommandLine'>where  /Q repadmin </Data><Data Name='TargetUserSid'>NULL SID</Data><Data Name='TargetUserName'>-</Data><Data Name='TargetDomainName'>-</Data><Data Name='TargetLogonId'>0x0</Data><Data Name='ParentProcessName'>C:\Windows\System32\cmd.exe</Data><Data Name='MandatoryLabel'>Mandatory Label\System Mandatory Level</Data>,4688.0,999548975,,,,,,,,,,,0x8020000000000000,0,,,,0x3e7,,Mandatory Label\System Mandatory Level,,,,,'Microsoft-Windows-Security-Auditing',0x3fec,C:\Windows\System32\where.exe,,,,,,0,C:\Windows\System32\cmd.exe,,,,'4',0x10e8,,where  /Q repadmin,,999548975,,,,,,,MMM,0x3e7,ppppPWBADDC03$,NT AUTHORITY\SYSTEM,,'2026-05-19T10:12:16.2518595Z',<Provider Name='Microsoft-Windows-Security-Auditing' Guid='{54849625-5478-4994-a5ba-3e3b0328c30d}'/><EventID>4688</EventID><Version>2</Version><Level>0</Level><Task>13312</Task><Opcode>0</Opcode><Keywords>0x8020000000000000</Keywords><TimeCreated SystemTime='2026-05-19T10:12:16.2518595Z'/><EventRecordID>999548975</EventRecordID><Correlation/><Execution ProcessID='4' ThreadID='17340'/><Channel>Security</Channel><Computer>ppppPWBADDC03.mmm.hhh.ggg</Computer><Security/>,-,0x0,,,-,NULL SID,,,-,,-,13312,'17340',%%1936,%%1936,1936.0,,,,,2,,,,,2026-05-19T06:12:16.251-0400,allowed,win:unknown,,,,,ppppPWBADDC03.mmm.hhh.ggg,,ppppPWBADDC03.mmm.hhh.ggg,ppppPWBADDC03,999548975,endpoint_services_processes windows_endpoint_processes windows_event_signature windows_process_new wineventlog_security wineventlog_windows winsec,,,ppppPWBADDC03,999548975,occs-sss-windows,1,A new process has been created,C:\Windows\System32\where.exe,0x3fec,where.exe,,,,,,,C:\Windows\System32\cmd.exe,0x10e8,cmd.exe,C:\Windows\System32\cmd.exe,C:\Windows\System32\where.exe /Q repadmin,/Q repadmin,where,where.exe,0x3fec,where.exe,C:\Windows\System32\where.exe,Windows,<_='://../////'><><_='---'_='{----}'/><></><></><>,,,,,,,,0x3e7,,,A new process has been created,4688,XmlWinEventLog:Security,XmlWinEventLog,bbbbbsplunkes01,,,MMM,,ppppPWBADDC03$,,success,A new process has been created,failure,,,"execute
os
process
report
security
start
track_event_signatures
windows",,,,"execute
os
process
report
security
start
track_event_signatures
windows",,,ppppPWBADDC03$,-,,,,,Microsoft,,Microsoft Windows
,,,,,MMM,,,ppppPWBADDC03$,,,Security,,,,,,where  /Q repadmin,ppppPWBADDC03.mmm.hhh.ggg,,,,-,4688,<Data Name='SubjectUserSid'>NT AUTHORITY\SYSTEM</Data><Data Name='SubjectUserName'>ppppPWBADDC03$</Data><Data Name='SubjectDomainName'>MMM</Data><Data Name='SubjectLogonId'>0x3e7</Data><Data Name='NewProcessId'>0x1648</Data><Data Name='NewProcessName'>C:\Windows\System32\where.exe</Data><Data Name='TokenElevationType'>%%1936</Data><Data Name='ProcessId'>0x41ac</Data><Data Name='CommandLine'>where  /Q repadmin </Data><Data Name='TargetUserSid'>NULL SID</Data><Data Name='TargetUserName'>-</Data><Data Name='TargetDomainName'>-</Data><Data Name='TargetLogonId'>0x0</Data><Data Name='ParentProcessName'>C:\Windows\System32\cmd.exe</Data><Data Name='MandatoryLabel'>Mandatory Label\System Mandatory Level</Data>,4688.0,999544264,,,,,,,,,,,0x8020000000000000,0,,,,0x3e7,,Mandatory Label\System Mandatory Level,,,,,'Microsoft-Windows-Security-Auditing',0x1648,C:\Windows\System32\where.exe,,,,,,0,C:\Windows\System32\cmd.exe,,,,'4',0x41ac,,where  /Q repadmin,,999544264,,,,,,,MMM,0x3e7,ppppPWBADDC03$,NT AUTHORITY\SYSTEM,,'2026-05-19T10:07:13.0751254Z',<Provider Name='Microsoft-Windows-Security-Auditing' Guid='{54849625-5478-4994-a5ba-3e3b0328c30d}'/><EventID>4688</EventID><Version>2</Version><Level>0</Level><Task>13312</Task><Opcode>0</Opcode><Keywords>0x8020000000000000</Keywords><TimeCreated SystemTime='2026-05-19T10:07:13.0751254Z'/><EventRecordID>999544264</EventRecordID><Correlation/><Execution ProcessID='4' ThreadID='14804'/><Channel>Security</Channel><Computer>ppppPWBADDC03.mmm.hhh.ggg</Computer><Security/>,-,0x0,,,-,NULL SID,,,-,,-,13312,'14804',%%1936,%%1936,1936.0,,,,,2,,,,,2026-05-19T06:07:13.075-0400,allowed,win:unknown,,,,,ppppPWBADDC03.mmm.hhh.ggg,,ppppPWBADDC03.mmm.hhh.ggg,ppppPWBADDC03,999544264,endpoint_services_processes windows_endpoint_processes windows_event_signature windows_process_new wineventlog_security wineventlog_windows winsec,,,ppppPWBADDC03,999544264,occs-sss-windows,1,A new process has been created,C:\Windows\System32\where.exe,0x1648,where.exe,,,,,,,C:\Windows\System32\cmd.exe,0x41ac,cmd.exe,C:\Windows\System32\cmd.exe,C:\Windows\System32\where.exe /Q repadmin,/Q repadmin,where,where.exe,0x1648,where.exe,C:\Windows\System32\where.exe,Windows,<_='://../////'><><_='---'_='{----}'/><></><></><>,,,,,,,,0x3e7,,,A new process has been created,4688,XmlWinEventLog:Security,XmlWinEventLog,bbbbbsplunkes03,,,MMM,,ppppPWBADDC03$,,success,A new process has been created,failure,,,"execute
os
process
report
security
start
track_event_signatures
windows",,,,"execute
os
process
report
security
start
track_event_signatures
windows",,,ppppPWBADDC03$,-,,,,,Microsoft,,Microsoft Windows
,,,,,MMM,,,ppppPWBADDC03$,,,Security,,,,,,where  /Q repadmin,ppppPWBADDC03.mmm.hhh.ggg,,,,-,4688,<Data Name='SubjectUserSid'>NT AUTHORITY\SYSTEM</Data><Data Name='SubjectUserName'>ppppPWBADDC03$</Data><Data Name='SubjectDomainName'>MMM</Data><Data Name='SubjectLogonId'>0x3e7</Data><Data Name='NewProcessId'>0x3008</Data><Data Name='NewProcessName'>C:\Windows\System32\where.exe</Data><Data Name='TokenElevationType'>%%1936</Data><Data Name='ProcessId'>0x3a90</Data><Data Name='CommandLine'>where  /Q repadmin </Data><Data Name='TargetUserSid'>NULL SID</Data><Data Name='TargetUserName'>-</Data><Data Name='TargetDomainName'>-</Data><Data Name='TargetLogonId'>0x0</Data><Data Name='ParentProcessName'>C:\Windows\System32\cmd.exe</Data><Data Name='MandatoryLabel'>Mandatory Label\System Mandatory Level</Data>,4688.0,999539611,,,,,,,,,,,0x8020000000000000,0,,,,0x3e7,,Mandatory Label\System Mandatory Level,,,,,'Microsoft-Windows-Security-Auditing',0x3008,C:\Windows\System32\where.exe,,,,,,0,C:\Windows\System32\cmd.exe,,,,'4',0x3a90,,where  /Q repadmin,,999539611,,,,,,,MMM,0x3e7,ppppPWBADDC03$,NT AUTHORITY\SYSTEM,,'2026-05-19T10:02:10.7417130Z',<Provider Name='Microsoft-Windows-Security-Auditing' Guid='{54849625-5478-4994-a5ba-3e3b0328c30d}'/><EventID>4688</EventID><Version>2</Version><Level>0</Level><Task>13312</Task><Opcode>0</Opcode><Keywords>0x8020000000000000</Keywords><TimeCreated SystemTime='2026-05-19T10:02:10.7417130Z'/><EventRecordID>999539611</EventRecordID><Correlation/><Execution ProcessID='4' ThreadID='16084'/><Channel>Security</Channel><Computer>ppppPWBADDC03.mmm.hhh.ggg</Computer><Security/>,-,0x0,,,-,NULL SID,,,-,,-,13312,'16084',%%1936,%%1936,1936.0,,,,,2,,,,,2026-05-19T06:02:10.741-0400,allowed,win:unknown,,,,,ppppPWBADDC03.mmm.hhh.ggg,,ppppPWBADDC03.mmm.hhh.ggg,ppppPWBADDC03,999539611,endpoint_services_processes windows_endpoint_processes windows_event_signature windows_process_new wineventlog_security wineventlog_windows winsec,,,ppppPWBADDC03,999539611,occs-sss-windows,1,A new process has been created,C:\Windows\System32\where.exe,0x3008,where.exe,,,,,,,C:\Windows\System32\cmd.exe,0x3a90,cmd.exe,C:\Windows\System32\cmd.exe,C:\Windows\System32\where.exe /Q repadmin,/Q repadmin,where,where.exe,0x3008,where.exe,C:\Windows\System32\where.exe,Windows,<_='://../////'><><_='---'_='{----}'/><></><></><>,,,,,,,,0x3e7,,,A new process has been created,4688,XmlWinEventLog:Security,XmlWinEventLog,bbbbbsplunkes02,,,MMM,,ppppPWBADDC03$,,success,A new process has been created,failure,,,"execute
os
process
report
security
start
track_event_signatures
windows",,,,"execute
os
process
report
security
start
track_event_signatures
windows",,,ppppPWBADDC03$,-,,,,,Microsoft,,Microsoft Windows
,,,,,MMM,,,ppppPWBADDC03$,,,Security,,,,,,where  /Q repadmin,ppppPWBADDC03.mmm.hhh.ggg,,,,-,4688,<Data Name='SubjectUserSid'>NT AUTHORITY\SYSTEM</Data><Data Name='SubjectUserName'>ppppPWBADDC03$</Data><Data Name='SubjectDomainName'>MMM</Data><Data Name='SubjectLogonId'>0x3e7</Data><Data Name='NewProcessId'>0x2804</Data><Data Name='NewProcessName'>C:\Windows\System32\where.exe</Data><Data Name='TokenElevationType'>%%1936</Data><Data Name='ProcessId'>0x3bd4</Data><Data Name='CommandLine'>where  /Q repadmin </Data><Data Name='TargetUserSid'>NULL SID</Data><Data Name='TargetUserName'>-</Data><Data Name='TargetDomainName'>-</Data><Data Name='TargetLogonId'>0x0</Data><Data Name='ParentProcessName'>C:\Windows\System32\cmd.exe</Data><Data Name='MandatoryLabel'>Mandatory Label\System Mandatory Level</Data>,4688.0,999534466,,,,,,,,,,,0x8020000000000000,0,,,,0x3e7,,Mandatory Label\System Mandatory Level,,,,,'Microsoft-Windows-Security-Auditing',0x2804,C:\Windows\System32\where.exe,,,,,,0,C:\Windows\System32\cmd.exe,,,,'4',0x3bd4,,where  /Q repadmin,,999534466,,,,,,,MMM,0x3e7,ppppPWBADDC03$,NT AUTHORITY\SYSTEM,,'2026-05-19T09:57:07.9698545Z',<Provider Name='Microsoft-Windows-Security-Auditing' Guid='{54849625-5478-4994-a5ba-3e3b0328c30d}'/><EventID>4688</EventID><Version>2</Version><Level>0</Level><Task>13312</Task><Opcode>0</Opcode><Keywords>0x8020000000000000</Keywords><TimeCreated SystemTime='2026-05-19T09:57:07.9698545Z'/><EventRecordID>999534466</EventRecordID><Correlation/><Execution ProcessID='4' ThreadID='1072'/><Channel>Security</Channel><Computer>ppppPWBADDC03.mmm.hhh.ggg</Computer><Security/>,-,0x0,,,-,NULL SID,,,-,,-,13312,'1072',%%1936,%%1936,1936.0,,,,,2,,,,,2026-05-19T05:57:07.969-0400,allowed,win:unknown,,,,,ppppPWBADDC03.mmm.hhh.ggg,,ppppPWBADDC03.mmm.hhh.ggg,ppppPWBADDC03,999534466,endpoint_services_processes windows_endpoint_processes windows_event_signature windows_process_new wineventlog_security wineventlog_windows winsec,,,ppppPWBADDC03,999534466,occs-sss-windows,1,A new process has been created,C:\Windows\System32\where.exe,0x2804,where.exe,,,,,,,C:\Windows\System32\cmd.exe,0x3bd4,cmd.exe,C:\Windows\System32\cmd.exe,C:\Windows\System32\where.exe /Q repadmin,/Q repadmin,where,where.exe,0x2804,where.exe,C:\Windows\System32\where.exe,Windows,<_='://../////'><><_='---'_='{----}'/><></><></><>,,,,,,,,0x3e7,,,A new process has been created,4688,XmlWinEventLog:Security,XmlWinEventLog,bbbbbsplunkes02,,,MMM,,ppppPWBADDC03$,,success,A new process has been created,failure,,,"execute
os
process
report
security
start
track_event_signatures
windows",,,,"execute
os
process
report
security
start
track_event_signatures
windows",,,ppppPWBADDC03$,-,,,,,Microsoft,,Microsoft Windows
,,,,,MMM,,,ppppPWBADDC03$,,,Security,,,,,,where  /Q repadmin,ppppPWBADDC03.mmm.hhh.ggg,,,,-,4688,<Data Name='SubjectUserSid'>NT AUTHORITY\SYSTEM</Data><Data Name='SubjectUserName'>ppppPWBADDC03$</Data><Data Name='SubjectDomainName'>MMM</Data><Data Name='SubjectLogonId'>0x3e7</Data><Data Name='NewProcessId'>0x3970</Data><Data Name='NewProcessName'>C:\Windows\System32\where.exe</Data><Data Name='TokenElevationType'>%%1936</Data><Data Name='ProcessId'>0x3b24</Data><Data Name='CommandLine'>where  /Q repadmin </Data><Data Name='TargetUserSid'>NULL SID</Data><Data Name='TargetUserName'>-</Data><Data Name='TargetDomainName'>-</Data><Data Name='TargetLogonId'>0x0</Data><Data Name='ParentProcessName'>C:\Windows\System32\cmd.exe</Data><Data Name='MandatoryLabel'>Mandatory Label\System Mandatory Level</Data>,4688.0,999529767,,,,,,,,,,,0x8020000000000000,0,,,,0x3e7,,Mandatory Label\System Mandatory Level,,,,,'Microsoft-Windows-Security-Auditing',0x3970,C:\Windows\System32\where.exe,,,,,,0,C:\Windows\System32\cmd.exe,,,,'4',0x3b24,,where  /Q repadmin,,999529767,,,,,,,MMM,0x3e7,ppppPWBADDC03$,NT AUTHORITY\SYSTEM,,'2026-05-19T09:52:05.6148815Z',<Provider Name='Microsoft-Windows-Security-Auditing' Guid='{54849625-5478-4994-a5ba-3e3b0328c30d}'/><EventID>4688</EventID><Version>2</Version><Level>0</Level><Task>13312</Task><Opcode>0</Opcode><Keywords>0x8020000000000000</Keywords><TimeCreated SystemTime='2026-05-19T09:52:05.6148815Z'/><EventRecordID>999529767</EventRecordID><Correlation/><Execution ProcessID='4' ThreadID='2716'/><Channel>Security</Channel><Computer>ppppPWBADDC03.mmm.hhh.ggg</Computer><Security/>,-,0x0,,,-,NULL SID,,,-,,-,13312,'2716',%%1936,%%1936,1936.0,,,,,2,,,,,2026-05-19T05:52:05.614-0400,allowed,win:unknown,,,,,ppppPWBADDC03.mmm.hhh.ggg,,ppppPWBADDC03.mmm.hhh.ggg,ppppPWBADDC03,999529767,endpoint_services_processes windows_endpoint_processes windows_event_signature windows_process_new wineventlog_security wineventlog_windows winsec,,,ppppPWBADDC03,999529767,occs-sss-windows,1,A new process has been created,C:\Windows\System32\where.exe,0x3970,where.exe,,,,,,,C:\Windows\System32\cmd.exe,0x3b24,cmd.exe,C:\Windows\System32\cmd.exe,C:\Windows\System32\where.exe /Q repadmin,/Q repadmin,where,where.exe,0x3970,where.exe,C:\Windows\System32\where.exe,Windows,<_='://../////'><><_='---'_='{----}'/><></><></><>,,,,,,,,0x3e7,,,A new process has been created,4688,XmlWinEventLog:Security,XmlWinEventLog,bbbbbsplunkes03,,,MMM,,ppppPWBADDC03$,,success,A new process has been created,failure,,,"execute
os
process
report
security
start
track_event_signatures
windows",,,,"execute
os
process
report
security
start
track_event_signatures
windows",,,ppppPWBADDC03$,-,,,,,Microsoft,,Microsoft Windows
,,,,,MMM,,,ppppPWBADDC03$,,,Security,,,,,,where  /Q repadmin,ppppPWBADDC03.mmm.hhh.ggg,,,,-,4688,<Data Name='SubjectUserSid'>NT AUTHORITY\SYSTEM</Data><Data Name='SubjectUserName'>ppppPWBADDC03$</Data><Data Name='SubjectDomainName'>MMM</Data><Data Name='SubjectLogonId'>0x3e7</Data><Data Name='NewProcessId'>0xf38</Data><Data Name='NewProcessName'>C:\Windows\System32\where.exe</Data><Data Name='TokenElevationType'>%%1936</Data><Data Name='ProcessId'>0x1768</Data><Data Name='CommandLine'>where  /Q repadmin </Data><Data Name='TargetUserSid'>NULL SID</Data><Data Name='TargetUserName'>-</Data><Data Name='TargetDomainName'>-</Data><Data Name='TargetLogonId'>0x0</Data><Data Name='ParentProcessName'>C:\Windows\System32\cmd.exe</Data><Data Name='MandatoryLabel'>Mandatory Label\System Mandatory Level</Data>,4688.0,999524128,,,,,,,,,,,0x8020000000000000,0,,,,0x3e7,,Mandatory Label\System Mandatory Level,,,,,'Microsoft-Windows-Security-Auditing',0xf38,C:\Windows\System32\where.exe,,,,,,0,C:\Windows\System32\cmd.exe,,,,'4',0x1768,,where  /Q repadmin,,999524128,,,,,,,MMM,0x3e7,ppppPWBADDC03$,NT AUTHORITY\SYSTEM,,'2026-05-19T09:47:02.5572323Z',<Provider Name='Microsoft-Windows-Security-Auditing' Guid='{54849625-5478-4994-a5ba-3e3b0328c30d}'/><EventID>4688</EventID><Version>2</Version><Level>0</Level><Task>13312</Task><Opcode>0</Opcode><Keywords>0x8020000000000000</Keywords><TimeCreated SystemTime='2026-05-19T09:47:02.5572323Z'/><EventRecordID>999524128</EventRecordID><Correlation/><Execution ProcessID='4' ThreadID='17336'/><Channel>Security</Channel><Computer>ppppPWBADDC03.mmm.hhh.ggg</Computer><Security/>,-,0x0,,,-,NULL SID,,,-,,-,13312,'17336',%%1936,%%1936,1936.0,,,,,2,,,,,2026-05-19T05:47:02.557-0400,allowed,win:unknown,,,,,ppppPWBADDC03.mmm.hhh.ggg,,ppppPWBADDC03.mmm.hhh.ggg,ppppPWBADDC03,999524128,endpoint_services_processes windows_endpoint_processes windows_event_signature windows_process_new wineventlog_security wineventlog_windows winsec,,,ppppPWBADDC03,999524128,occs-sss-windows,1,A new process has been created,C:\Windows\System32\where.exe,0xf38,where.exe,,,,,,,C:\Windows\System32\cmd.exe,0x1768,cmd.exe,C:\Windows\System32\cmd.exe,C:\Windows\System32\where.exe /Q repadmin,/Q repadmin,where,where.exe,0xf38,where.exe,C:\Windows\System32\where.exe,Windows,<_='://../////'><><_='---'_='{----}'/><></><></><>,,,,,,,,0x3e7,,,A new process has been created,4688,XmlWinEventLog:Security,XmlWinEventLog,bbbbbsplunkes02,,,MMM,,ppppPWBADDC03$,,success,A new process has been created,failure,,,"execute
os
process
report
security
start
track_event_signatures
windows",,,,"execute
os
process
report
security
start
track_event_signatures
windows",,,ppppPWBADDC03$,-,,,,,Microsoft,,Microsoft Windows
,,,,,MMM,,,ppppPWBADDC03$,,,Security,,,,,,where  /Q repadmin,ppppPWBADDC03.mmm.hhh.ggg,,,,-,4688,<Data Name='SubjectUserSid'>NT AUTHORITY\SYSTEM</Data><Data Name='SubjectUserName'>ppppPWBADDC03$</Data><Data Name='SubjectDomainName'>MMM</Data><Data Name='SubjectLogonId'>0x3e7</Data><Data Name='NewProcessId'>0x42a8</Data><Data Name='NewProcessName'>C:\Windows\System32\where.exe</Data><Data Name='TokenElevationType'>%%1936</Data><Data Name='ProcessId'>0x31e8</Data><Data Name='CommandLine'>where  /Q repadmin </Data><Data Name='TargetUserSid'>NULL SID</Data><Data Name='TargetUserName'>-</Data><Data Name='TargetDomainName'>-</Data><Data Name='TargetLogonId'>0x0</Data><Data Name='ParentProcessName'>C:\Windows\System32\cmd.exe</Data><Data Name='MandatoryLabel'>Mandatory Label\System Mandatory Level</Data>,4688.0,999519558,,,,,,,,,,,0x8020000000000000,0,,,,0x3e7,,Mandatory Label\System Mandatory Level,,,,,'Microsoft-Windows-Security-Auditing',0x42a8,C:\Windows\System32\where.exe,,,,,,0,C:\Windows\System32\cmd.exe,,,,'4',0x31e8,,where  /Q repadmin,,999519558,,,,,,,MMM,0x3e7,ppppPWBADDC03$,NT AUTHORITY\SYSTEM,,'2026-05-19T09:42:00.1988263Z',<Provider Name='Microsoft-Windows-Security-Auditing' Guid='{54849625-5478-4994-a5ba-3e3b0328c30d}'/><EventID>4688</EventID><Version>2</Version><Level>0</Level><Task>13312</Task><Opcode>0</Opcode><Keywords>0x8020000000000000</Keywords><TimeCreated SystemTime='2026-05-19T09:42:00.1988263Z'/><EventRecordID>999519558</EventRecordID><Correlation/><Execution ProcessID='4' ThreadID='15912'/><Channel>Security</Channel><Computer>ppppPWBADDC03.mmm.hhh.ggg</Computer><Security/>,-,0x0,,,-,NULL SID,,,-,,-,13312,'15912',%%1936,%%1936,1936.0,,,,,2,,,,,2026-05-19T05:42:00.198-0400,allowed,win:unknown,,,,,ppppPWBADDC03.mmm.hhh.ggg,,ppppPWBADDC03.mmm.hhh.ggg,ppppPWBADDC03,999519558,endpoint_services_processes windows_endpoint_processes windows_event_signature windows_process_new wineventlog_security wineventlog_windows winsec,,,ppppPWBADDC03,999519558,occs-sss-windows,1,A new process has been created,C:\Windows\System32\where.exe,0x42a8,where.exe,,,,,,,C:\Windows\System32\cmd.exe,0x31e8,cmd.exe,C:\Windows\System32\cmd.exe,C:\Windows\System32\where.exe /Q repadmin,/Q repadmin,where,where.exe,0x42a8,where.exe,C:\Windows\System32\where.exe,Windows,<_='://../////'><><_='---'_='{----}'/><></><></><>,,,,,,,,0x3e7,,,A new process has been created,4688,XmlWinEventLog:Security,XmlWinEventLog,bbbbbsplunkes03,,,MMM,,ppppPWBADDC03$,,success,A new process has been created,failure,,,"execute
os
process
report
security
start
track_event_signatures
windows",,,,"execute
os
process
report
security
start
track_event_signatures
windows",,,ppppPWBADDC03$,-,,,,,Microsoft,,Microsoft Windows
,,,,,MMM,,,ppppPWBADDC03$,,,Security,,,,,,where  /Q repadmin,ppppPWBADDC03.mmm.hhh.ggg,,,,-,4688,<Data Name='SubjectUserSid'>NT AUTHORITY\SYSTEM</Data><Data Name='SubjectUserName'>ppppPWBADDC03$</Data><Data Name='SubjectDomainName'>MMM</Data><Data Name='SubjectLogonId'>0x3e7</Data><Data Name='NewProcessId'>0x1008</Data><Data Name='NewProcessName'>C:\Windows\System32\where.exe</Data><Data Name='TokenElevationType'>%%1936</Data><Data Name='ProcessId'>0x2580</Data><Data Name='CommandLine'>where  /Q repadmin </Data><Data Name='TargetUserSid'>NULL SID</Data><Data Name='TargetUserName'>-</Data><Data Name='TargetDomainName'>-</Data><Data Name='TargetLogonId'>0x0</Data><Data Name='ParentProcessName'>C:\Windows\System32\cmd.exe</Data><Data Name='MandatoryLabel'>Mandatory Label\System Mandatory Level</Data>,4688.0,999515662,,,,,,,,,,,0x8020000000000000,0,,,,0x3e7,,Mandatory Label\System Mandatory Level,,,,,'Microsoft-Windows-Security-Auditing',0x1008,C:\Windows\System32\where.exe,,,,,,0,C:\Windows\System32\cmd.exe,,,,'4',0x2580,,where  /Q repadmin,,999515662,,,,,,,MMM,0x3e7,ppppPWBADDC03$,NT AUTHORITY\SYSTEM,,'2026-05-19T09:36:57.8900741Z',<Provider Name='Microsoft-Windows-Security-Auditing' Guid='{54849625-5478-4994-a5ba-3e3b0328c30d}'/><EventID>4688</EventID><Version>2</Version><Level>0</Level><Task>13312</Task><Opcode>0</Opcode><Keywords>0x8020000000000000</Keywords><TimeCreated SystemTime='2026-05-19T09:36:57.8900741Z'/><EventRecordID>999515662</EventRecordID><Correlation/><Execution ProcessID='4' ThreadID='17180'/><Channel>Security</Channel><Computer>ppppPWBADDC03.mmm.hhh.ggg</Computer><Security/>,-,0x0,,,-,NULL SID,,,-,,-,13312,'17180',%%1936,%%1936,1936.0,,,,,2,,,,,2026-05-19T05:36:57.890-0400,allowed,win:unknown,,,,,ppppPWBADDC03.mmm.hhh.ggg,,ppppPWBADDC03.mmm.hhh.ggg,ppppPWBADDC03,999515662,endpoint_services_processes windows_endpoint_processes windows_event_signature windows_process_new wineventlog_security wineventlog_windows winsec,,,ppppPWBADDC03,999515662,occs-sss-windows,1,A new process has been created,C:\Windows\System32\where.exe,0x1008,where.exe,,,,,,,C:\Windows\System32\cmd.exe,0x2580,cmd.exe,C:\Windows\System32\cmd.exe,C:\Windows\System32\where.exe /Q repadmin,/Q repadmin,where,where.exe,0x1008,where.exe,C:\Windows\System32\where.exe,Windows,<_='://../////'><><_='---'_='{----}'/><></><></><>,,,,,,,,0x3e7,,,A new process has been created,4688,XmlWinEventLog:Security,XmlWinEventLog,bbbbbsplunkes03,,,MMM,,ppppPWBADDC03$,,success,A new process has been created,failure,,,"execute
os
process
report
security
start
track_event_signatures
windows",,,,"execute
os
process
report
security
start
track_event_signatures
windows",,,ppppPWBADDC03$,-,,,,,Microsoft,,Microsoft Windows
,,,,,MMM,,,ppppPWBADDC03$,,,Security,,,,,,where  /Q repadmin,ppppPWBADDC03.mmm.hhh.ggg,,,,-,4688,<Data Name='SubjectUserSid'>NT AUTHORITY\SYSTEM</Data><Data Name='SubjectUserName'>ppppPWBADDC03$</Data><Data Name='SubjectDomainName'>MMM</Data><Data Name='SubjectLogonId'>0x3e7</Data><Data Name='NewProcessId'>0x4090</Data><Data Name='NewProcessName'>C:\Windows\System32\where.exe</Data><Data Name='TokenElevationType'>%%1936</Data><Data Name='ProcessId'>0x3d20</Data><Data Name='CommandLine'>where  /Q repadmin </Data><Data Name='TargetUserSid'>NULL SID</Data><Data Name='TargetUserName'>-</Data><Data Name='TargetDomainName'>-</Data><Data Name='TargetLogonId'>0x0</Data><Data Name='ParentProcessName'>C:\Windows\System32\cmd.exe</Data><Data Name='MandatoryLabel'>Mandatory Label\System Mandatory Level</Data>,4688.0,999511567,,,,,,,,,,,0x8020000000000000,0,,,,0x3e7,,Mandatory Label\System Mandatory Level,,,,,'Microsoft-Windows-Security-Auditing',0x4090,C:\Windows\System32\where.exe,,,,,,0,C:\Windows\System32\cmd.exe,,,,'4',0x3d20,,where  /Q repadmin,,999511567,,,,,,,MMM,0x3e7,ppppPWBADDC03$,NT AUTHORITY\SYSTEM,,'2026-05-19T09:31:55.5745831Z',<Provider Name='Microsoft-Windows-Security-Auditing' Guid='{54849625-5478-4994-a5ba-3e3b0328c30d}'/><EventID>4688</EventID><Version>2</Version><Level>0</Level><Task>13312</Task><Opcode>0</Opcode><Keywords>0x8020000000000000</Keywords><TimeCreated SystemTime='2026-05-19T09:31:55.5745831Z'/><EventRecordID>999511567</EventRecordID><Correlation/><Execution ProcessID='4' ThreadID='10112'/><Channel>Security</Channel><Computer>ppppPWBADDC03.mmm.hhh.ggg</Computer><Security/>,-,0x0,,,-,NULL SID,,,-,,-,13312,'10112',%%1936,%%1936,1936.0,,,,,2,,,,,2026-05-19T05:31:55.574-0400,allowed,win:unknown,,,,,ppppPWBADDC03.mmm.hhh.ggg,,ppppPWBADDC03.mmm.hhh.ggg,ppppPWBADDC03,999511567,endpoint_services_processes windows_endpoint_processes windows_event_signature windows_process_new wineventlog_security wineventlog_windows winsec,,,ppppPWBADDC03,999511567,occs-sss-windows,1,A new process has been created,C:\Windows\System32\where.exe,0x4090,where.exe,,,,,,,C:\Windows\System32\cmd.exe,0x3d20,cmd.exe,C:\Windows\System32\cmd.exe,C:\Windows\System32\where.exe /Q repadmin,/Q repadmin,where,where.exe,0x4090,where.exe,C:\Windows\System32\where.exe,Windows,<_='://../////'><><_='---'_='{----}'/><></><></><>,,,,,,,,0x3e7,,,A new process has been created,4688,XmlWinEventLog:Security,XmlWinEventLog,bbbbbsplunkes01,,,MMM,,ppppPWBADDC03$,,success,A new process has been created,failure,,,"execute
os
process
report
security
start
track_event_signatures
windows",,,,"execute
os
process
report
security
start
track_event_signatures
windows",,,ppppPWBADDC03$,-,,,,,Microsoft,,Microsoft Windows
,,,,,MMM,,,ppppPWBADDC03$,,,Security,,,,,,where  /Q repadmin,ppppPWBADDC03.mmm.hhh.ggg,,,,-,4688,<Data Name='SubjectUserSid'>NT AUTHORITY\SYSTEM</Data><Data Name='SubjectUserName'>ppppPWBADDC03$</Data><Data Name='SubjectDomainName'>MMM</Data><Data Name='SubjectLogonId'>0x3e7</Data><Data Name='NewProcessId'>0x43b0</Data><Data Name='NewProcessName'>C:\Windows\System32\where.exe</Data><Data Name='TokenElevationType'>%%1936</Data><Data Name='ProcessId'>0x2fac</Data><Data Name='CommandLine'>where  /Q repadmin </Data><Data Name='TargetUserSid'>NULL SID</Data><Data Name='TargetUserName'>-</Data><Data Name='TargetDomainName'>-</Data><Data Name='TargetLogonId'>0x0</Data><Data Name='ParentProcessName'>C:\Windows\System32\cmd.exe</Data><Data Name='MandatoryLabel'>Mandatory Label\System Mandatory Level</Data>,4688.0,999507659,,,,,,,,,,,0x8020000000000000,0,,,,0x3e7,,Mandatory Label\System Mandatory Level,,,,,'Microsoft-Windows-Security-Auditing',0x43b0,C:\Windows\System32\where.exe,,,,,,0,C:\Windows\System32\cmd.exe,,,,'4',0x2fac,,where  /Q repadmin,,999507659,,,,,,,MMM,0x3e7,ppppPWBADDC03$,NT AUTHORITY\SYSTEM,,'2026-05-19T09:26:52.4477389Z',<Provider Name='Microsoft-Windows-Security-Auditing' Guid='{54849625-5478-4994-a5ba-3e3b0328c30d}'/><EventID>4688</EventID><Version>2</Version><Level>0</Level><Task>13312</Task><Opcode>0</Opcode><Keywords>0x8020000000000000</Keywords><TimeCreated SystemTime='2026-05-19T09:26:52.4477389Z'/><EventRecordID>999507659</EventRecordID><Correlation/><Execution ProcessID='4' ThreadID='17336'/><Channel>Security</Channel><Computer>ppppPWBADDC03.mmm.hhh.ggg</Computer><Security/>,-,0x0,,,-,NULL SID,,,-,,-,13312,'17336',%%1936,%%1936,1936.0,,,,,2,,,,,2026-05-19T05:26:52.447-0400,allowed,win:unknown,,,,,ppppPWBADDC03.mmm.hhh.ggg,,ppppPWBADDC03.mmm.hhh.ggg,ppppPWBADDC03,999507659,endpoint_services_processes windows_endpoint_processes windows_event_signature windows_process_new wineventlog_security wineventlog_windows winsec,,,ppppPWBADDC03,999507659,occs-sss-windows,1,A new process has been created,C:\Windows\System32\where.exe,0x43b0,where.exe,,,,,,,C:\Windows\System32\cmd.exe,0x2fac,cmd.exe,C:\Windows\System32\cmd.exe,C:\Windows\System32\where.exe /Q repadmin,/Q repadmin,where,where.exe,0x43b0,where.exe,C:\Windows\System32\where.exe,Windows,<_='://../////'><><_='---'_='{----}'/><></><></><>,,,,,,,,0x3e7,,,A new process has been created,4688,XmlWinEventLog:Security,XmlWinEventLog,bbbbbsplunkes03,,,MMM,,ppppPWBADDC03$,,success,A new process has been created,failure,,,"execute
os
process
report
security
start
track_event_signatures
windows",,,,"execute
os
process
report
security
start
track_event_signatures
windows",,,ppppPWBADDC03$,-,,,,,Microsoft,,Microsoft Windows
,,,,,MMM,,,ppppPWBADDC03$,,,Security,,,,,,where  /Q repadmin,ppppPWBADDC03.mmm.hhh.ggg,,,,-,4688,<Data Name='SubjectUserSid'>NT AUTHORITY\SYSTEM</Data><Data Name='SubjectUserName'>ppppPWBADDC03$</Data><Data Name='SubjectDomainName'>MMM</Data><Data Name='SubjectLogonId'>0x3e7</Data><Data Name='NewProcessId'>0x3ba4</Data><Data Name='NewProcessName'>C:\Windows\System32\where.exe</Data><Data Name='TokenElevationType'>%%1936</Data><Data Name='ProcessId'>0xa98</Data><Data Name='CommandLine'>where  /Q repadmin </Data><Data Name='TargetUserSid'>NULL SID</Data><Data Name='TargetUserName'>-</Data><Data Name='TargetDomainName'>-</Data><Data Name='TargetLogonId'>0x0</Data><Data Name='ParentProcessName'>C:\Windows\System32\cmd.exe</Data><Data Name='MandatoryLabel'>Mandatory Label\System Mandatory Level</Data>,4688.0,999504083,,,,,,,,,,,0x8020000000000000,0,,,,0x3e7,,Mandatory Label\System Mandatory Level,,,,,'Microsoft-Windows-Security-Auditing',0x3ba4,C:\Windows\System32\where.exe,,,,,,0,C:\Windows\System32\cmd.exe,,,,'4',0xa98,,where  /Q repadmin,,999504083,,,,,,,MMM,0x3e7,ppppPWBADDC03$,NT AUTHORITY\SYSTEM,,'2026-05-19T09:21:50.1256230Z',<Provider Name='Microsoft-Windows-Security-Auditing' Guid='{54849625-5478-4994-a5ba-3e3b0328c30d}'/><EventID>4688</EventID><Version>2</Version><Level>0</Level><Task>13312</Task><Opcode>0</Opcode><Keywords>0x8020000000000000</Keywords><TimeCreated SystemTime='2026-05-19T09:21:50.1256230Z'/><EventRecordID>999504083</EventRecordID><Correlation/><Execution ProcessID='4' ThreadID='14804'/><Channel>Security</Channel><Computer>ppppPWBADDC03.mmm.hhh.ggg</Computer><Security/>,-,0x0,,,-,NULL SID,,,-,,-,13312,'14804',%%1936,%%1936,1936.0,,,,,2,,,,,2026-05-19T05:21:50.125-0400,allowed,win:unknown,,,,,ppppPWBADDC03.mmm.hhh.ggg,,ppppPWBADDC03.mmm.hhh.ggg,ppppPWBADDC03,999504083,endpoint_services_processes windows_endpoint_processes windows_event_signature windows_process_new wineventlog_security wineventlog_windows winsec,,,ppppPWBADDC03,999504083,occs-sss-windows,1,A new process has been created,C:\Windows\System32\where.exe,0x3ba4,where.exe,,,,,,,C:\Windows\System32\cmd.exe,0xa98,cmd.exe,C:\Windows\System32\cmd.exe,C:\Windows\System32\where.exe /Q repadmin,/Q repadmin,where,where.exe,0x3ba4,where.exe,C:\Windows\System32\where.exe,Windows,<_='://../////'><><_='---'_='{----}'/><></><></><>,,,,,,,,0x3e7,,,A new process has been created,4688,XmlWinEventLog:Security,XmlWinEventLog,bbbbbsplunkes01,,,MMM,,ppppPWBADDC03$,,success,A new process has been created,failure,,,"execute
os
process
report
security
start
track_event_signatures
windows",,,,"execute
os
process
report
security
start
track_event_signatures
windows",,,ppppPWBADDC03$,-,,,,,Microsoft,,Microsoft Windows
,,,,,MMM,,,ppppPWBADDC03$,,,Security,,,,,,where  /Q repadmin,ppppPWBADDC03.mmm.hhh.ggg,,,,-,4688,<Data Name='SubjectUserSid'>NT AUTHORITY\SYSTEM</Data><Data Name='SubjectUserName'>ppppPWBADDC03$</Data><Data Name='SubjectDomainName'>MMM</Data><Data Name='SubjectLogonId'>0x3e7</Data><Data Name='NewProcessId'>0x3f18</Data><Data Name='NewProcessName'>C:\Windows\System32\where.exe</Data><Data Name='TokenElevationType'>%%1936</Data><Data Name='ProcessId'>0x3a40</Data><Data Name='CommandLine'>where  /Q repadmin </Data><Data Name='TargetUserSid'>NULL SID</Data><Data Name='TargetUserName'>-</Data><Data Name='TargetDomainName'>-</Data><Data Name='TargetLogonId'>0x0</Data><Data Name='ParentProcessName'>C:\Windows\System32\cmd.exe</Data><Data Name='MandatoryLabel'>Mandatory Label\System Mandatory Level</Data>,4688.0,999500487,,,,,,,,,,,0x8020000000000000,0,,,,0x3e7,,Mandatory Label\System Mandatory Level,,,,,'Microsoft-Windows-Security-Auditing',0x3f18,C:\Windows\System32\where.exe,,,,,,0,C:\Windows\System32\cmd.exe,,,,'4',0x3a40,,where  /Q repadmin,,999500487,,,,,,,MMM,0x3e7,ppppPWBADDC03$,NT AUTHORITY\SYSTEM,,'2026-05-19T09:16:47.8159696Z',<Provider Name='Microsoft-Windows-Security-Auditing' Guid='{54849625-5478-4994-a5ba-3e3b0328c30d}'/><EventID>4688</EventID><Version>2</Version><Level>0</Level><Task>13312</Task><Opcode>0</Opcode><Keywords>0x8020000000000000</Keywords><TimeCreated SystemTime='2026-05-19T09:16:47.8159696Z'/><EventRecordID>999500487</EventRecordID><Correlation/><Execution ProcessID='4' ThreadID='15232'/><Channel>Security</Channel><Computer>ppppPWBADDC03.mmm.hhh.ggg</Computer><Security/>,-,0x0,,,-,NULL SID,,,-,,-,13312,'15232',%%1936,%%1936,1936.0,,,,,2,,,,,2026-05-19T05:16:47.815-0400,allowed,win:unknown,,,,,ppppPWBADDC03.mmm.hhh.ggg,,ppppPWBADDC03.mmm.hhh.ggg,ppppPWBADDC03,999500487,endpoint_services_processes windows_endpoint_processes windows_event_signature windows_process_new wineventlog_security wineventlog_windows winsec,,,ppppPWBADDC03,999500487,occs-sss-windows,1,A new process has been created,C:\Windows\System32\where.exe,0x3f18,where.exe,,,,,,,C:\Windows\System32\cmd.exe,0x3a40,cmd.exe,C:\Windows\System32\cmd.exe,C:\Windows\System32\where.exe /Q repadmin,/Q repadmin,where,where.exe,0x3f18,where.exe,C:\Windows\System32\where.exe,Windows,<_='://../////'><><_='---'_='{----}'/><></><></><>,,,,,,,,0x3e7,,,A new process has been created,4688,XmlWinEventLog:Security,XmlWinEventLog,bbbbbsplunkes01,,,MMM,,ppppPWBADDC03$,,success,A new process has been created,failure,,,"execute
os
process
report
security
start
track_event_signatures
windows",,,,"execute
os
process
report
security
start
track_event_signatures
windows",,,ppppPWBADDC03$,-,,,,,Microsoft,,Microsoft Windows
,,,,,MMM,,,ppppPWBADDC03$,,,Security,,,,,,where  /Q repadmin,ppppPWBADDC03.mmm.hhh.ggg,,,,-,4688,<Data Name='SubjectUserSid'>NT AUTHORITY\SYSTEM</Data><Data Name='SubjectUserName'>ppppPWBADDC03$</Data><Data Name='SubjectDomainName'>MMM</Data><Data Name='SubjectLogonId'>0x3e7</Data><Data Name='NewProcessId'>0xf40</Data><Data Name='NewProcessName'>C:\Windows\System32\where.exe</Data><Data Name='TokenElevationType'>%%1936</Data><Data Name='ProcessId'>0x43b0</Data><Data Name='CommandLine'>where  /Q repadmin </Data><Data Name='TargetUserSid'>NULL SID</Data><Data Name='TargetUserName'>-</Data><Data Name='TargetDomainName'>-</Data><Data Name='TargetLogonId'>0x0</Data><Data Name='ParentProcessName'>C:\Windows\System32\cmd.exe</Data><Data Name='MandatoryLabel'>Mandatory Label\System Mandatory Level</Data>,4688.0,999496975,,,,,,,,,,,0x8020000000000000,0,,,,0x3e7,,Mandatory Label\System Mandatory Level,,,,,'Microsoft-Windows-Security-Auditing',0xf40,C:\Windows\System32\where.exe,,,,,,0,C:\Windows\System32\cmd.exe,,,,'4',0x43b0,,where  /Q repadmin,,999496975,,,,,,,MMM,0x3e7,ppppPWBADDC03$,NT AUTHORITY\SYSTEM,,'2026-05-19T09:11:45.4335353Z',<Provider Name='Microsoft-Windows-Security-Auditing' Guid='{54849625-5478-4994-a5ba-3e3b0328c30d}'/><EventID>4688</EventID><Version>2</Version><Level>0</Level><Task>13312</Task><Opcode>0</Opcode><Keywords>0x8020000000000000</Keywords><TimeCreated SystemTime='2026-05-19T09:11:45.4335353Z'/><EventRecordID>999496975</EventRecordID><Correlation/><Execution ProcessID='4' ThreadID='5720'/><Channel>Security</Channel><Computer>ppppPWBADDC03.mmm.hhh.ggg</Computer><Security/>,-,0x0,,,-,NULL SID,,,-,,-,13312,'5720',%%1936,%%1936,1936.0,,,,,2,,,,,2026-05-19T05:11:45.433-0400,allowed,win:unknown,,,,,ppppPWBADDC03.mmm.hhh.ggg,,ppppPWBADDC03.mmm.hhh.ggg,ppppPWBADDC03,999496975,endpoint_services_processes windows_endpoint_processes windows_event_signature windows_process_new wineventlog_security wineventlog_windows winsec,,,ppppPWBADDC03,999496975,occs-sss-windows,1,A new process has been created,C:\Windows\System32\where.exe,0xf40,where.exe,,,,,,,C:\Windows\System32\cmd.exe,0x43b0,cmd.exe,C:\Windows\System32\cmd.exe,C:\Windows\System32\where.exe /Q repadmin,/Q repadmin,where,where.exe,0xf40,where.exe,C:\Windows\System32\where.exe,Windows,<_='://../////'><><_='---'_='{----}'/><></><></><>,,,,,,,,0x3e7,,,A new process has been created,4688,XmlWinEventLog:Security,XmlWinEventLog,bbbbbsplunkes01,,,MMM,,ppppPWBADDC03$,,success,A new process has been created,failure,,,"execute
os
process
report
security
start
track_event_signatures
windows",,,,"execute
os
process
report
security
start
track_event_signatures
windows",,,ppppPWBADDC03$,-,,,,,Microsoft,,Microsoft Windows
,,,,,MMM,,,ppppPWBADDC03$,,,Security,,,,,,where  /Q repadmin,ppppPWBADDC03.mmm.hhh.ggg,,,,-,4688,<Data Name='SubjectUserSid'>NT AUTHORITY\SYSTEM</Data><Data Name='SubjectUserName'>ppppPWBADDC03$</Data><Data Name='SubjectDomainName'>MMM</Data><Data Name='SubjectLogonId'>0x3e7</Data><Data Name='NewProcessId'>0x284c</Data><Data Name='NewProcessName'>C:\Windows\System32\where.exe</Data><Data Name='TokenElevationType'>%%1936</Data><Data Name='ProcessId'>0x1250</Data><Data Name='CommandLine'>where  /Q repadmin </Data><Data Name='TargetUserSid'>NULL SID</Data><Data Name='TargetUserName'>-</Data><Data Name='TargetDomainName'>-</Data><Data Name='TargetLogonId'>0x0</Data><Data Name='ParentProcessName'>C:\Windows\System32\cmd.exe</Data><Data Name='MandatoryLabel'>Mandatory Label\System Mandatory Level</Data>,4688.0,999492943,,,,,,,,,,,0x8020000000000000,0,,,,0x3e7,,Mandatory Label\System Mandatory Level,,,,,'Microsoft-Windows-Security-Auditing',0x284c,C:\Windows\System32\where.exe,,,,,,0,C:\Windows\System32\cmd.exe,,,,'4',0x1250,,where  /Q repadmin,,999492943,,,,,,,MMM,0x3e7,ppppPWBADDC03$,NT AUTHORITY\SYSTEM,,'2026-05-19T09:06:42.3821894Z',<Provider Name='Microsoft-Windows-Security-Auditing' Guid='{54849625-5478-4994-a5ba-3e3b0328c30d}'/><EventID>4688</EventID><Version>2</Version><Level>0</Level><Task>13312</Task><Opcode>0</Opcode><Keywords>0x8020000000000000</Keywords><TimeCreated SystemTime='2026-05-19T09:06:42.3821894Z'/><EventRecordID>999492943</EventRecordID><Correlation/><Execution ProcessID='4' ThreadID='12728'/><Channel>Security</Channel><Computer>ppppPWBADDC03.mmm.hhh.ggg</Computer><Security/>,-,0x0,,,-,NULL SID,,,-,,-,13312,'12728',%%1936,%%1936,1936.0,,,,,2,,,,,2026-05-19T05:06:42.382-0400,allowed,win:unknown,,,,,ppppPWBADDC03.mmm.hhh.ggg,,ppppPWBADDC03.mmm.hhh.ggg,ppppPWBADDC03,999492943,endpoint_services_processes windows_endpoint_processes windows_event_signature windows_process_new wineventlog_security wineventlog_windows winsec,,,ppppPWBADDC03,999492943,occs-sss-windows,1,A new process has been created,C:\Windows\System32\where.exe,0x284c,where.exe,,,,,,,C:\Windows\System32\cmd.exe,0x1250,cmd.exe,C:\Windows\System32\cmd.exe,C:\Windows\System32\where.exe /Q repadmin,/Q repadmin,where,where.exe,0x284c,where.exe,C:\Windows\System32\where.exe,Windows,<_='://../////'><><_='---'_='{----}'/><></><></><>,,,,,,,,0x3e7,,,A new process has been created,4688,XmlWinEventLog:Security,XmlWinEventLog,bbbbbsplunkes02,,,MMM,,ppppPWBADDC03$,,success,A new process has been created,failure,,,"execute
os
process
report
security
start
track_event_signatures
windows",,,,"execute
os
process
report
security
start
track_event_signatures
windows",,,ppppPWBADDC03$,-,,,,,Microsoft,,Microsoft Windows
,,,,,MMM,,,ppppPWBADDC03$,,,Security,,,,,,where  /Q repadmin,ppppPWBADDC03.mmm.hhh.ggg,,,,-,4688,<Data Name='SubjectUserSid'>NT AUTHORITY\SYSTEM</Data><Data Name='SubjectUserName'>ppppPWBADDC03$</Data><Data Name='SubjectDomainName'>MMM</Data><Data Name='SubjectLogonId'>0x3e7</Data><Data Name='NewProcessId'>0x3724</Data><Data Name='NewProcessName'>C:\Windows\System32\where.exe</Data><Data Name='TokenElevationType'>%%1936</Data><Data Name='ProcessId'>0xa34</Data><Data Name='CommandLine'>where  /Q repadmin </Data><Data Name='TargetUserSid'>NULL SID</Data><Data Name='TargetUserName'>-</Data><Data Name='TargetDomainName'>-</Data><Data Name='TargetLogonId'>0x0</Data><Data Name='ParentProcessName'>C:\Windows\System32\cmd.exe</Data><Data Name='MandatoryLabel'>Mandatory Label\System Mandatory Level</Data>,4688.0,999489363,,,,,,,,,,,0x8020000000000000,0,,,,0x3e7,,Mandatory Label\System Mandatory Level,,,,,'Microsoft-Windows-Security-Auditing',0x3724,C:\Windows\System32\where.exe,,,,,,0,C:\Windows\System32\cmd.exe,,,,'4',0xa34,,where  /Q repadmin,,999489363,,,,,,,MMM,0x3e7,ppppPWBADDC03$,NT AUTHORITY\SYSTEM,,'2026-05-19T09:01:40.0516705Z',<Provider Name='Microsoft-Windows-Security-Auditing' Guid='{54849625-5478-4994-a5ba-3e3b0328c30d}'/><EventID>4688</EventID><Version>2</Version><Level>0</Level><Task>13312</Task><Opcode>0</Opcode><Keywords>0x8020000000000000</Keywords><TimeCreated SystemTime='2026-05-19T09:01:40.0516705Z'/><EventRecordID>999489363</EventRecordID><Correlation/><Execution ProcessID='4' ThreadID='17336'/><Channel>Security</Channel><Computer>ppppPWBADDC03.mmm.hhh.ggg</Computer><Security/>,-,0x0,,,-,NULL SID,,,-,,-,13312,'17336',%%1936,%%1936,1936.0,,,,,2,,,,,2026-05-19T05:01:40.051-0400,allowed,win:unknown,,,,,ppppPWBADDC03.mmm.hhh.ggg,,ppppPWBADDC03.mmm.hhh.ggg,ppppPWBADDC03,999489363,endpoint_services_processes windows_endpoint_processes windows_event_signature windows_process_new wineventlog_security wineventlog_windows winsec,,,ppppPWBADDC03,999489363,occs-sss-windows,1,A new process has been created,C:\Windows\System32\where.exe,0x3724,where.exe,,,,,,,C:\Windows\System32\cmd.exe,0xa34,cmd.exe,C:\Windows\System32\cmd.exe,C:\Windows\System32\where.exe /Q repadmin,/Q repadmin,where,where.exe,0x3724,where.exe,C:\Windows\System32\where.exe,Windows,<_='://../////'><><_='---'_='{----}'/><></><></><>,,,,,,,,0x3e7,,,A new process has been created,4688,XmlWinEventLog:Security,XmlWinEventLog,bbbbbsplunkes01,,,MMM,,ppppPWBADDC03$,,success,A new process has been created,failure,,,"execute
os
process
report
security
start
track_event_signatures
windows",,,,"execute
os
process
report
security
start
track_event_signatures
windows",,,ppppPWBADDC03$,-,,,,,Microsoft,,Microsoft Windows
,,,,,MMM,,,ppppPWBADDC03$,,,Security,,,,,,where  /Q repadmin,ppppPWBADDC03.mmm.hhh.ggg,,,,-,4688,<Data Name='SubjectUserSid'>NT AUTHORITY\SYSTEM</Data><Data Name='SubjectUserName'>ppppPWBADDC03$</Data><Data Name='SubjectDomainName'>MMM</Data><Data Name='SubjectLogonId'>0x3e7</Data><Data Name='NewProcessId'>0x272c</Data><Data Name='NewProcessName'>C:\Windows\System32\where.exe</Data><Data Name='TokenElevationType'>%%1936</Data><Data Name='ProcessId'>0x26d8</Data><Data Name='CommandLine'>where  /Q repadmin </Data><Data Name='TargetUserSid'>NULL SID</Data><Data Name='TargetUserName'>-</Data><Data Name='TargetDomainName'>-</Data><Data Name='TargetLogonId'>0x0</Data><Data Name='ParentProcessName'>C:\Windows\System32\cmd.exe</Data><Data Name='MandatoryLabel'>Mandatory Label\System Mandatory Level</Data>,4688.0,999485444,,,,,,,,,,,0x8020000000000000,0,,,,0x3e7,,Mandatory Label\System Mandatory Level,,,,,'Microsoft-Windows-Security-Auditing',0x272c,C:\Windows\System32\where.exe,,,,,,0,C:\Windows\System32\cmd.exe,,,,'4',0x26d8,,where  /Q repadmin,,999485444,,,,,,,MMM,0x3e7,ppppPWBADDC03$,NT AUTHORITY\SYSTEM,,'2026-05-19T08:56:37.6523478Z',<Provider Name='Microsoft-Windows-Security-Auditing' Guid='{54849625-5478-4994-a5ba-3e3b0328c30d}'/><EventID>4688</EventID><Version>2</Version><Level>0</Level><Task>13312</Task><Opcode>0</Opcode><Keywords>0x8020000000000000</Keywords><TimeCreated SystemTime='2026-05-19T08:56:37.6523478Z'/><EventRecordID>999485444</EventRecordID><Correlation/><Execution ProcessID='4' ThreadID='9184'/><Channel>Security</Channel><Computer>ppppPWBADDC03.mmm.hhh.ggg</Computer><Security/>,-,0x0,,,-,NULL SID,,,-,,-,13312,'9184',%%1936,%%1936,1936.0,,,,,2,,,,,2026-05-19T04:56:37.652-0400,allowed,win:unknown,,,,,ppppPWBADDC03.mmm.hhh.ggg,,ppppPWBADDC03.mmm.hhh.ggg,ppppPWBADDC03,999485444,endpoint_services_processes windows_endpoint_processes windows_event_signature windows_process_new wineventlog_security wineventlog_windows winsec,,,ppppPWBADDC03,999485444,occs-sss-windows,1,A new process has been created,C:\Windows\System32\where.exe,0x272c,where.exe,,,,,,,C:\Windows\System32\cmd.exe,0x26d8,cmd.exe,C:\Windows\System32\cmd.exe,C:\Windows\System32\where.exe /Q repadmin,/Q repadmin,where,where.exe,0x272c,where.exe,C:\Windows\System32\where.exe,Windows,<_='://../////'><><_='---'_='{----}'/><></><></><>,,,,,,,,0x3e7,,,A new process has been created,4688,XmlWinEventLog:Security,XmlWinEventLog,bbbbbsplunkes03,,,MMM,,ppppPWBADDC03$,,success,A new process has been created,failure,,,"execute
os
process
report
security
start
track_event_signatures
windows",,,,"execute
os
process
report
security
start
track_event_signatures
windows",,,ppppPWBADDC03$,-,,,,,Microsoft,,Microsoft Windows
,,,,,MMM,,,ppppPWBADDC03$,,,Security,,,,,,where  /Q repadmin,ppppPWBADDC03.mmm.hhh.ggg,,,,-,4688,<Data Name='SubjectUserSid'>NT AUTHORITY\SYSTEM</Data><Data Name='SubjectUserName'>ppppPWBADDC03$</Data><Data Name='SubjectDomainName'>MMM</Data><Data Name='SubjectLogonId'>0x3e7</Data><Data Name='NewProcessId'>0x2f68</Data><Data Name='NewProcessName'>C:\Windows\System32\where.exe</Data><Data Name='TokenElevationType'>%%1936</Data><Data Name='ProcessId'>0x23bc</Data><Data Name='CommandLine'>where  /Q repadmin </Data><Data Name='TargetUserSid'>NULL SID</Data><Data Name='TargetUserName'>-</Data><Data Name='TargetDomainName'>-</Data><Data Name='TargetLogonId'>0x0</Data><Data Name='ParentProcessName'>C:\Windows\System32\cmd.exe</Data><Data Name='MandatoryLabel'>Mandatory Label\System Mandatory Level</Data>,4688.0,999481602,,,,,,,,,,,0x8020000000000000,0,,,,0x3e7,,Mandatory Label\System Mandatory Level,,,,,'Microsoft-Windows-Security-Auditing',0x2f68,C:\Windows\System32\where.exe,,,,,,0,C:\Windows\System32\cmd.exe,,,,'4',0x23bc,,where  /Q repadmin,,999481602,,,,,,,MMM,0x3e7,ppppPWBADDC03$,NT AUTHORITY\SYSTEM,,'2026-05-19T08:51:35.2990721Z',<Provider Name='Microsoft-Windows-Security-Auditing' Guid='{54849625-5478-4994-a5ba-3e3b0328c30d}'/><EventID>4688</EventID><Version>2</Version><Level>0</Level><Task>13312</Task><Opcode>0</Opcode><Keywords>0x8020000000000000</Keywords><TimeCreated SystemTime='2026-05-19T08:51:35.2990721Z'/><EventRecordID>999481602</EventRecordID><Correlation/><Execution ProcessID='4' ThreadID='4168'/><Channel>Security</Channel><Computer>ppppPWBADDC03.mmm.hhh.ggg</Computer><Security/>,-,0x0,,,-,NULL SID,,,-,,-,13312,'4168',%%1936,%%1936,1936.0,,,,,2,,,,,2026-05-19T04:51:35.299-0400,allowed,win:unknown,,,,,ppppPWBADDC03.mmm.hhh.ggg,,ppppPWBADDC03.mmm.hhh.ggg,ppppPWBADDC03,999481602,endpoint_services_processes windows_endpoint_processes windows_event_signature windows_process_new wineventlog_security wineventlog_windows winsec,,,ppppPWBADDC03,999481602,occs-sss-windows,1,A new process has been created,C:\Windows\System32\where.exe,0x2f68,where.exe,,,,,,,C:\Windows\System32\cmd.exe,0x23bc,cmd.exe,C:\Windows\System32\cmd.exe,C:\Windows\System32\where.exe /Q repadmin,/Q repadmin,where,where.exe,0x2f68,where.exe,C:\Windows\System32\where.exe,Windows,<_='://../////'><><_='---'_='{----}'/><></><></><>,,,,,,,,0x3e7,,,A new process has been created,4688,XmlWinEventLog:Security,XmlWinEventLog,bbbbbsplunkes03,,,MMM,,ppppPWBADDC03$,,success,A new process has been created,failure,,,"execute
os
process
report
security
start
track_event_signatures
windows",,,,"execute
os
process
report
security
start
track_event_signatures
windows",,,ppppPWBADDC03$,-,,,,,Microsoft,,Microsoft Windows
,,,,,MMM,,,ppppPWBADDC03$,,,Security,,,,,,where  /Q repadmin,ppppPWBADDC03.mmm.hhh.ggg,,,,-,4688,<Data Name='SubjectUserSid'>NT AUTHORITY\SYSTEM</Data><Data Name='SubjectUserName'>ppppPWBADDC03$</Data><Data Name='SubjectDomainName'>MMM</Data><Data Name='SubjectLogonId'>0x3e7</Data><Data Name='NewProcessId'>0x4020</Data><Data Name='NewProcessName'>C:\Windows\System32\where.exe</Data><Data Name='TokenElevationType'>%%1936</Data><Data Name='ProcessId'>0x2c1c</Data><Data Name='CommandLine'>where  /Q repadmin </Data><Data Name='TargetUserSid'>NULL SID</Data><Data Name='TargetUserName'>-</Data><Data Name='TargetDomainName'>-</Data><Data Name='TargetLogonId'>0x0</Data><Data Name='ParentProcessName'>C:\Windows\System32\cmd.exe</Data><Data Name='MandatoryLabel'>Mandatory Label\System Mandatory Level</Data>,4688.0,999478708,,,,,,,,,,,0x8020000000000000,0,,,,0x3e7,,Mandatory Label\System Mandatory Level,,,,,'Microsoft-Windows-Security-Auditing',0x4020,C:\Windows\System32\where.exe,,,,,,0,C:\Windows\System32\cmd.exe,,,,'4',0x2c1c,,where  /Q repadmin,,999478708,,,,,,,MMM,0x3e7,ppppPWBADDC03$,NT AUTHORITY\SYSTEM,,'2026-05-19T08:46:32.3445990Z',<Provider Name='Microsoft-Windows-Security-Auditing' Guid='{54849625-5478-4994-a5ba-3e3b0328c30d}'/><EventID>4688</EventID><Version>2</Version><Level>0</Level><Task>13312</Task><Opcode>0</Opcode><Keywords>0x8020000000000000</Keywords><TimeCreated SystemTime='2026-05-19T08:46:32.3445990Z'/><EventRecordID>999478708</EventRecordID><Correlation/><Execution ProcessID='4' ThreadID='4348'/><Channel>Security</Channel><Computer>ppppPWBADDC03.mmm.hhh.ggg</Computer><Security/>,-,0x0,,,-,NULL SID,,,-,,-,13312,'4348',%%1936,%%1936,1936.0,,,,,2,,,,,2026-05-19T04:46:32.344-0400,allowed,win:unknown,,,,,ppppPWBADDC03.mmm.hhh.ggg,,ppppPWBADDC03.mmm.hhh.ggg,ppppPWBADDC03,999478708,endpoint_services_processes windows_endpoint_processes windows_event_signature windows_process_new wineventlog_security wineventlog_windows winsec,,,ppppPWBADDC03,999478708,occs-sss-windows,1,A new process has been created,C:\Windows\System32\where.exe,0x4020,where.exe,,,,,,,C:\Windows\System32\cmd.exe,0x2c1c,cmd.exe,C:\Windows\System32\cmd.exe,C:\Windows\System32\where.exe /Q repadmin,/Q repadmin,where,where.exe,0x4020,where.exe,C:\Windows\System32\where.exe,Windows,<_='://../////'><><_='---'_='{----}'/><></><></><>,,,,,,,,0x3e7,,,A new process has been created,4688,XmlWinEventLog:Security,XmlWinEventLog,bbbbbsplunkes01,,,MMM,,ppppPWBADDC03$,,success,A new process has been created,failure,,,"execute
os
process
report
security
start
track_event_signatures
windows",,,,"execute
os
process
report
security
start
track_event_signatures
windows",,,ppppPWBADDC03$,-,,,,,Microsoft,,Microsoft Windows
,,,,,MMM,,,ppppPWBADDC03$,,,Security,,,,,,"C:\Windows\System32\WindowsPowershell\v1.0\powershell  -NoProfile -Command ""&amp; {$j = sajb {$ErrorActionPreference = 'SilentlyContinue';$ErrorActionPreference = 'SilentlyContinue';$jars = $(Get-ChildItem -Path 'C:\*', 'F:\*' -Recurse -Include '*.jar','*.war','*.ear'| Where-Object Attributes -NotLike ""*ReparsePoint*""| Where-Object { -not $_.PSIsContainer }| % {$_.FullName});try{Add-Type -AssemblyName System.IO.Compression.FileSystem;}catch{'no_archive_inspection'};$num_jars_found = 0;$num_jars_insp = 0;$jars_mod = 0;$rxp_log4j = '(?:\\|\/)(log4j-?(?:core-?)?(\d[.\d]+)?(?:-?((?:rc|alpha|beta)-?\d*))?\.jar)';$rgx_log4j = [Regex]::new($rxp_log4j);$rxp_class = '(.*JndiLookup.class)?(.*JMSAppender.class)?(.*JdbcAppender.class)?';$rgx_class = [Regex]::new($rxp_class,[System.Text.RegularExpressions.RegexOptions]::IgnoreCase);foreach($jar in $jars){$num_jars_found++;};-join('num_jars_found:',$num_jars_found);foreach($jar in $jars){$jars_count++;$jars_mod = $jars_count % 100;if($jars_mod -eq 0){-join('# jars processed marker: ',$jars_count, ' of ',$num_jars_found);};$l4jf = $l4jd = $l4je = $jdlc = $jmsa = $jdbc = $null;$inspect = $true;if($rgx_log4j.IsMatch($jar)){$l4jf=$jar};$jar_open_read = [IO.Compression.ZipFile]::OpenRead($jar);$entries = try{$jar_open_read;}catch{$inspect=$false;};if($inspect){foreach($e in $entries.Entries){$fn = $e.Fullname;if($rgx_class.Match($fn).Groups[1].Value){$jdlc = 'Found'};if($rgx_class.Match($fn).Groups[2].Value){$jmsa = 'Found'};if($rgx_class.Match($fn).Groups[3].Value){$jdbc = 'Found'};if($rgx_log4j.IsMatch($fn)){$l4jd = $fn;$l4jd_zip = [IO.Compression.ZipArchive]::new($e.Open());foreach ($l4jdE in $l4jd_zip.Entries){$le = $l4jdE.FullName;if($rgx_class.Match($le).Groups[1].Value){$jdlc = 'Found'};if($rgx_class.Match($le).Groups[2].Value){$jmsa = 'Found'};if($rgx_class.Match($le).Groups[3].Value){$jdbc = 'Found'};};$l4jd_zip.Dispose();$e.Archive.Dispose();[GC]::Collect();};if(!$jdlc){$jdlc = 'Not Found';};if(!$jmsa){$jmsa = 'Not Found';};if(!$jdbc){$jdbc = 'Not Found';};};if(!$jdlc){$jdlc = 'Unknown';};if(!$jmsa){$jmsa = 'Unknown';};if(!$jdbc){$jdbc = 'Unknown';};};if($l4jf){-join('f|',$l4jf,'|',$jdlc,'|',$jmsa,'|',$jdbc,\""`r\"")| Write-Host};if($l4jd){-join('d|',$jar,'|',$l4jd,'|',$jdlc,'|',$jmsa,'|',$jdbc,\""`r\"")| Write-Host};if($l4je){-join($l4je,'|',$jdlc,'|',$jmsa,'|',$jdbc,\""`r\"")| Write-Host};[GC]::Collect();[System.Threading.Thread]::Sleep(250);};-join('# jars processed marker: ',$jars_count, ' of ',$num_jars_found);-join('num_jars_found:',$num_jars_found);};$r = wjb $j -Timeout 2880; rcjb $j;}""",ppppPWBADDC03.mmm.hhh.ggg,,,,-,4688,"<Data Name='SubjectUserSid'>NT AUTHORITY\SYSTEM</Data><Data Name='SubjectUserName'>ppppPWBADDC03$</Data><Data Name='SubjectDomainName'>MMM</Data><Data Name='SubjectLogonId'>0x3e7</Data><Data Name='NewProcessId'>0x4050</Data><Data Name='NewProcessName'>C:\Windows\System32\WindowsPowerShell\v1.0\powershell.exe</Data><Data Name='TokenElevationType'>%%1936</Data><Data Name='ProcessId'>0x20ac</Data><Data Name='CommandLine'>C:\Windows\System32\WindowsPowershell\v1.0\powershell  -NoProfile -Command ""&amp; {$j = sajb {$ErrorActionPreference = 'SilentlyContinue';$ErrorActionPreference = 'SilentlyContinue';$jars = $(Get-ChildItem -Path 'C:\*', 'F:\*' -Recurse -Include '*.jar','*.war','*.ear'| Where-Object Attributes -NotLike ""*ReparsePoint*""| Where-Object { -not $_.PSIsContainer }| % {$_.FullName});try{Add-Type -AssemblyName System.IO.Compression.FileSystem;}catch{'no_archive_inspection'};$num_jars_found = 0;$num_jars_insp = 0;$jars_mod = 0;$rxp_log4j = '(?:\\|\/)(log4j-?(?:core-?)?(\d[.\d]+)?(?:-?((?:rc|alpha|beta)-?\d*))?\.jar)';$rgx_log4j = [Regex]::new($rxp_log4j);$rxp_class = '(.*JndiLookup.class)?(.*JMSAppender.class)?(.*JdbcAppender.class)?';$rgx_class = [Regex]::new($rxp_class,[System.Text.RegularExpressions.RegexOptions]::IgnoreCase);foreach($jar in $jars){$num_jars_found++;};-join('num_jars_found:',$num_jars_found);foreach($jar in $jars){$jars_count++;$jars_mod = $jars_count % 100;if($jars_mod -eq 0){-join('# jars processed marker: ',$jars_count, ' of ',$num_jars_found);};$l4jf = $l4jd = $l4je = $jdlc = $jmsa = $jdbc = $null;$inspect = $true;if($rgx_log4j.IsMatch($jar)){$l4jf=$jar};$jar_open_read = [IO.Compression.ZipFile]::OpenRead($jar);$entries = try{$jar_open_read;}catch{$inspect=$false;};if($inspect){foreach($e in $entries.Entries){$fn = $e.Fullname;if($rgx_class.Match($fn).Groups[1].Value){$jdlc = 'Found'};if($rgx_class.Match($fn).Groups[2].Value){$jmsa = 'Found'};if($rgx_class.Match($fn).Groups[3].Value){$jdbc = 'Found'};if($rgx_log4j.IsMatch($fn)){$l4jd = $fn;$l4jd_zip = [IO.Compression.ZipArchive]::new($e.Open());foreach ($l4jdE in $l4jd_zip.Entries){$le = $l4jdE.FullName;if($rgx_class.Match($le).Groups[1].Value){$jdlc = 'Found'};if($rgx_class.Match($le).Groups[2].Value){$jmsa = 'Found'};if($rgx_class.Match($le).Groups[3].Value){$jdbc = 'Found'};};$l4jd_zip.Dispose();$e.Archive.Dispose();[GC]::Collect();};if(!$jdlc){$jdlc = 'Not Found';};if(!$jmsa){$jmsa = 'Not Found';};if(!$jdbc){$jdbc = 'Not Found';};};if(!$jdlc){$jdlc = 'Unknown';};if(!$jmsa){$jmsa = 'Unknown';};if(!$jdbc){$jdbc = 'Unknown';};};if($l4jf){-join('f|',$l4jf,'|',$jdlc,'|',$jmsa,'|',$jdbc,\""`r\"")| Write-Host};if($l4jd){-join('d|',$jar,'|',$l4jd,'|',$jdlc,'|',$jmsa,'|',$jdbc,\""`r\"")| Write-Host};if($l4je){-join($l4je,'|',$jdlc,'|',$jmsa,'|',$jdbc,\""`r\"")| Write-Host};[GC]::Collect();[System.Threading.Thread]::Sleep(250);};-join('# jars processed marker: ',$jars_count, ' of ',$num_jars_found);-join('num_jars_found:',$num_jars_found);};$r = wjb $j -Timeout 2880; rcjb $j;}""</Data><Data Name='TargetUserSid'>NULL SID</Data><Data Name='TargetUserName'>-</Data><Data Name='TargetDomainName'>-</Data><Data Name='TargetLogonId'>0x0</Data><Data Name='ParentProcessName'>C:\Windows\System32\cmd.exe</Data><Data Name='MandatoryLabel'>Mandatory Label\System Mandatory Level</Data>",4688.0,999474905,,,,,,,,,,,0x8020000000000000,0,,,,0x3e7,,Mandatory Label\System Mandatory Level,,,,,'Microsoft-Windows-Security-Auditing',0x4050,C:\Windows\System32\WindowsPowerShell\v1.0\powershell.exe,,,,,,0,C:\Windows\System32\cmd.exe,,,,'4',0x20ac,,"C:\Windows\System32\WindowsPowershell\v1.0\powershell  -NoProfile -Command ""&amp; {$j = sajb {$ErrorActionPreference = 'SilentlyContinue';$ErrorActionPreference = 'SilentlyContinue';$jars = $(Get-ChildItem -Path 'C:\*', 'F:\*' -Recurse -Include '*.jar','*.war','*.ear'| Where-Object Attributes -NotLike ""*ReparsePoint*""| Where-Object { -not $_.PSIsContainer }| % {$_.FullName});try{Add-Type -AssemblyName System.IO.Compression.FileSystem;}catch{'no_archive_inspection'};$num_jars_found = 0;$num_jars_insp = 0;$jars_mod = 0;$rxp_log4j = '(?:\\|\/)(log4j-?(?:core-?)?(\d[.\d]+)?(?:-?((?:rc|alpha|beta)-?\d*))?\.jar)';$rgx_log4j = [Regex]::new($rxp_log4j);$rxp_class = '(.*JndiLookup.class)?(.*JMSAppender.class)?(.*JdbcAppender.class)?';$rgx_class = [Regex]::new($rxp_class,[System.Text.RegularExpressions.RegexOptions]::IgnoreCase);foreach($jar in $jars){$num_jars_found++;};-join('num_jars_found:',$num_jars_found);foreach($jar in $jars){$jars_count++;$jars_mod = $jars_count % 100;if($jars_mod -eq 0){-join('# jars processed marker: ',$jars_count, ' of ',$num_jars_found);};$l4jf = $l4jd = $l4je = $jdlc = $jmsa = $jdbc = $null;$inspect = $true;if($rgx_log4j.IsMatch($jar)){$l4jf=$jar};$jar_open_read = [IO.Compression.ZipFile]::OpenRead($jar);$entries = try{$jar_open_read;}catch{$inspect=$false;};if($inspect){foreach($e in $entries.Entries){$fn = $e.Fullname;if($rgx_class.Match($fn).Groups[1].Value){$jdlc = 'Found'};if($rgx_class.Match($fn).Groups[2].Value){$jmsa = 'Found'};if($rgx_class.Match($fn).Groups[3].Value){$jdbc = 'Found'};if($rgx_log4j.IsMatch($fn)){$l4jd = $fn;$l4jd_zip = [IO.Compression.ZipArchive]::new($e.Open());foreach ($l4jdE in $l4jd_zip.Entries){$le = $l4jdE.FullName;if($rgx_class.Match($le).Groups[1].Value){$jdlc = 'Found'};if($rgx_class.Match($le).Groups[2].Value){$jmsa = 'Found'};if($rgx_class.Match($le).Groups[3].Value){$jdbc = 'Found'};};$l4jd_zip.Dispose();$e.Archive.Dispose();[GC]::Collect();};if(!$jdlc){$jdlc = 'Not Found';};if(!$jmsa){$jmsa = 'Not Found';};if(!$jdbc){$jdbc = 'Not Found';};};if(!$jdlc){$jdlc = 'Unknown';};if(!$jmsa){$jmsa = 'Unknown';};if(!$jdbc){$jdbc = 'Unknown';};};if($l4jf){-join('f|',$l4jf,'|',$jdlc,'|',$jmsa,'|',$jdbc,\""`r\"")| Write-Host};if($l4jd){-join('d|',$jar,'|',$l4jd,'|',$jdlc,'|',$jmsa,'|',$jdbc,\""`r\"")| Write-Host};if($l4je){-join($l4je,'|',$jdlc,'|',$jmsa,'|',$jdbc,\""`r\"")| Write-Host};[GC]::Collect();[System.Threading.Thread]::Sleep(250);};-join('# jars processed marker: ',$jars_count, ' of ',$num_jars_found);-join('num_jars_found:',$num_jars_found);};$r = wjb $j -Timeout 2880; rcjb $j;}""",,999474905,,,,,,,MMM,0x3e7,ppppPWBADDC03$,NT AUTHORITY\SYSTEM,,'2026-05-19T08:41:48.6138360Z',<Provider Name='Microsoft-Windows-Security-Auditing' Guid='{54849625-5478-4994-a5ba-3e3b0328c30d}'/><EventID>4688</EventID><Version>2</Version><Level>0</Level><Task>13312</Task><Opcode>0</Opcode><Keywords>0x8020000000000000</Keywords><TimeCreated SystemTime='2026-05-19T08:41:48.6138360Z'/><EventRecordID>999474905</EventRecordID><Correlation/><Execution ProcessID='4' ThreadID='10248'/><Channel>Security</Channel><Computer>ppppPWBADDC03.mmm.hhh.ggg</Computer><Security/>,-,0x0,,,-,NULL SID,,,-,,-,13312,'10248',%%1936,%%1936,1936.0,,,,,2,,,,,2026-05-19T04:41:48.613-0400,allowed,win:unknown,,,,,ppppPWBADDC03.mmm.hhh.ggg,,ppppPWBADDC03.mmm.hhh.ggg,ppppPWBADDC03,999474905,endpoint_services_processes windows_endpoint_processes windows_event_signature windows_process_new wineventlog_security wineventlog_windows winsec,,,ppppPWBADDC03,999474905,occs-sss-windows,1,A new process has been created,C:\Windows\System32\WindowsPowerShell\v1.0\powershell.exe,0x4050,powershell.exe,,,,,,,C:\Windows\System32\cmd.exe,0x20ac,cmd.exe,C:\Windows\System32\cmd.exe,"C:\Windows\System32\WindowsPowershell\v1.0\powershell  -NoProfile -Command ""&amp; {$j = sajb {$ErrorActionPreference = 'SilentlyContinue';$ErrorActionPreference = 'SilentlyContinue';$jars = $(Get-ChildItem -Path 'C:\*', 'F:\*' -Recurse -Include '*.jar','*.war','*.ear'| Where-Object Attributes -NotLike ""*ReparsePoint*""| Where-Object { -not $_.PSIsContainer }| % {$_.FullName});try{Add-Type -AssemblyName System.IO.Compression.FileSystem;}catch{'no_archive_inspection'};$num_jars_found = 0;$num_jars_insp = 0;$jars_mod = 0;$rxp_log4j = '(?:\\|\/)(log4j-?(?:core-?)?(\d[.\d]+)?(?:-?((?:rc|alpha|beta)-?\d*))?\.jar)';$rgx_log4j = [Regex]::new($rxp_log4j);$rxp_class = '(.*JndiLookup.class)?(.*JMSAppender.class)?(.*JdbcAppender.class)?';$rgx_class = [Regex]::new($rxp_class,[System.Text.RegularExpressions.RegexOptions]::IgnoreCase);foreach($jar in $jars){$num_jars_found++;};-join('num_jars_found:',$num_jars_found);foreach($jar in $jars){$jars_count++;$jars_mod = $jars_count % 100;if($jars_mod -eq 0){-join('# jars processed marker: ',$jars_count, ' of ',$num_jars_found);};$l4jf = $l4jd = $l4je = $jdlc = $jmsa = $jdbc = $null;$inspect = $true;if($rgx_log4j.IsMatch($jar)){$l4jf=$jar};$jar_open_read = [IO.Compression.ZipFile]::OpenRead($jar);$entries = try{$jar_open_read;}catch{$inspect=$false;};if($inspect){foreach($e in $entries.Entries){$fn = $e.Fullname;if($rgx_class.Match($fn).Groups[1].Value){$jdlc = 'Found'};if($rgx_class.Match($fn).Groups[2].Value){$jmsa = 'Found'};if($rgx_class.Match($fn).Groups[3].Value){$jdbc = 'Found'};if($rgx_log4j.IsMatch($fn)){$l4jd = $fn;$l4jd_zip = [IO.Compression.ZipArchive]::new($e.Open());foreach ($l4jdE in $l4jd_zip.Entries){$le = $l4jdE.FullName;if($rgx_class.Match($le).Groups[1].Value){$jdlc = 'Found'};if($rgx_class.Match($le).Groups[2].Value){$jmsa = 'Found'};if($rgx_class.Match($le).Groups[3].Value){$jdbc = 'Found'};};$l4jd_zip.Dispose();$e.Archive.Dispose();[GC]::Collect();};if(!$jdlc){$jdlc = 'Not Found';};if(!$jmsa){$jmsa = 'Not Found';};if(!$jdbc){$jdbc = 'Not Found';};};if(!$jdlc){$jdlc = 'Unknown';};if(!$jmsa){$jmsa = 'Unknown';};if(!$jdbc){$jdbc = 'Unknown';};};if($l4jf){-join('f|',$l4jf,'|',$jdlc,'|',$jmsa,'|',$jdbc,\""`r\"")| Write-Host};if($l4jd){-join('d|',$jar,'|',$l4jd,'|',$jdlc,'|',$jmsa,'|',$jdbc,\""`r\"")| Write-Host};if($l4je){-join($l4je,'|',$jdlc,'|',$jmsa,'|',$jdbc,\""`r\"")| Write-Host};[GC]::Collect();[System.Threading.Thread]::Sleep(250);};-join('# jars processed marker: ',$jars_count, ' of ',$num_jars_found);-join('num_jars_found:',$num_jars_found);};$r = wjb $j -Timeout 2880; rcjb $j;}""","-NoProfile -Command ""&amp; {$j = sajb {$ErrorActionPreference = 'SilentlyContinue';$ErrorActionPreference = 'SilentlyContinue';$jars = $(Get-ChildItem -Path 'C:\*', 'F:\*' -Recurse -Include '*.jar','*.war','*.ear'| Where-Object Attributes -NotLike ""*ReparsePoint*""| Where-Object { -not $_.PSIsContainer }| % {$_.FullName});try{Add-Type -AssemblyName System.IO.Compression.FileSystem;}catch{'no_archive_inspection'};$num_jars_found = 0;$num_jars_insp = 0;$jars_mod = 0;$rxp_log4j = '(?:\\|\/)(log4j-?(?:core-?)?(\d[.\d]+)?(?:-?((?:rc|alpha|beta)-?\d*))?\.jar)';$rgx_log4j = [Regex]::new($rxp_log4j);$rxp_class = '(.*JndiLookup.class)?(.*JMSAppender.class)?(.*JdbcAppender.class)?';$rgx_class = [Regex]::new($rxp_class,[System.Text.RegularExpressions.RegexOptions]::IgnoreCase);foreach($jar in $jars){$num_jars_found++;};-join('num_jars_found:',$num_jars_found);foreach($jar in $jars){$jars_count++;$jars_mod = $jars_count % 100;if($jars_mod -eq 0){-join('# jars processed marker: ',$jars_count, ' of ',$num_jars_found);};$l4jf = $l4jd = $l4je = $jdlc = $jmsa = $jdbc = $null;$inspect = $true;if($rgx_log4j.IsMatch($jar)){$l4jf=$jar};$jar_open_read = [IO.Compression.ZipFile]::OpenRead($jar);$entries = try{$jar_open_read;}catch{$inspect=$false;};if($inspect){foreach($e in $entries.Entries){$fn = $e.Fullname;if($rgx_class.Match($fn).Groups[1].Value){$jdlc = 'Found'};if($rgx_class.Match($fn).Groups[2].Value){$jmsa = 'Found'};if($rgx_class.Match($fn).Groups[3].Value){$jdbc = 'Found'};if($rgx_log4j.IsMatch($fn)){$l4jd = $fn;$l4jd_zip = [IO.Compression.ZipArchive]::new($e.Open());foreach ($l4jdE in $l4jd_zip.Entries){$le = $l4jdE.FullName;if($rgx_class.Match($le).Groups[1].Value){$jdlc = 'Found'};if($rgx_class.Match($le).Groups[2].Value){$jmsa = 'Found'};if($rgx_class.Match($le).Groups[3].Value){$jdbc = 'Found'};};$l4jd_zip.Dispose();$e.Archive.Dispose();[GC]::Collect();};if(!$jdlc){$jdlc = 'Not Found';};if(!$jmsa){$jmsa = 'Not Found';};if(!$jdbc){$jdbc = 'Not Found';};};if(!$jdlc){$jdlc = 'Unknown';};if(!$jmsa){$jmsa = 'Unknown';};if(!$jdbc){$jdbc = 'Unknown';};};if($l4jf){-join('f|',$l4jf,'|',$jdlc,'|',$jmsa,'|',$jdbc,\""`r\"")| Write-Host};if($l4jd){-join('d|',$jar,'|',$l4jd,'|',$jdlc,'|',$jmsa,'|',$jdbc,\""`r\"")| Write-Host};if($l4je){-join($l4je,'|',$jdlc,'|',$jmsa,'|',$jdbc,\""`r\"")| Write-Host};[GC]::Collect();[System.Threading.Thread]::Sleep(250);};-join('# jars processed marker: ',$jars_count, ' of ',$num_jars_found);-join('num_jars_found:',$num_jars_found);};$r = wjb $j -Timeout 2880; rcjb $j;}""",C:\Windows\System32\WindowsPowershell\v1.0\powershell,powershell.exe,0x4050,powershell.exe,C:\Windows\System32\WindowsPowerShell\v1.0\powershell.exe,Windows,<_='://../////'><><_='---'_='{----}'/><></><></><>,,,,,,,,0x3e7,,,A new process has been created,4688,XmlWinEventLog:Security,XmlWinEventLog,bbbbbsplunkes02,,,MMM,,ppppPWBADDC03$,,success,A new process has been created,failure,,,"execute
os
process
report
security
start
track_event_signatures
windows",,,,"execute
os
process
report
security
start
track_event_signatures
windows",,,ppppPWBADDC03$,-,,,,,Microsoft,,Microsoft Windows
,,,,,MMM,,,ppppPWBADDC03$,,,Security,,,,,,"C:\Windows\System32\cmd.exe /c C:\Windows\System32\WindowsPowershell\v1.0\powershell -NoProfile -Command ""&amp; {$j = sajb {$ErrorActionPreference = 'SilentlyContinue';$ErrorActionPreference = 'SilentlyContinue';$jars = $(Get-ChildItem -Path 'C:\*', 'F:\*' -Recurse -Include '*.jar','*.war','*.ear'| Where-Object Attributes -NotLike ""*ReparsePoint*""| Where-Object { -not $_.PSIsContainer }| % {$_.FullName});try{Add-Type -AssemblyName System.IO.Compression.FileSystem;}catch{'no_archive_inspection'};$num_jars_found = 0;$num_jars_insp = 0;$jars_mod = 0;$rxp_log4j = '(?:\\|\/)(log4j-?(?:core-?)?(\d[.\d]+)?(?:-?((?:rc|alpha|beta)-?\d*))?\.jar)';$rgx_log4j = [Regex]::new($rxp_log4j);$rxp_class = '(.*JndiLookup.class)?(.*JMSAppender.class)?(.*JdbcAppender.class)?';$rgx_class = [Regex]::new($rxp_class,[System.Text.RegularExpressions.RegexOptions]::IgnoreCase);foreach($jar in $jars){$num_jars_found++;};-join('num_jars_found:',$num_jars_found);foreach($jar in $jars){$jars_count++;$jars_mod = $jars_count % 100;if($jars_mod -eq 0){-join('# jars processed marker: ',$jars_count, ' of ',$num_jars_found);};$l4jf = $l4jd = $l4je = $jdlc = $jmsa = $jdbc = $null;$inspect = $true;if($rgx_log4j.IsMatch($jar)){$l4jf=$jar};$jar_open_read = [IO.Compression.ZipFile]::OpenRead($jar);$entries = try{$jar_open_read;}catch{$inspect=$false;};if($inspect){foreach($e in $entries.Entries){$fn = $e.Fullname;if($rgx_class.Match($fn).Groups[1].Value){$jdlc = 'Found'};if($rgx_class.Match($fn).Groups[2].Value){$jmsa = 'Found'};if($rgx_class.Match($fn).Groups[3].Value){$jdbc = 'Found'};if($rgx_log4j.IsMatch($fn)){$l4jd = $fn;$l4jd_zip = [IO.Compression.ZipArchive]::new($e.Open());foreach ($l4jdE in $l4jd_zip.Entries){$le = $l4jdE.FullName;if($rgx_class.Match($le).Groups[1].Value){$jdlc = 'Found'};if($rgx_class.Match($le).Groups[2].Value){$jmsa = 'Found'};if($rgx_class.Match($le).Groups[3].Value){$jdbc = 'Found'};};$l4jd_zip.Dispose();$e.Archive.Dispose();[GC]::Collect();};if(!$jdlc){$jdlc = 'Not Found';};if(!$jmsa){$jmsa = 'Not Found';};if(!$jdbc){$jdbc = 'Not Found';};};if(!$jdlc){$jdlc = 'Unknown';};if(!$jmsa){$jmsa = 'Unknown';};if(!$jdbc){$jdbc = 'Unknown';};};if($l4jf){-join('f|',$l4jf,'|',$jdlc,'|',$jmsa,'|',$jdbc,\""`r\"")| Write-Host};if($l4jd){-join('d|',$jar,'|',$l4jd,'|',$jdlc,'|',$jmsa,'|',$jdbc,\""`r\"")| Write-Host};if($l4je){-join($l4je,'|',$jdlc,'|',$jmsa,'|',$jdbc,\""`r\"")| Write-Host};[GC]::Collect();[System.Threading.Thread]::Sleep(250);};-join('# jars processed marker: ',$jars_count, ' of ',$num_jars_found);-join('num_jars_found:',$num_jars_found);};$r = wjb $j -Timeout 2880; rcjb $j;}""",ppppPWBADDC03.mmm.hhh.ggg,,,,-,4688,"<Data Name='SubjectUserSid'>NT AUTHORITY\SYSTEM</Data><Data Name='SubjectUserName'>ppppPWBADDC03$</Data><Data Name='SubjectDomainName'>MMM</Data><Data Name='SubjectLogonId'>0x3e7</Data><Data Name='NewProcessId'>0x20ac</Data><Data Name='NewProcessName'>C:\Windows\System32\cmd.exe</Data><Data Name='TokenElevationType'>%%1936</Data><Data Name='ProcessId'>0x25bc</Data><Data Name='CommandLine'>C:\Windows\System32\cmd.exe /c C:\Windows\System32\WindowsPowershell\v1.0\powershell -NoProfile -Command ""&amp; {$j = sajb {$ErrorActionPreference = 'SilentlyContinue';$ErrorActionPreference = 'SilentlyContinue';$jars = $(Get-ChildItem -Path 'C:\*', 'F:\*' -Recurse -Include '*.jar','*.war','*.ear'| Where-Object Attributes -NotLike ""*ReparsePoint*""| Where-Object { -not $_.PSIsContainer }| % {$_.FullName});try{Add-Type -AssemblyName System.IO.Compression.FileSystem;}catch{'no_archive_inspection'};$num_jars_found = 0;$num_jars_insp = 0;$jars_mod = 0;$rxp_log4j = '(?:\\|\/)(log4j-?(?:core-?)?(\d[.\d]+)?(?:-?((?:rc|alpha|beta)-?\d*))?\.jar)';$rgx_log4j = [Regex]::new($rxp_log4j);$rxp_class = '(.*JndiLookup.class)?(.*JMSAppender.class)?(.*JdbcAppender.class)?';$rgx_class = [Regex]::new($rxp_class,[System.Text.RegularExpressions.RegexOptions]::IgnoreCase);foreach($jar in $jars){$num_jars_found++;};-join('num_jars_found:',$num_jars_found);foreach($jar in $jars){$jars_count++;$jars_mod = $jars_count % 100;if($jars_mod -eq 0){-join('# jars processed marker: ',$jars_count, ' of ',$num_jars_found);};$l4jf = $l4jd = $l4je = $jdlc = $jmsa = $jdbc = $null;$inspect = $true;if($rgx_log4j.IsMatch($jar)){$l4jf=$jar};$jar_open_read = [IO.Compression.ZipFile]::OpenRead($jar);$entries = try{$jar_open_read;}catch{$inspect=$false;};if($inspect){foreach($e in $entries.Entries){$fn = $e.Fullname;if($rgx_class.Match($fn).Groups[1].Value){$jdlc = 'Found'};if($rgx_class.Match($fn).Groups[2].Value){$jmsa = 'Found'};if($rgx_class.Match($fn).Groups[3].Value){$jdbc = 'Found'};if($rgx_log4j.IsMatch($fn)){$l4jd = $fn;$l4jd_zip = [IO.Compression.ZipArchive]::new($e.Open());foreach ($l4jdE in $l4jd_zip.Entries){$le = $l4jdE.FullName;if($rgx_class.Match($le).Groups[1].Value){$jdlc = 'Found'};if($rgx_class.Match($le).Groups[2].Value){$jmsa = 'Found'};if($rgx_class.Match($le).Groups[3].Value){$jdbc = 'Found'};};$l4jd_zip.Dispose();$e.Archive.Dispose();[GC]::Collect();};if(!$jdlc){$jdlc = 'Not Found';};if(!$jmsa){$jmsa = 'Not Found';};if(!$jdbc){$jdbc = 'Not Found';};};if(!$jdlc){$jdlc = 'Unknown';};if(!$jmsa){$jmsa = 'Unknown';};if(!$jdbc){$jdbc = 'Unknown';};};if($l4jf){-join('f|',$l4jf,'|',$jdlc,'|',$jmsa,'|',$jdbc,\""`r\"")| Write-Host};if($l4jd){-join('d|',$jar,'|',$l4jd,'|',$jdlc,'|',$jmsa,'|',$jdbc,\""`r\"")| Write-Host};if($l4je){-join($l4je,'|',$jdlc,'|',$jmsa,'|',$jdbc,\""`r\"")| Write-Host};[GC]::Collect();[System.Threading.Thread]::Sleep(250);};-join('# jars processed marker: ',$jars_count, ' of ',$num_jars_found);-join('num_jars_found:',$num_jars_found);};$r = wjb $j -Timeout 2880; rcjb $j;}""</Data><Data Name='TargetUserSid'>NULL SID</Data><Data Name='TargetUserName'>-</Data><Data Name='TargetDomainName'>-</Data><Data Name='TargetLogonId'>0x0</Data><Data Name='ParentProcessName'>C:\Program Files\Tenable\Nessus Agent\nessus-agent-module.exe</Data><Data Name='MandatoryLabel'>Mandatory Label\System Mandatory Level</Data>",4688.0,999474904,,,,,,,,,,,0x8020000000000000,0,,,,0x3e7,,Mandatory Label\System Mandatory Level,,,,,'Microsoft-Windows-Security-Auditing',0x20ac,C:\Windows\System32\cmd.exe,,,,,,0,C:\Program Files\Tenable\Nessus Agent\nessus-agent-module.exe,,,,'4',0x25bc,,"C:\Windows\System32\cmd.exe /c C:\Windows\System32\WindowsPowershell\v1.0\powershell -NoProfile -Command ""&amp; {$j = sajb {$ErrorActionPreference = 'SilentlyContinue';$ErrorActionPreference = 'SilentlyContinue';$jars = $(Get-ChildItem -Path 'C:\*', 'F:\*' -Recurse -Include '*.jar','*.war','*.ear'| Where-Object Attributes -NotLike ""*ReparsePoint*""| Where-Object { -not $_.PSIsContainer }| % {$_.FullName});try{Add-Type -AssemblyName System.IO.Compression.FileSystem;}catch{'no_archive_inspection'};$num_jars_found = 0;$num_jars_insp = 0;$jars_mod = 0;$rxp_log4j = '(?:\\|\/)(log4j-?(?:core-?)?(\d[.\d]+)?(?:-?((?:rc|alpha|beta)-?\d*))?\.jar)';$rgx_log4j = [Regex]::new($rxp_log4j);$rxp_class = '(.*JndiLookup.class)?(.*JMSAppender.class)?(.*JdbcAppender.class)?';$rgx_class = [Regex]::new($rxp_class,[System.Text.RegularExpressions.RegexOptions]::IgnoreCase);foreach($jar in $jars){$num_jars_found++;};-join('num_jars_found:',$num_jars_found);foreach($jar in $jars){$jars_count++;$jars_mod = $jars_count % 100;if($jars_mod -eq 0){-join('# jars processed marker: ',$jars_count, ' of ',$num_jars_found);};$l4jf = $l4jd = $l4je = $jdlc = $jmsa = $jdbc = $null;$inspect = $true;if($rgx_log4j.IsMatch($jar)){$l4jf=$jar};$jar_open_read = [IO.Compression.ZipFile]::OpenRead($jar);$entries = try{$jar_open_read;}catch{$inspect=$false;};if($inspect){foreach($e in $entries.Entries){$fn = $e.Fullname;if($rgx_class.Match($fn).Groups[1].Value){$jdlc = 'Found'};if($rgx_class.Match($fn).Groups[2].Value){$jmsa = 'Found'};if($rgx_class.Match($fn).Groups[3].Value){$jdbc = 'Found'};if($rgx_log4j.IsMatch($fn)){$l4jd = $fn;$l4jd_zip = [IO.Compression.ZipArchive]::new($e.Open());foreach ($l4jdE in $l4jd_zip.Entries){$le = $l4jdE.FullName;if($rgx_class.Match($le).Groups[1].Value){$jdlc = 'Found'};if($rgx_class.Match($le).Groups[2].Value){$jmsa = 'Found'};if($rgx_class.Match($le).Groups[3].Value){$jdbc = 'Found'};};$l4jd_zip.Dispose();$e.Archive.Dispose();[GC]::Collect();};if(!$jdlc){$jdlc = 'Not Found';};if(!$jmsa){$jmsa = 'Not Found';};if(!$jdbc){$jdbc = 'Not Found';};};if(!$jdlc){$jdlc = 'Unknown';};if(!$jmsa){$jmsa = 'Unknown';};if(!$jdbc){$jdbc = 'Unknown';};};if($l4jf){-join('f|',$l4jf,'|',$jdlc,'|',$jmsa,'|',$jdbc,\""`r\"")| Write-Host};if($l4jd){-join('d|',$jar,'|',$l4jd,'|',$jdlc,'|',$jmsa,'|',$jdbc,\""`r\"")| Write-Host};if($l4je){-join($l4je,'|',$jdlc,'|',$jmsa,'|',$jdbc,\""`r\"")| Write-Host};[GC]::Collect();[System.Threading.Thread]::Sleep(250);};-join('# jars processed marker: ',$jars_count, ' of ',$num_jars_found);-join('num_jars_found:',$num_jars_found);};$r = wjb $j -Timeout 2880; rcjb $j;}""",,999474904,,,,,,,MMM,0x3e7,ppppPWBADDC03$,NT AUTHORITY\SYSTEM,,'2026-05-19T08:41:48.5995439Z',<Provider Name='Microsoft-Windows-Security-Auditing' Guid='{54849625-5478-4994-a5ba-3e3b0328c30d}'/><EventID>4688</EventID><Version>2</Version><Level>0</Level><Task>13312</Task><Opcode>0</Opcode><Keywords>0x8020000000000000</Keywords><TimeCreated SystemTime='2026-05-19T08:41:48.5995439Z'/><EventRecordID>999474904</EventRecordID><Correlation/><Execution ProcessID='4' ThreadID='10248'/><Channel>Security</Channel><Computer>ppppPWBADDC03.mmm.hhh.ggg</Computer><Security/>,-,0x0,,,-,NULL SID,,,-,,-,13312,'10248',%%1936,%%1936,1936.0,,,,,2,,,,,2026-05-19T04:41:48.599-0400,allowed,win:unknown,,,,,ppppPWBADDC03.mmm.hhh.ggg,,ppppPWBADDC03.mmm.hhh.ggg,ppppPWBADDC03,999474904,endpoint_services_processes windows_endpoint_processes windows_event_signature windows_process_new wineventlog_security wineventlog_windows winsec,,,ppppPWBADDC03,999474904,occs-sss-windows,1,A new process has been created,C:\Windows\System32\cmd.exe,0x20ac,cmd.exe,,,,,,,C:\Program Files\Tenable\Nessus Agent\nessus-agent-module.exe,0x25bc,nessus-agent-module.exe,C:\Program Files\Tenable\Nessus Agent\nessus-agent-module.exe,"C:\Windows\System32\cmd.exe /c C:\Windows\System32\WindowsPowershell\v1.0\powershell -NoProfile -Command ""&amp; {$j = sajb {$ErrorActionPreference = 'SilentlyContinue';$ErrorActionPreference = 'SilentlyContinue';$jars = $(Get-ChildItem -Path 'C:\*', 'F:\*' -Recurse -Include '*.jar','*.war','*.ear'| Where-Object Attributes -NotLike ""*ReparsePoint*""| Where-Object { -not $_.PSIsContainer }| % {$_.FullName});try{Add-Type -AssemblyName System.IO.Compression.FileSystem;}catch{'no_archive_inspection'};$num_jars_found = 0;$num_jars_insp = 0;$jars_mod = 0;$rxp_log4j = '(?:\\|\/)(log4j-?(?:core-?)?(\d[.\d]+)?(?:-?((?:rc|alpha|beta)-?\d*))?\.jar)';$rgx_log4j = [Regex]::new($rxp_log4j);$rxp_class = '(.*JndiLookup.class)?(.*JMSAppender.class)?(.*JdbcAppender.class)?';$rgx_class = [Regex]::new($rxp_class,[System.Text.RegularExpressions.RegexOptions]::IgnoreCase);foreach($jar in $jars){$num_jars_found++;};-join('num_jars_found:',$num_jars_found);foreach($jar in $jars){$jars_count++;$jars_mod = $jars_count % 100;if($jars_mod -eq 0){-join('# jars processed marker: ',$jars_count, ' of ',$num_jars_found);};$l4jf = $l4jd = $l4je = $jdlc = $jmsa = $jdbc = $null;$inspect = $true;if($rgx_log4j.IsMatch($jar)){$l4jf=$jar};$jar_open_read = [IO.Compression.ZipFile]::OpenRead($jar);$entries = try{$jar_open_read;}catch{$inspect=$false;};if($inspect){foreach($e in $entries.Entries){$fn = $e.Fullname;if($rgx_class.Match($fn).Groups[1].Value){$jdlc = 'Found'};if($rgx_class.Match($fn).Groups[2].Value){$jmsa = 'Found'};if($rgx_class.Match($fn).Groups[3].Value){$jdbc = 'Found'};if($rgx_log4j.IsMatch($fn)){$l4jd = $fn;$l4jd_zip = [IO.Compression.ZipArchive]::new($e.Open());foreach ($l4jdE in $l4jd_zip.Entries){$le = $l4jdE.FullName;if($rgx_class.Match($le).Groups[1].Value){$jdlc = 'Found'};if($rgx_class.Match($le).Groups[2].Value){$jmsa = 'Found'};if($rgx_class.Match($le).Groups[3].Value){$jdbc = 'Found'};};$l4jd_zip.Dispose();$e.Archive.Dispose();[GC]::Collect();};if(!$jdlc){$jdlc = 'Not Found';};if(!$jmsa){$jmsa = 'Not Found';};if(!$jdbc){$jdbc = 'Not Found';};};if(!$jdlc){$jdlc = 'Unknown';};if(!$jmsa){$jmsa = 'Unknown';};if(!$jdbc){$jdbc = 'Unknown';};};if($l4jf){-join('f|',$l4jf,'|',$jdlc,'|',$jmsa,'|',$jdbc,\""`r\"")| Write-Host};if($l4jd){-join('d|',$jar,'|',$l4jd,'|',$jdlc,'|',$jmsa,'|',$jdbc,\""`r\"")| Write-Host};if($l4je){-join($l4je,'|',$jdlc,'|',$jmsa,'|',$jdbc,\""`r\"")| Write-Host};[GC]::Collect();[System.Threading.Thread]::Sleep(250);};-join('# jars processed marker: ',$jars_count, ' of ',$num_jars_found);-join('num_jars_found:',$num_jars_found);};$r = wjb $j -Timeout 2880; rcjb $j;}""","/c C:\Windows\System32\WindowsPowershell\v1.0\powershell -NoProfile -Command ""&amp; {$j = sajb {$ErrorActionPreference = 'SilentlyContinue';$ErrorActionPreference = 'SilentlyContinue';$jars = $(Get-ChildItem -Path 'C:\*', 'F:\*' -Recurse -Include '*.jar','*.war','*.ear'| Where-Object Attributes -NotLike ""*ReparsePoint*""| Where-Object { -not $_.PSIsContainer }| % {$_.FullName});try{Add-Type -AssemblyName System.IO.Compression.FileSystem;}catch{'no_archive_inspection'};$num_jars_found = 0;$num_jars_insp = 0;$jars_mod = 0;$rxp_log4j = '(?:\\|\/)(log4j-?(?:core-?)?(\d[.\d]+)?(?:-?((?:rc|alpha|beta)-?\d*))?\.jar)';$rgx_log4j = [Regex]::new($rxp_log4j);$rxp_class = '(.*JndiLookup.class)?(.*JMSAppender.class)?(.*JdbcAppender.class)?';$rgx_class = [Regex]::new($rxp_class,[System.Text.RegularExpressions.RegexOptions]::IgnoreCase);foreach($jar in $jars){$num_jars_found++;};-join('num_jars_found:',$num_jars_found);foreach($jar in $jars){$jars_count++;$jars_mod = $jars_count % 100;if($jars_mod -eq 0){-join('# jars processed marker: ',$jars_count, ' of ',$num_jars_found);};$l4jf = $l4jd = $l4je = $jdlc = $jmsa = $jdbc = $null;$inspect = $true;if($rgx_log4j.IsMatch($jar)){$l4jf=$jar};$jar_open_read = [IO.Compression.ZipFile]::OpenRead($jar);$entries = try{$jar_open_read;}catch{$inspect=$false;};if($inspect){foreach($e in $entries.Entries){$fn = $e.Fullname;if($rgx_class.Match($fn).Groups[1].Value){$jdlc = 'Found'};if($rgx_class.Match($fn).Groups[2].Value){$jmsa = 'Found'};if($rgx_class.Match($fn).Groups[3].Value){$jdbc = 'Found'};if($rgx_log4j.IsMatch($fn)){$l4jd = $fn;$l4jd_zip = [IO.Compression.ZipArchive]::new($e.Open());foreach ($l4jdE in $l4jd_zip.Entries){$le = $l4jdE.FullName;if($rgx_class.Match($le).Groups[1].Value){$jdlc = 'Found'};if($rgx_class.Match($le).Groups[2].Value){$jmsa = 'Found'};if($rgx_class.Match($le).Groups[3].Value){$jdbc = 'Found'};};$l4jd_zip.Dispose();$e.Archive.Dispose();[GC]::Collect();};if(!$jdlc){$jdlc = 'Not Found';};if(!$jmsa){$jmsa = 'Not Found';};if(!$jdbc){$jdbc = 'Not Found';};};if(!$jdlc){$jdlc = 'Unknown';};if(!$jmsa){$jmsa = 'Unknown';};if(!$jdbc){$jdbc = 'Unknown';};};if($l4jf){-join('f|',$l4jf,'|',$jdlc,'|',$jmsa,'|',$jdbc,\""`r\"")| Write-Host};if($l4jd){-join('d|',$jar,'|',$l4jd,'|',$jdlc,'|',$jmsa,'|',$jdbc,\""`r\"")| Write-Host};if($l4je){-join($l4je,'|',$jdlc,'|',$jmsa,'|',$jdbc,\""`r\"")| Write-Host};[GC]::Collect();[System.Threading.Thread]::Sleep(250);};-join('# jars processed marker: ',$jars_count, ' of ',$num_jars_found);-join('num_jars_found:',$num_jars_found);};$r = wjb $j -Timeout 2880; rcjb $j;}""",C:\Windows\System32\cmd.exe,cmd.exe,0x20ac,cmd.exe,C:\Windows\System32\cmd.exe,Windows,<_='://../////'><><_='---'_='{----}'/><></><></><>,,,,,,,,0x3e7,,,A new process has been created,4688,XmlWinEventLog:Security,XmlWinEventLog,bbbbbsplunkes02,,,MMM,,ppppPWBADDC03$,,success,A new process has been created,failure,,,"execute
os
process
report
security
start
track_event_signatures
windows",,,,"execute
os
process
report
security
start
track_event_signatures
windows",,,ppppPWBADDC03$,-,,,,,Microsoft,,Microsoft Windows
,,,,,MMM,,,ppppPWBADDC03$,,,Security,,,,,,where  /Q repadmin,ppppPWBADDC03.mmm.hhh.ggg,,,,-,4688,<Data Name='SubjectUserSid'>NT AUTHORITY\SYSTEM</Data><Data Name='SubjectUserName'>ppppPWBADDC03$</Data><Data Name='SubjectDomainName'>MMM</Data><Data Name='SubjectLogonId'>0x3e7</Data><Data Name='NewProcessId'>0x1300</Data><Data Name='NewProcessName'>C:\Windows\System32\where.exe</Data><Data Name='TokenElevationType'>%%1936</Data><Data Name='ProcessId'>0x30cc</Data><Data Name='CommandLine'>where  /Q repadmin </Data><Data Name='TargetUserSid'>NULL SID</Data><Data Name='TargetUserName'>-</Data><Data Name='TargetDomainName'>-</Data><Data Name='TargetLogonId'>0x0</Data><Data Name='ParentProcessName'>C:\Windows\System32\cmd.exe</Data><Data Name='MandatoryLabel'>Mandatory Label\System Mandatory Level</Data>,4688.0,999474745,,,,,,,,,,,0x8020000000000000,0,,,,0x3e7,,Mandatory Label\System Mandatory Level,,,,,'Microsoft-Windows-Security-Auditing',0x1300,C:\Windows\System32\where.exe,,,,,,0,C:\Windows\System32\cmd.exe,,,,'4',0x30cc,,where  /Q repadmin,,999474745,,,,,,,MMM,0x3e7,ppppPWBADDC03$,NT AUTHORITY\SYSTEM,,'2026-05-19T08:41:29.9873411Z',<Provider Name='Microsoft-Windows-Security-Auditing' Guid='{54849625-5478-4994-a5ba-3e3b0328c30d}'/><EventID>4688</EventID><Version>2</Version><Level>0</Level><Task>13312</Task><Opcode>0</Opcode><Keywords>0x8020000000000000</Keywords><TimeCreated SystemTime='2026-05-19T08:41:29.9873411Z'/><EventRecordID>999474745</EventRecordID><Correlation/><Execution ProcessID='4' ThreadID='14804'/><Channel>Security</Channel><Computer>ppppPWBADDC03.mmm.hhh.ggg</Computer><Security/>,-,0x0,,,-,NULL SID,,,-,,-,13312,'14804',%%1936,%%1936,1936.0,,,,,2,,,,,2026-05-19T04:41:29.987-0400,allowed,win:unknown,,,,,ppppPWBADDC03.mmm.hhh.ggg,,ppppPWBADDC03.mmm.hhh.ggg,ppppPWBADDC03,999474745,endpoint_services_processes windows_endpoint_processes windows_event_signature windows_process_new wineventlog_security wineventlog_windows winsec,,,ppppPWBADDC03,999474745,occs-sss-windows,1,A new process has been created,C:\Windows\System32\where.exe,0x1300,where.exe,,,,,,,C:\Windows\System32\cmd.exe,0x30cc,cmd.exe,C:\Windows\System32\cmd.exe,C:\Windows\System32\where.exe /Q repadmin,/Q repadmin,where,where.exe,0x1300,where.exe,C:\Windows\System32\where.exe,Windows,<_='://../////'><><_='---'_='{----}'/><></><></><>,,,,,,,,0x3e7,,,A new process has been created,4688,XmlWinEventLog:Security,XmlWinEventLog,bbbbbsplunkes02,,,MMM,,ppppPWBADDC03$,,success,A new process has been created,failure,,,"execute
os
process
report
security
start
track_event_signatures
windows",,,,"execute
os
process
report
security
start
track_event_signatures
windows",,,ppppPWBADDC03$,-,,,,,Microsoft,,Microsoft Windows
,,,,,MMM,,,ppppPWBADDC03$,,,Security,,,,,,where  /Q repadmin,ppppPWBADDC03.mmm.hhh.ggg,,,,-,4688,<Data Name='SubjectUserSid'>NT AUTHORITY\SYSTEM</Data><Data Name='SubjectUserName'>ppppPWBADDC03$</Data><Data Name='SubjectDomainName'>MMM</Data><Data Name='SubjectLogonId'>0x3e7</Data><Data Name='NewProcessId'>0x718</Data><Data Name='NewProcessName'>C:\Windows\System32\where.exe</Data><Data Name='TokenElevationType'>%%1936</Data><Data Name='ProcessId'>0xf90</Data><Data Name='CommandLine'>where  /Q repadmin </Data><Data Name='TargetUserSid'>NULL SID</Data><Data Name='TargetUserName'>-</Data><Data Name='TargetDomainName'>-</Data><Data Name='TargetLogonId'>0x0</Data><Data Name='ParentProcessName'>C:\Windows\System32\cmd.exe</Data><Data Name='MandatoryLabel'>Mandatory Label\System Mandatory Level</Data>,4688.0,999471487,,,,,,,,,,,0x8020000000000000,0,,,,0x3e7,,Mandatory Label\System Mandatory Level,,,,,'Microsoft-Windows-Security-Auditing',0x718,C:\Windows\System32\where.exe,,,,,,0,C:\Windows\System32\cmd.exe,,,,'4',0xf90,,where  /Q repadmin,,999471487,,,,,,,MMM,0x3e7,ppppPWBADDC03$,NT AUTHORITY\SYSTEM,,'2026-05-19T08:36:27.6658299Z',<Provider Name='Microsoft-Windows-Security-Auditing' Guid='{54849625-5478-4994-a5ba-3e3b0328c30d}'/><EventID>4688</EventID><Version>2</Version><Level>0</Level><Task>13312</Task><Opcode>0</Opcode><Keywords>0x8020000000000000</Keywords><TimeCreated SystemTime='2026-05-19T08:36:27.6658299Z'/><EventRecordID>999471487</EventRecordID><Correlation/><Execution ProcessID='4' ThreadID='17340'/><Channel>Security</Channel><Computer>ppppPWBADDC03.mmm.hhh.ggg</Computer><Security/>,-,0x0,,,-,NULL SID,,,-,,-,13312,'17340',%%1936,%%1936,1936.0,,,,,2,,,,,2026-05-19T04:36:27.665-0400,allowed,win:unknown,,,,,ppppPWBADDC03.mmm.hhh.ggg,,ppppPWBADDC03.mmm.hhh.ggg,ppppPWBADDC03,999471487,endpoint_services_processes windows_endpoint_processes windows_event_signature windows_process_new wineventlog_security wineventlog_windows winsec,,,ppppPWBADDC03,999471487,occs-sss-windows,1,A new process has been created,C:\Windows\System32\where.exe,0x718,where.exe,,,,,,,C:\Windows\System32\cmd.exe,0xf90,cmd.exe,C:\Windows\System32\cmd.exe,C:\Windows\System32\where.exe /Q repadmin,/Q repadmin,where,where.exe,0x718,where.exe,C:\Windows\System32\where.exe,Windows,<_='://../////'><><_='---'_='{----}'/><></><></><>,,,,,,,,0x3e7,,,A new process has been created,4688,XmlWinEventLog:Security,XmlWinEventLog,bbbbbsplunkes02,,,MMM,,ppppPWBADDC03$,,success,A new process has been created,failure,,,"execute
os
process
report
security
start
track_event_signatures
windows",,,,"execute
os
process
report
security
start
track_event_signatures
windows",,,ppppPWBADDC03$,-,,,,,Microsoft,,Microsoft Windows
,,,,,MMM,,,ppppPWBADDC03$,,,Security,,,,,,where  /Q repadmin,ppppPWBADDC03.mmm.hhh.ggg,,,,-,4688,<Data Name='SubjectUserSid'>NT AUTHORITY\SYSTEM</Data><Data Name='SubjectUserName'>ppppPWBADDC03$</Data><Data Name='SubjectDomainName'>MMM</Data><Data Name='SubjectLogonId'>0x3e7</Data><Data Name='NewProcessId'>0x3c18</Data><Data Name='NewProcessName'>C:\Windows\System32\where.exe</Data><Data Name='TokenElevationType'>%%1936</Data><Data Name='ProcessId'>0x1600</Data><Data Name='CommandLine'>where  /Q repadmin </Data><Data Name='TargetUserSid'>NULL SID</Data><Data Name='TargetUserName'>-</Data><Data Name='TargetDomainName'>-</Data><Data Name='TargetLogonId'>0x0</Data><Data Name='ParentProcessName'>C:\Windows\System32\cmd.exe</Data><Data Name='MandatoryLabel'>Mandatory Label\System Mandatory Level</Data>,4688.0,999468826,,,,,,,,,,,0x8020000000000000,0,,,,0x3e7,,Mandatory Label\System Mandatory Level,,,,,'Microsoft-Windows-Security-Auditing',0x3c18,C:\Windows\System32\where.exe,,,,,,0,C:\Windows\System32\cmd.exe,,,,'4',0x1600,,where  /Q repadmin,,999468826,,,,,,,MMM,0x3e7,ppppPWBADDC03$,NT AUTHORITY\SYSTEM,,'2026-05-19T08:31:25.3350971Z',<Provider Name='Microsoft-Windows-Security-Auditing' Guid='{54849625-5478-4994-a5ba-3e3b0328c30d}'/><EventID>4688</EventID><Version>2</Version><Level>0</Level><Task>13312</Task><Opcode>0</Opcode><Keywords>0x8020000000000000</Keywords><TimeCreated SystemTime='2026-05-19T08:31:25.3350971Z'/><EventRecordID>999468826</EventRecordID><Correlation/><Execution ProcessID='4' ThreadID='14908'/><Channel>Security</Channel><Computer>ppppPWBADDC03.mmm.hhh.ggg</Computer><Security/>,-,0x0,,,-,NULL SID,,,-,,-,13312,'14908',%%1936,%%1936,1936.0,,,,,2,,,,,2026-05-19T04:31:25.335-0400,allowed,win:unknown,,,,,ppppPWBADDC03.mmm.hhh.ggg,,ppppPWBADDC03.mmm.hhh.ggg,ppppPWBADDC03,999468826,endpoint_services_processes windows_endpoint_processes windows_event_signature windows_process_new wineventlog_security wineventlog_windows winsec,,,ppppPWBADDC03,999468826,occs-sss-windows,1,A new process has been created,C:\Windows\System32\where.exe,0x3c18,where.exe,,,,,,,C:\Windows\System32\cmd.exe,0x1600,cmd.exe,C:\Windows\System32\cmd.exe,C:\Windows\System32\where.exe /Q repadmin,/Q repadmin,where,where.exe,0x3c18,where.exe,C:\Windows\System32\where.exe,Windows,<_='://../////'><><_='---'_='{----}'/><></><></><>,,,,,,,,0x3e7,,,A new process has been created,4688,XmlWinEventLog:Security,XmlWinEventLog,bbbbbsplunkes01,,,MMM,,ppppPWBADDC03$,,success,A new process has been created,failure,,,"execute
os
process
report
security
start
track_event_signatures
windows",,,,"execute
os
process
report
security
start
track_event_signatures
windows",,,ppppPWBADDC03$,-,,,,,Microsoft,,Microsoft Windows
,,,,,MMM,,,ppppPWBADDC03$,,,Security,,,,,,where  /Q repadmin,ppppPWBADDC03.mmm.hhh.ggg,,,,-,4688,<Data Name='SubjectUserSid'>NT AUTHORITY\SYSTEM</Data><Data Name='SubjectUserName'>ppppPWBADDC03$</Data><Data Name='SubjectDomainName'>MMM</Data><Data Name='SubjectLogonId'>0x3e7</Data><Data Name='NewProcessId'>0x425c</Data><Data Name='NewProcessName'>C:\Windows\System32\where.exe</Data><Data Name='TokenElevationType'>%%1936</Data><Data Name='ProcessId'>0x40e4</Data><Data Name='CommandLine'>where  /Q repadmin </Data><Data Name='TargetUserSid'>NULL SID</Data><Data Name='TargetUserName'>-</Data><Data Name='TargetDomainName'>-</Data><Data Name='TargetLogonId'>0x0</Data><Data Name='ParentProcessName'>C:\Windows\System32\cmd.exe</Data><Data Name='MandatoryLabel'>Mandatory Label\System Mandatory Level</Data>,4688.0,999465498,,,,,,,,,,,0x8020000000000000,0,,,,0x3e7,,Mandatory Label\System Mandatory Level,,,,,'Microsoft-Windows-Security-Auditing',0x425c,C:\Windows\System32\where.exe,,,,,,0,C:\Windows\System32\cmd.exe,,,,'4',0x40e4,,where  /Q repadmin,,999465498,,,,,,,MMM,0x3e7,ppppPWBADDC03$,NT AUTHORITY\SYSTEM,,'2026-05-19T08:26:22.1223083Z',<Provider Name='Microsoft-Windows-Security-Auditing' Guid='{54849625-5478-4994-a5ba-3e3b0328c30d}'/><EventID>4688</EventID><Version>2</Version><Level>0</Level><Task>13312</Task><Opcode>0</Opcode><Keywords>0x8020000000000000</Keywords><TimeCreated SystemTime='2026-05-19T08:26:22.1223083Z'/><EventRecordID>999465498</EventRecordID><Correlation/><Execution ProcessID='4' ThreadID='5720'/><Channel>Security</Channel><Computer>ppppPWBADDC03.mmm.hhh.ggg</Computer><Security/>,-,0x0,,,-,NULL SID,,,-,,-,13312,'5720',%%1936,%%1936,1936.0,,,,,2,,,,,2026-05-19T04:26:22.122-0400,allowed,win:unknown,,,,,ppppPWBADDC03.mmm.hhh.ggg,,ppppPWBADDC03.mmm.hhh.ggg,ppppPWBADDC03,999465498,endpoint_services_processes windows_endpoint_processes windows_event_signature windows_process_new wineventlog_security wineventlog_windows winsec,,,ppppPWBADDC03,999465498,occs-sss-windows,1,A new process has been created,C:\Windows\System32\where.exe,0x425c,where.exe,,,,,,,C:\Windows\System32\cmd.exe,0x40e4,cmd.exe,C:\Windows\System32\cmd.exe,C:\Windows\System32\where.exe /Q repadmin,/Q repadmin,where,where.exe,0x425c,where.exe,C:\Windows\System32\where.exe,Windows,<_='://../////'><><_='---'_='{----}'/><></><></><>,,,,,,,,0x3e7,,,A new process has been created,4688,XmlWinEventLog:Security,XmlWinEventLog,bbbbbsplunkes01,,,MMM,,ppppPWBADDC03$,,success,A new process has been created,failure,,,"execute
os
process
report
security
start
track_event_signatures
windows",,,,"execute
os
process
report
security
start
track_event_signatures
windows",,,ppppPWBADDC03$,-,,,,,Microsoft,,Microsoft Windows
,,,,,MMM,,,ppppPWBADDC03$,,,Security,,,,,,where  /Q repadmin,ppppPWBADDC03.mmm.hhh.ggg,,,,-,4688,<Data Name='SubjectUserSid'>NT AUTHORITY\SYSTEM</Data><Data Name='SubjectUserName'>ppppPWBADDC03$</Data><Data Name='SubjectDomainName'>MMM</Data><Data Name='SubjectLogonId'>0x3e7</Data><Data Name='NewProcessId'>0x3954</Data><Data Name='NewProcessName'>C:\Windows\System32\where.exe</Data><Data Name='TokenElevationType'>%%1936</Data><Data Name='ProcessId'>0x3b90</Data><Data Name='CommandLine'>where  /Q repadmin </Data><Data Name='TargetUserSid'>NULL SID</Data><Data Name='TargetUserName'>-</Data><Data Name='TargetDomainName'>-</Data><Data Name='TargetLogonId'>0x0</Data><Data Name='ParentProcessName'>C:\Windows\System32\cmd.exe</Data><Data Name='MandatoryLabel'>Mandatory Label\System Mandatory Level</Data>,4688.0,999461770,,,,,,,,,,,0x8020000000000000,0,,,,0x3e7,,Mandatory Label\System Mandatory Level,,,,,'Microsoft-Windows-Security-Auditing',0x3954,C:\Windows\System32\where.exe,,,,,,0,C:\Windows\System32\cmd.exe,,,,'4',0x3b90,,where  /Q repadmin,,999461770,,,,,,,MMM,0x3e7,ppppPWBADDC03$,NT AUTHORITY\SYSTEM,,'2026-05-19T08:21:19.7938025Z',<Provider Name='Microsoft-Windows-Security-Auditing' Guid='{54849625-5478-4994-a5ba-3e3b0328c30d}'/><EventID>4688</EventID><Version>2</Version><Level>0</Level><Task>13312</Task><Opcode>0</Opcode><Keywords>0x8020000000000000</Keywords><TimeCreated SystemTime='2026-05-19T08:21:19.7938025Z'/><EventRecordID>999461770</EventRecordID><Correlation/><Execution ProcessID='4' ThreadID='12700'/><Channel>Security</Channel><Computer>ppppPWBADDC03.mmm.hhh.ggg</Computer><Security/>,-,0x0,,,-,NULL SID,,,-,,-,13312,'12700',%%1936,%%1936,1936.0,,,,,2,,,,,2026-05-19T04:21:19.793-0400,allowed,win:unknown,,,,,ppppPWBADDC03.mmm.hhh.ggg,,ppppPWBADDC03.mmm.hhh.ggg,ppppPWBADDC03,999461770,endpoint_services_processes windows_endpoint_processes windows_event_signature windows_process_new wineventlog_security wineventlog_windows winsec,,,ppppPWBADDC03,999461770,occs-sss-windows,1,A new process has been created,C:\Windows\System32\where.exe,0x3954,where.exe,,,,,,,C:\Windows\System32\cmd.exe,0x3b90,cmd.exe,C:\Windows\System32\cmd.exe,C:\Windows\System32\where.exe /Q repadmin,/Q repadmin,where,where.exe,0x3954,where.exe,C:\Windows\System32\where.exe,Windows,<_='://../////'><><_='---'_='{----}'/><></><></><>,,,,,,,,0x3e7,,,A new process has been created,4688,XmlWinEventLog:Security,XmlWinEventLog,bbbbbsplunkes01,,,MMM,,ppppPWBADDC03$,,success,A new process has been created,failure,,,"execute
os
process
report
security
start
track_event_signatures
windows",,,,"execute
os
process
report
security
start
track_event_signatures
windows",,,ppppPWBADDC03$,-,,,,,Microsoft,,Microsoft Windows
,,,,,MMM,,,ppppPWBADDC03$,,,Security,,,,,,where  /Q repadmin,ppppPWBADDC03.mmm.hhh.ggg,,,,-,4688,<Data Name='SubjectUserSid'>NT AUTHORITY\SYSTEM</Data><Data Name='SubjectUserName'>ppppPWBADDC03$</Data><Data Name='SubjectDomainName'>MMM</Data><Data Name='SubjectLogonId'>0x3e7</Data><Data Name='NewProcessId'>0x419c</Data><Data Name='NewProcessName'>C:\Windows\System32\where.exe</Data><Data Name='TokenElevationType'>%%1936</Data><Data Name='ProcessId'>0x2420</Data><Data Name='CommandLine'>where  /Q repadmin </Data><Data Name='TargetUserSid'>NULL SID</Data><Data Name='TargetUserName'>-</Data><Data Name='TargetDomainName'>-</Data><Data Name='TargetLogonId'>0x0</Data><Data Name='ParentProcessName'>C:\Windows\System32\cmd.exe</Data><Data Name='MandatoryLabel'>Mandatory Label\System Mandatory Level</Data>,4688.0,999458994,,,,,,,,,,,0x8020000000000000,0,,,,0x3e7,,Mandatory Label\System Mandatory Level,,,,,'Microsoft-Windows-Security-Auditing',0x419c,C:\Windows\System32\where.exe,,,,,,0,C:\Windows\System32\cmd.exe,,,,'4',0x2420,,where  /Q repadmin,,999458994,,,,,,,MMM,0x3e7,ppppPWBADDC03$,NT AUTHORITY\SYSTEM,,'2026-05-19T08:16:17.4173961Z',<Provider Name='Microsoft-Windows-Security-Auditing' Guid='{54849625-5478-4994-a5ba-3e3b0328c30d}'/><EventID>4688</EventID><Version>2</Version><Level>0</Level><Task>13312</Task><Opcode>0</Opcode><Keywords>0x8020000000000000</Keywords><TimeCreated SystemTime='2026-05-19T08:16:17.4173961Z'/><EventRecordID>999458994</EventRecordID><Correlation/><Execution ProcessID='4' ThreadID='16780'/><Channel>Security</Channel><Computer>ppppPWBADDC03.mmm.hhh.ggg</Computer><Security/>,-,0x0,,,-,NULL SID,,,-,,-,13312,'16780',%%1936,%%1936,1936.0,,,,,2,,,,,2026-05-19T04:16:17.417-0400,allowed,win:unknown,,,,,ppppPWBADDC03.mmm.hhh.ggg,,ppppPWBADDC03.mmm.hhh.ggg,ppppPWBADDC03,999458994,endpoint_services_processes windows_endpoint_processes windows_event_signature windows_process_new wineventlog_security wineventlog_windows winsec,,,ppppPWBADDC03,999458994,occs-sss-windows,1,A new process has been created,C:\Windows\System32\where.exe,0x419c,where.exe,,,,,,,C:\Windows\System32\cmd.exe,0x2420,cmd.exe,C:\Windows\System32\cmd.exe,C:\Windows\System32\where.exe /Q repadmin,/Q repadmin,where,where.exe,0x419c,where.exe,C:\Windows\System32\where.exe,Windows,<_='://../////'><><_='---'_='{----}'/><></><></><>,,,,,,,,0x3e7,,,A new process has been created,4688,XmlWinEventLog:Security,XmlWinEventLog,bbbbbsplunkes02,,,MMM,,ppppPWBADDC03$,,success,A new process has been created,failure,,,"execute
os
process
report
security
start
track_event_signatures
windows",,,,"execute
os
process
report
security
start
track_event_signatures
windows",,,ppppPWBADDC03$,-,,,,,Microsoft,,Microsoft Windows
,,,,,MMM,,,ppppPWBADDC03$,,,Security,,,,,,"C:\Windows\System32\WindowsPowershell\v1.0\powershell  -NoProfile -Command ""&amp; {$j = sajb {Get-WindowsFeature | Where {$_.Name -like 'ADCS*'} | SELECT 'InstallState' | Format-List};$r = wjb $j -Timeout 300; rcjb $j;}""",ppppPWBADDC03.mmm.hhh.ggg,,,,-,4688,"<Data Name='SubjectUserSid'>NT AUTHORITY\SYSTEM</Data><Data Name='SubjectUserName'>ppppPWBADDC03$</Data><Data Name='SubjectDomainName'>MMM</Data><Data Name='SubjectLogonId'>0x3e7</Data><Data Name='NewProcessId'>0x4318</Data><Data Name='NewProcessName'>C:\Windows\System32\WindowsPowerShell\v1.0\powershell.exe</Data><Data Name='TokenElevationType'>%%1936</Data><Data Name='ProcessId'>0x10f8</Data><Data Name='CommandLine'>C:\Windows\System32\WindowsPowershell\v1.0\powershell  -NoProfile -Command ""&amp; {$j = sajb {Get-WindowsFeature | Where {$_.Name -like 'ADCS*'} | SELECT 'InstallState' | Format-List};$r = wjb $j -Timeout 300; rcjb $j;}""</Data><Data Name='TargetUserSid'>NULL SID</Data><Data Name='TargetUserName'>-</Data><Data Name='TargetDomainName'>-</Data><Data Name='TargetLogonId'>0x0</Data><Data Name='ParentProcessName'>C:\Windows\System32\cmd.exe</Data><Data Name='MandatoryLabel'>Mandatory Label\System Mandatory Level</Data>",4688.0,999455333,,,,,,,,,,,0x8020000000000000,0,,,,0x3e7,,Mandatory Label\System Mandatory Level,,,,,'Microsoft-Windows-Security-Auditing',0x4318,C:\Windows\System32\WindowsPowerShell\v1.0\powershell.exe,,,,,,0,C:\Windows\System32\cmd.exe,,,,'4',0x10f8,,"C:\Windows\System32\WindowsPowershell\v1.0\powershell  -NoProfile -Command ""&amp; {$j = sajb {Get-WindowsFeature | Where {$_.Name -like 'ADCS*'} | SELECT 'InstallState' | Format-List};$r = wjb $j -Timeout 300; rcjb $j;}""",,999455333,,,,,,,MMM,0x3e7,ppppPWBADDC03$,NT AUTHORITY\SYSTEM,,'2026-05-19T08:11:23.3188912Z',<Provider Name='Microsoft-Windows-Security-Auditing' Guid='{54849625-5478-4994-a5ba-3e3b0328c30d}'/><EventID>4688</EventID><Version>2</Version><Level>0</Level><Task>13312</Task><Opcode>0</Opcode><Keywords>0x8020000000000000</Keywords><TimeCreated SystemTime='2026-05-19T08:11:23.3188912Z'/><EventRecordID>999455333</EventRecordID><Correlation/><Execution ProcessID='4' ThreadID='10248'/><Channel>Security</Channel><Computer>ppppPWBADDC03.mmm.hhh.ggg</Computer><Security/>,-,0x0,,,-,NULL SID,,,-,,-,13312,'10248',%%1936,%%1936,1936.0,,,,,2,,,,,2026-05-19T04:11:23.318-0400,allowed,win:unknown,,,,,ppppPWBADDC03.mmm.hhh.ggg,,ppppPWBADDC03.mmm.hhh.ggg,ppppPWBADDC03,999455333,endpoint_services_processes windows_endpoint_processes windows_event_signature windows_process_new wineventlog_security wineventlog_windows winsec,,,ppppPWBADDC03,999455333,occs-sss-windows,1,A new process has been created,C:\Windows\System32\WindowsPowerShell\v1.0\powershell.exe,0x4318,powershell.exe,,,,,,,C:\Windows\System32\cmd.exe,0x10f8,cmd.exe,C:\Windows\System32\cmd.exe,"C:\Windows\System32\WindowsPowershell\v1.0\powershell  -NoProfile -Command ""&amp; {$j = sajb {Get-WindowsFeature | Where {$_.Name -like 'ADCS*'} | SELECT 'InstallState' | Format-List};$r = wjb $j -Timeout 300; rcjb $j;}""","-NoProfile -Command ""&amp; {$j = sajb {Get-WindowsFeature | Where {$_.Name -like 'ADCS*'} | SELECT 'InstallState' | Format-List};$r = wjb $j -Timeout 300; rcjb $j;}""",C:\Windows\System32\WindowsPowershell\v1.0\powershell,powershell.exe,0x4318,powershell.exe,C:\Windows\System32\WindowsPowerShell\v1.0\powershell.exe,Windows,<_='://../////'><><_='---'_='{----}'/><></><></><>,,,,,,,,0x3e7,,,A new process has been created,4688,XmlWinEventLog:Security,XmlWinEventLog,bbbbbsplunkes03,,,MMM,,ppppPWBADDC03$,,success,A new process has been created,failure,,,"execute
os
process
report
security
start
track_event_signatures
windows",,,,"execute
os
process
report
security
start
track_event_signatures
windows",,,ppppPWBADDC03$,-,,,,,Microsoft,,Microsoft Windows
,,,,,MMM,,,ppppPWBADDC03$,,,Security,,,,,,"C:\Windows\System32\cmd.exe /c C:\Windows\System32\WindowsPowershell\v1.0\powershell -NoProfile -Command ""&amp; {$j = sajb {Get-WindowsFeature | Where {$_.Name -like 'ADCS*'} | SELECT 'InstallState' | Format-List};$r = wjb $j -Timeout 300; rcjb $j;}""",ppppPWBADDC03.mmm.hhh.ggg,,,,-,4688,"<Data Name='SubjectUserSid'>NT AUTHORITY\SYSTEM</Data><Data Name='SubjectUserName'>ppppPWBADDC03$</Data><Data Name='SubjectDomainName'>MMM</Data><Data Name='SubjectLogonId'>0x3e7</Data><Data Name='NewProcessId'>0x10f8</Data><Data Name='NewProcessName'>C:\Windows\System32\cmd.exe</Data><Data Name='TokenElevationType'>%%1936</Data><Data Name='ProcessId'>0x25bc</Data><Data Name='CommandLine'>C:\Windows\System32\cmd.exe /c C:\Windows\System32\WindowsPowershell\v1.0\powershell -NoProfile -Command ""&amp; {$j = sajb {Get-WindowsFeature | Where {$_.Name -like 'ADCS*'} | SELECT 'InstallState' | Format-List};$r = wjb $j -Timeout 300; rcjb $j;}""</Data><Data Name='TargetUserSid'>NULL SID</Data><Data Name='TargetUserName'>-</Data><Data Name='TargetDomainName'>-</Data><Data Name='TargetLogonId'>0x0</Data><Data Name='ParentProcessName'>C:\Program Files\Tenable\Nessus Agent\nessus-agent-module.exe</Data><Data Name='MandatoryLabel'>Mandatory Label\System Mandatory Level</Data>",4688.0,999455331,,,,,,,,,,,0x8020000000000000,0,,,,0x3e7,,Mandatory Label\System Mandatory Level,,,,,'Microsoft-Windows-Security-Auditing',0x10f8,C:\Windows\System32\cmd.exe,,,,,,0,C:\Program Files\Tenable\Nessus Agent\nessus-agent-module.exe,,,,'4',0x25bc,,"C:\Windows\System32\cmd.exe /c C:\Windows\System32\WindowsPowershell\v1.0\powershell -NoProfile -Command ""&amp; {$j = sajb {Get-WindowsFeature | Where {$_.Name -like 'ADCS*'} | SELECT 'InstallState' | Format-List};$r = wjb $j -Timeout 300; rcjb $j;}""",,999455331,,,,,,,MMM,0x3e7,ppppPWBADDC03$,NT AUTHORITY\SYSTEM,,'2026-05-19T08:11:23.2880943Z',<Provider Name='Microsoft-Windows-Security-Auditing' Guid='{54849625-5478-4994-a5ba-3e3b0328c30d}'/><EventID>4688</EventID><Version>2</Version><Level>0</Level><Task>13312</Task><Opcode>0</Opcode><Keywords>0x8020000000000000</Keywords><TimeCreated SystemTime='2026-05-19T08:11:23.2880943Z'/><EventRecordID>999455331</EventRecordID><Correlation/><Execution ProcessID='4' ThreadID='10248'/><Channel>Security</Channel><Computer>ppppPWBADDC03.mmm.hhh.ggg</Computer><Security/>,-,0x0,,,-,NULL SID,,,-,,-,13312,'10248',%%1936,%%1936,1936.0,,,,,2,,,,,2026-05-19T04:11:23.288-0400,allowed,win:unknown,,,,,ppppPWBADDC03.mmm.hhh.ggg,,ppppPWBADDC03.mmm.hhh.ggg,ppppPWBADDC03,999455331,endpoint_services_processes windows_endpoint_processes windows_event_signature windows_process_new wineventlog_security wineventlog_windows winsec,,,ppppPWBADDC03,999455331,occs-sss-windows,1,A new process has been created,C:\Windows\System32\cmd.exe,0x10f8,cmd.exe,,,,,,,C:\Program Files\Tenable\Nessus Agent\nessus-agent-module.exe,0x25bc,nessus-agent-module.exe,C:\Program Files\Tenable\Nessus Agent\nessus-agent-module.exe,"C:\Windows\System32\cmd.exe /c C:\Windows\System32\WindowsPowershell\v1.0\powershell -NoProfile -Command ""&amp; {$j = sajb {Get-WindowsFeature | Where {$_.Name -like 'ADCS*'} | SELECT 'InstallState' | Format-List};$r = wjb $j -Timeout 300; rcjb $j;}""","/c C:\Windows\System32\WindowsPowershell\v1.0\powershell -NoProfile -Command ""&amp; {$j = sajb {Get-WindowsFeature | Where {$_.Name -like 'ADCS*'} | SELECT 'InstallState' | Format-List};$r = wjb $j -Timeout 300; rcjb $j;}""",C:\Windows\System32\cmd.exe,cmd.exe,0x10f8,cmd.exe,C:\Windows\System32\cmd.exe,Windows,<_='://../////'><><_='---'_='{----}'/><></><></><>,,,,,,,,0x3e7,,,A new process has been created,4688,XmlWinEventLog:Security,XmlWinEventLog,bbbbbsplunkes03,,,MMM,,ppppPWBADDC03$,,success,A new process has been created,failure,,,"execute
os
process
report
security
start
track_event_signatures
windows",,,,"execute
os
process
report
security
start
track_event_signatures
windows",,,ppppPWBADDC03$,-,,,,,Microsoft,,Microsoft Windows
,,,,,MMM,,,ppppPWBADDC03$,,,Security,,,,,,"C:\Windows\System32\WindowsPowershell\v1.0\powershell  -NoProfile -Command ""&amp; {$j = sajb {Get-WindowsFeature | Where {$_.Name -eq 'WINS'} | SELECT 'InstallState' | Format-List};$r = wjb $j -Timeout 300; rcjb $j;}""",ppppPWBADDC03.mmm.hhh.ggg,,,,-,4688,"<Data Name='SubjectUserSid'>NT AUTHORITY\SYSTEM</Data><Data Name='SubjectUserName'>ppppPWBADDC03$</Data><Data Name='SubjectDomainName'>MMM</Data><Data Name='SubjectLogonId'>0x3e7</Data><Data Name='NewProcessId'>0x2cd8</Data><Data Name='NewProcessName'>C:\Windows\System32\WindowsPowerShell\v1.0\powershell.exe</Data><Data Name='TokenElevationType'>%%1936</Data><Data Name='ProcessId'>0x3d00</Data><Data Name='CommandLine'>C:\Windows\System32\WindowsPowershell\v1.0\powershell  -NoProfile -Command ""&amp; {$j = sajb {Get-WindowsFeature | Where {$_.Name -eq 'WINS'} | SELECT 'InstallState' | Format-List};$r = wjb $j -Timeout 300; rcjb $j;}""</Data><Data Name='TargetUserSid'>NULL SID</Data><Data Name='TargetUserName'>-</Data><Data Name='TargetDomainName'>-</Data><Data Name='TargetLogonId'>0x0</Data><Data Name='ParentProcessName'>C:\Windows\System32\cmd.exe</Data><Data Name='MandatoryLabel'>Mandatory Label\System Mandatory Level</Data>",4688.0,999455286,,,,,,,,,,,0x8020000000000000,0,,,,0x3e7,,Mandatory Label\System Mandatory Level,,,,,'Microsoft-Windows-Security-Auditing',0x2cd8,C:\Windows\System32\WindowsPowerShell\v1.0\powershell.exe,,,,,,0,C:\Windows\System32\cmd.exe,,,,'4',0x3d00,,"C:\Windows\System32\WindowsPowershell\v1.0\powershell  -NoProfile -Command ""&amp; {$j = sajb {Get-WindowsFeature | Where {$_.Name -eq 'WINS'} | SELECT 'InstallState' | Format-List};$r = wjb $j -Timeout 300; rcjb $j;}""",,999455286,,,,,,,MMM,0x3e7,ppppPWBADDC03$,NT AUTHORITY\SYSTEM,,'2026-05-19T08:11:21.0656251Z',<Provider Name='Microsoft-Windows-Security-Auditing' Guid='{54849625-5478-4994-a5ba-3e3b0328c30d}'/><EventID>4688</EventID><Version>2</Version><Level>0</Level><Task>13312</Task><Opcode>0</Opcode><Keywords>0x8020000000000000</Keywords><TimeCreated SystemTime='2026-05-19T08:11:21.0656251Z'/><EventRecordID>999455286</EventRecordID><Correlation/><Execution ProcessID='4' ThreadID='14804'/><Channel>Security</Channel><Computer>ppppPWBADDC03.mmm.hhh.ggg</Computer><Security/>,-,0x0,,,-,NULL SID,,,-,,-,13312,'14804',%%1936,%%1936,1936.0,,,,,2,,,,,2026-05-19T04:11:21.065-0400,allowed,win:unknown,,,,,ppppPWBADDC03.mmm.hhh.ggg,,ppppPWBADDC03.mmm.hhh.ggg,ppppPWBADDC03,999455286,endpoint_services_processes windows_endpoint_processes windows_event_signature windows_process_new wineventlog_security wineventlog_windows winsec,,,ppppPWBADDC03,999455286,occs-sss-windows,1,A new process has been created,C:\Windows\System32\WindowsPowerShell\v1.0\powershell.exe,0x2cd8,powershell.exe,,,,,,,C:\Windows\System32\cmd.exe,0x3d00,cmd.exe,C:\Windows\System32\cmd.exe,"C:\Windows\System32\WindowsPowershell\v1.0\powershell  -NoProfile -Command ""&amp; {$j = sajb {Get-WindowsFeature | Where {$_.Name -eq 'WINS'} | SELECT 'InstallState' | Format-List};$r = wjb $j -Timeout 300; rcjb $j;}""","-NoProfile -Command ""&amp; {$j = sajb {Get-WindowsFeature | Where {$_.Name -eq 'WINS'} | SELECT 'InstallState' | Format-List};$r = wjb $j -Timeout 300; rcjb $j;}""",C:\Windows\System32\WindowsPowershell\v1.0\powershell,powershell.exe,0x2cd8,powershell.exe,C:\Windows\System32\WindowsPowerShell\v1.0\powershell.exe,Windows,<_='://../////'><><_='---'_='{----}'/><></><></><>,,,,,,,,0x3e7,,,A new process has been created,4688,XmlWinEventLog:Security,XmlWinEventLog,bbbbbsplunkes03,,,MMM,,ppppPWBADDC03$,,success,A new process has been created,failure,,,"execute
os
process
report
security
start
track_event_signatures
windows",,,,"execute
os
process
report
security
start
track_event_signatures
windows",,,ppppPWBADDC03$,-,,,,,Microsoft,,Microsoft Windows
,,,,,MMM,,,ppppPWBADDC03$,,,Security,,,,,,"C:\Windows\System32\cmd.exe /c C:\Windows\System32\WindowsPowershell\v1.0\powershell -NoProfile -Command ""&amp; {$j = sajb {Get-WindowsFeature | Where {$_.Name -eq 'WINS'} | SELECT 'InstallState' | Format-List};$r = wjb $j -Timeout 300; rcjb $j;}""",ppppPWBADDC03.mmm.hhh.ggg,,,,-,4688,"<Data Name='SubjectUserSid'>NT AUTHORITY\SYSTEM</Data><Data Name='SubjectUserName'>ppppPWBADDC03$</Data><Data Name='SubjectDomainName'>MMM</Data><Data Name='SubjectLogonId'>0x3e7</Data><Data Name='NewProcessId'>0x3d00</Data><Data Name='NewProcessName'>C:\Windows\System32\cmd.exe</Data><Data Name='TokenElevationType'>%%1936</Data><Data Name='ProcessId'>0x25bc</Data><Data Name='CommandLine'>C:\Windows\System32\cmd.exe /c C:\Windows\System32\WindowsPowershell\v1.0\powershell -NoProfile -Command ""&amp; {$j = sajb {Get-WindowsFeature | Where {$_.Name -eq 'WINS'} | SELECT 'InstallState' | Format-List};$r = wjb $j -Timeout 300; rcjb $j;}""</Data><Data Name='TargetUserSid'>NULL SID</Data><Data Name='TargetUserName'>-</Data><Data Name='TargetDomainName'>-</Data><Data Name='TargetLogonId'>0x0</Data><Data Name='ParentProcessName'>C:\Program Files\Tenable\Nessus Agent\nessus-agent-module.exe</Data><Data Name='MandatoryLabel'>Mandatory Label\System Mandatory Level</Data>",4688.0,999455285,,,,,,,,,,,0x8020000000000000,0,,,,0x3e7,,Mandatory Label\System Mandatory Level,,,,,'Microsoft-Windows-Security-Auditing',0x3d00,C:\Windows\System32\cmd.exe,,,,,,0,C:\Program Files\Tenable\Nessus Agent\nessus-agent-module.exe,,,,'4',0x25bc,,"C:\Windows\System32\cmd.exe /c C:\Windows\System32\WindowsPowershell\v1.0\powershell -NoProfile -Command ""&amp; {$j = sajb {Get-WindowsFeature | Where {$_.Name -eq 'WINS'} | SELECT 'InstallState' | Format-List};$r = wjb $j -Timeout 300; rcjb $j;}""",,999455285,,,,,,,MMM,0x3e7,ppppPWBADDC03$,NT AUTHORITY\SYSTEM,,'2026-05-19T08:11:21.0318900Z',<Provider Name='Microsoft-Windows-Security-Auditing' Guid='{54849625-5478-4994-a5ba-3e3b0328c30d}'/><EventID>4688</EventID><Version>2</Version><Level>0</Level><Task>13312</Task><Opcode>0</Opcode><Keywords>0x8020000000000000</Keywords><TimeCreated SystemTime='2026-05-19T08:11:21.0318900Z'/><EventRecordID>999455285</EventRecordID><Correlation/><Execution ProcessID='4' ThreadID='14804'/><Channel>Security</Channel><Computer>ppppPWBADDC03.mmm.hhh.ggg</Computer><Security/>,-,0x0,,,-,NULL SID,,,-,,-,13312,'14804',%%1936,%%1936,1936.0,,,,,2,,,,,2026-05-19T04:11:21.031-0400,allowed,win:unknown,,,,,ppppPWBADDC03.mmm.hhh.ggg,,ppppPWBADDC03.mmm.hhh.ggg,ppppPWBADDC03,999455285,endpoint_services_processes windows_endpoint_processes windows_event_signature windows_process_new wineventlog_security wineventlog_windows winsec,,,ppppPWBADDC03,999455285,occs-sss-windows,1,A new process has been created,C:\Windows\System32\cmd.exe,0x3d00,cmd.exe,,,,,,,C:\Program Files\Tenable\Nessus Agent\nessus-agent-module.exe,0x25bc,nessus-agent-module.exe,C:\Program Files\Tenable\Nessus Agent\nessus-agent-module.exe,"C:\Windows\System32\cmd.exe /c C:\Windows\System32\WindowsPowershell\v1.0\powershell -NoProfile -Command ""&amp; {$j = sajb {Get-WindowsFeature | Where {$_.Name -eq 'WINS'} | SELECT 'InstallState' | Format-List};$r = wjb $j -Timeout 300; rcjb $j;}""","/c C:\Windows\System32\WindowsPowershell\v1.0\powershell -NoProfile -Command ""&amp; {$j = sajb {Get-WindowsFeature | Where {$_.Name -eq 'WINS'} | SELECT 'InstallState' | Format-List};$r = wjb $j -Timeout 300; rcjb $j;}""",C:\Windows\System32\cmd.exe,cmd.exe,0x3d00,cmd.exe,C:\Windows\System32\cmd.exe,Windows,<_='://../////'><><_='---'_='{----}'/><></><></><>,,,,,,,,0x3e7,,,A new process has been created,4688,XmlWinEventLog:Security,XmlWinEventLog,bbbbbsplunkes03,,,MMM,,ppppPWBADDC03$,,success,A new process has been created,failure,,,"execute
os
process
report
security
start
track_event_signatures
windows",,,,"execute
os
process
report
security
start
track_event_signatures
windows",,,ppppPWBADDC03$,-,,,,,Microsoft,,Microsoft Windows
,,,,,MMM,,,ppppPWBADDC03$,,,Security,,,,,,where  /Q repadmin,ppppPWBADDC03.mmm.hhh.ggg,,,,-,4688,<Data Name='SubjectUserSid'>NT AUTHORITY\SYSTEM</Data><Data Name='SubjectUserName'>ppppPWBADDC03$</Data><Data Name='SubjectDomainName'>MMM</Data><Data Name='SubjectLogonId'>0x3e7</Data><Data Name='NewProcessId'>0x3d30</Data><Data Name='NewProcessName'>C:\Windows\System32\where.exe</Data><Data Name='TokenElevationType'>%%1936</Data><Data Name='ProcessId'>0x37a4</Data><Data Name='CommandLine'>where  /Q repadmin </Data><Data Name='TargetUserSid'>NULL SID</Data><Data Name='TargetUserName'>-</Data><Data Name='TargetDomainName'>-</Data><Data Name='TargetLogonId'>0x0</Data><Data Name='ParentProcessName'>C:\Windows\System32\cmd.exe</Data><Data Name='MandatoryLabel'>Mandatory Label\System Mandatory Level</Data>,4688.0,999455142,,,,,,,,,,,0x8020000000000000,0,,,,0x3e7,,Mandatory Label\System Mandatory Level,,,,,'Microsoft-Windows-Security-Auditing',0x3d30,C:\Windows\System32\where.exe,,,,,,0,C:\Windows\System32\cmd.exe,,,,'4',0x37a4,,where  /Q repadmin,,999455142,,,,,,,MMM,0x3e7,ppppPWBADDC03$,NT AUTHORITY\SYSTEM,,'2026-05-19T08:11:15.1131246Z',<Provider Name='Microsoft-Windows-Security-Auditing' Guid='{54849625-5478-4994-a5ba-3e3b0328c30d}'/><EventID>4688</EventID><Version>2</Version><Level>0</Level><Task>13312</Task><Opcode>0</Opcode><Keywords>0x8020000000000000</Keywords><TimeCreated SystemTime='2026-05-19T08:11:15.1131246Z'/><EventRecordID>999455142</EventRecordID><Correlation/><Execution ProcessID='4' ThreadID='15960'/><Channel>Security</Channel><Computer>ppppPWBADDC03.mmm.hhh.ggg</Computer><Security/>,-,0x0,,,-,NULL SID,,,-,,-,13312,'15960',%%1936,%%1936,1936.0,,,,,2,,,,,2026-05-19T04:11:15.113-0400,allowed,win:unknown,,,,,ppppPWBADDC03.mmm.hhh.ggg,,ppppPWBADDC03.mmm.hhh.ggg,ppppPWBADDC03,999455142,endpoint_services_processes windows_endpoint_processes windows_event_signature windows_process_new wineventlog_security wineventlog_windows winsec,,,ppppPWBADDC03,999455142,occs-sss-windows,1,A new process has been created,C:\Windows\System32\where.exe,0x3d30,where.exe,,,,,,,C:\Windows\System32\cmd.exe,0x37a4,cmd.exe,C:\Windows\System32\cmd.exe,C:\Windows\System32\where.exe /Q repadmin,/Q repadmin,where,where.exe,0x3d30,where.exe,C:\Windows\System32\where.exe,Windows,<_='://../////'><><_='---'_='{----}'/><></><></><>,,,,,,,,0x3e7,,,A new process has been created,4688,XmlWinEventLog:Security,XmlWinEventLog,bbbbbsplunkes03,,,MMM,,ppppPWBADDC03$,,success,A new process has been created,failure,,,"execute
os
process
report
security
start
track_event_signatures
windows",,,,"execute
os
process
report
security
start
track_event_signatures
windows",,,ppppPWBADDC03$,-,,,,,Microsoft,,Microsoft Windows
,,,,,MMM,,,ppppPWBADDC03$,,,Security,,,,,,"C:\Windows\System32\WindowsPowershell\v1.0\powershell  -NoProfile -Command ""&amp; {$j = sajb {$ErrorActionPreference = 'SilentlyContinue';$ErrorActionPreference = 'SilentlyContinue';$jars = $(Get-ChildItem -Path 'C:\*', 'F:\*' -Recurse -Include '*.jar','*.war','*.ear'| Where-Object Attributes -NotLike ""*ReparsePoint*""| Where-Object { -not $_.PSIsContainer }| % {$_.FullName});try{Add-Type -AssemblyName System.IO.Compression.FileSystem;}catch{'no_archive_inspection'};$num_jars_found = 0;$num_jars_insp = 0;$jars_mod = 0;$rxp_log4j = '(?:\\|\/)(log4j-?(?:core-?)?(\d[.\d]+)?(?:-?((?:rc|alpha|beta)-?\d*))?\.jar)';$rgx_log4j = [Regex]::new($rxp_log4j);$rxp_class = '(.*JndiLookup.class)?(.*JMSAppender.class)?(.*JdbcAppender.class)?';$rgx_class = [Regex]::new($rxp_class,[System.Text.RegularExpressions.RegexOptions]::IgnoreCase);foreach($jar in $jars){$num_jars_found++;};-join('num_jars_found:',$num_jars_found);foreach($jar in $jars){$jars_count++;$jars_mod = $jars_count % 100;if($jars_mod -eq 0){-join('# jars processed marker: ',$jars_count, ' of ',$num_jars_found);};$l4jf = $l4jd = $l4je = $jdlc = $jmsa = $jdbc = $null;$inspect = $true;if($rgx_log4j.IsMatch($jar)){$l4jf=$jar};$jar_open_read = [IO.Compression.ZipFile]::OpenRead($jar);$entries = try{$jar_open_read;}catch{$inspect=$false;};if($inspect){foreach($e in $entries.Entries){$fn = $e.Fullname;if($rgx_class.Match($fn).Groups[1].Value){$jdlc = 'Found'};if($rgx_class.Match($fn).Groups[2].Value){$jmsa = 'Found'};if($rgx_class.Match($fn).Groups[3].Value){$jdbc = 'Found'};if($rgx_log4j.IsMatch($fn)){$l4jd = $fn;$l4jd_zip = [IO.Compression.ZipArchive]::new($e.Open());foreach ($l4jdE in $l4jd_zip.Entries){$le = $l4jdE.FullName;if($rgx_class.Match($le).Groups[1].Value){$jdlc = 'Found'};if($rgx_class.Match($le).Groups[2].Value){$jmsa = 'Found'};if($rgx_class.Match($le).Groups[3].Value){$jdbc = 'Found'};};$l4jd_zip.Dispose();$e.Archive.Dispose();[GC]::Collect();};if(!$jdlc){$jdlc = 'Not Found';};if(!$jmsa){$jmsa = 'Not Found';};if(!$jdbc){$jdbc = 'Not Found';};};if(!$jdlc){$jdlc = 'Unknown';};if(!$jmsa){$jmsa = 'Unknown';};if(!$jdbc){$jdbc = 'Unknown';};};if($l4jf){-join('f|',$l4jf,'|',$jdlc,'|',$jmsa,'|',$jdbc,\""`r\"")| Write-Host};if($l4jd){-join('d|',$jar,'|',$l4jd,'|',$jdlc,'|',$jmsa,'|',$jdbc,\""`r\"")| Write-Host};if($l4je){-join($l4je,'|',$jdlc,'|',$jmsa,'|',$jdbc,\""`r\"")| Write-Host};[GC]::Collect();[System.Threading.Thread]::Sleep(250);};-join('# jars processed marker: ',$jars_count, ' of ',$num_jars_found);-join('num_jars_found:',$num_jars_found);};$r = wjb $j -Timeout 2880; rcjb $j;}""",ppppPWBADDC03.mmm.hhh.ggg,,,,-,4688,"<Data Name='SubjectUserSid'>NT AUTHORITY\SYSTEM</Data><Data Name='SubjectUserName'>ppppPWBADDC03$</Data><Data Name='SubjectDomainName'>MMM</Data><Data Name='SubjectLogonId'>0x3e7</Data><Data Name='NewProcessId'>0x3994</Data><Data Name='NewProcessName'>C:\Windows\System32\WindowsPowerShell\v1.0\powershell.exe</Data><Data Name='TokenElevationType'>%%1936</Data><Data Name='ProcessId'>0x28b0</Data><Data Name='CommandLine'>C:\Windows\System32\WindowsPowershell\v1.0\powershell  -NoProfile -Command ""&amp; {$j = sajb {$ErrorActionPreference = 'SilentlyContinue';$ErrorActionPreference = 'SilentlyContinue';$jars = $(Get-ChildItem -Path 'C:\*', 'F:\*' -Recurse -Include '*.jar','*.war','*.ear'| Where-Object Attributes -NotLike ""*ReparsePoint*""| Where-Object { -not $_.PSIsContainer }| % {$_.FullName});try{Add-Type -AssemblyName System.IO.Compression.FileSystem;}catch{'no_archive_inspection'};$num_jars_found = 0;$num_jars_insp = 0;$jars_mod = 0;$rxp_log4j = '(?:\\|\/)(log4j-?(?:core-?)?(\d[.\d]+)?(?:-?((?:rc|alpha|beta)-?\d*))?\.jar)';$rgx_log4j = [Regex]::new($rxp_log4j);$rxp_class = '(.*JndiLookup.class)?(.*JMSAppender.class)?(.*JdbcAppender.class)?';$rgx_class = [Regex]::new($rxp_class,[System.Text.RegularExpressions.RegexOptions]::IgnoreCase);foreach($jar in $jars){$num_jars_found++;};-join('num_jars_found:',$num_jars_found);foreach($jar in $jars){$jars_count++;$jars_mod = $jars_count % 100;if($jars_mod -eq 0){-join('# jars processed marker: ',$jars_count, ' of ',$num_jars_found);};$l4jf = $l4jd = $l4je = $jdlc = $jmsa = $jdbc = $null;$inspect = $true;if($rgx_log4j.IsMatch($jar)){$l4jf=$jar};$jar_open_read = [IO.Compression.ZipFile]::OpenRead($jar);$entries = try{$jar_open_read;}catch{$inspect=$false;};if($inspect){foreach($e in $entries.Entries){$fn = $e.Fullname;if($rgx_class.Match($fn).Groups[1].Value){$jdlc = 'Found'};if($rgx_class.Match($fn).Groups[2].Value){$jmsa = 'Found'};if($rgx_class.Match($fn).Groups[3].Value){$jdbc = 'Found'};if($rgx_log4j.IsMatch($fn)){$l4jd = $fn;$l4jd_zip = [IO.Compression.ZipArchive]::new($e.Open());foreach ($l4jdE in $l4jd_zip.Entries){$le = $l4jdE.FullName;if($rgx_class.Match($le).Groups[1].Value){$jdlc = 'Found'};if($rgx_class.Match($le).Groups[2].Value){$jmsa = 'Found'};if($rgx_class.Match($le).Groups[3].Value){$jdbc = 'Found'};};$l4jd_zip.Dispose();$e.Archive.Dispose();[GC]::Collect();};if(!$jdlc){$jdlc = 'Not Found';};if(!$jmsa){$jmsa = 'Not Found';};if(!$jdbc){$jdbc = 'Not Found';};};if(!$jdlc){$jdlc = 'Unknown';};if(!$jmsa){$jmsa = 'Unknown';};if(!$jdbc){$jdbc = 'Unknown';};};if($l4jf){-join('f|',$l4jf,'|',$jdlc,'|',$jmsa,'|',$jdbc,\""`r\"")| Write-Host};if($l4jd){-join('d|',$jar,'|',$l4jd,'|',$jdlc,'|',$jmsa,'|',$jdbc,\""`r\"")| Write-Host};if($l4je){-join($l4je,'|',$jdlc,'|',$jmsa,'|',$jdbc,\""`r\"")| Write-Host};[GC]::Collect();[System.Threading.Thread]::Sleep(250);};-join('# jars processed marker: ',$jars_count, ' of ',$num_jars_found);-join('num_jars_found:',$num_jars_found);};$r = wjb $j -Timeout 2880; rcjb $j;}""</Data><Data Name='TargetUserSid'>NULL SID</Data><Data Name='TargetUserName'>-</Data><Data Name='TargetDomainName'>-</Data><Data Name='TargetLogonId'>0x0</Data><Data Name='ParentProcessName'>C:\Windows\System32\cmd.exe</Data><Data Name='MandatoryLabel'>Mandatory Label\System Mandatory Level</Data>",4688.0,999454076,,,,,,,,,,,0x8020000000000000,0,,,,0x3e7,,Mandatory Label\System Mandatory Level,,,,,'Microsoft-Windows-Security-Auditing',0x3994,C:\Windows\System32\WindowsPowerShell\v1.0\powershell.exe,,,,,,0,C:\Windows\System32\cmd.exe,,,,'4',0x28b0,,"C:\Windows\System32\WindowsPowershell\v1.0\powershell  -NoProfile -Command ""&amp; {$j = sajb {$ErrorActionPreference = 'SilentlyContinue';$ErrorActionPreference = 'SilentlyContinue';$jars = $(Get-ChildItem -Path 'C:\*', 'F:\*' -Recurse -Include '*.jar','*.war','*.ear'| Where-Object Attributes -NotLike ""*ReparsePoint*""| Where-Object { -not $_.PSIsContainer }| % {$_.FullName});try{Add-Type -AssemblyName System.IO.Compression.FileSystem;}catch{'no_archive_inspection'};$num_jars_found = 0;$num_jars_insp = 0;$jars_mod = 0;$rxp_log4j = '(?:\\|\/)(log4j-?(?:core-?)?(\d[.\d]+)?(?:-?((?:rc|alpha|beta)-?\d*))?\.jar)';$rgx_log4j = [Regex]::new($rxp_log4j);$rxp_class = '(.*JndiLookup.class)?(.*JMSAppender.class)?(.*JdbcAppender.class)?';$rgx_class = [Regex]::new($rxp_class,[System.Text.RegularExpressions.RegexOptions]::IgnoreCase);foreach($jar in $jars){$num_jars_found++;};-join('num_jars_found:',$num_jars_found);foreach($jar in $jars){$jars_count++;$jars_mod = $jars_count % 100;if($jars_mod -eq 0){-join('# jars processed marker: ',$jars_count, ' of ',$num_jars_found);};$l4jf = $l4jd = $l4je = $jdlc = $jmsa = $jdbc = $null;$inspect = $true;if($rgx_log4j.IsMatch($jar)){$l4jf=$jar};$jar_open_read = [IO.Compression.ZipFile]::OpenRead($jar);$entries = try{$jar_open_read;}catch{$inspect=$false;};if($inspect){foreach($e in $entries.Entries){$fn = $e.Fullname;if($rgx_class.Match($fn).Groups[1].Value){$jdlc = 'Found'};if($rgx_class.Match($fn).Groups[2].Value){$jmsa = 'Found'};if($rgx_class.Match($fn).Groups[3].Value){$jdbc = 'Found'};if($rgx_log4j.IsMatch($fn)){$l4jd = $fn;$l4jd_zip = [IO.Compression.ZipArchive]::new($e.Open());foreach ($l4jdE in $l4jd_zip.Entries){$le = $l4jdE.FullName;if($rgx_class.Match($le).Groups[1].Value){$jdlc = 'Found'};if($rgx_class.Match($le).Groups[2].Value){$jmsa = 'Found'};if($rgx_class.Match($le).Groups[3].Value){$jdbc = 'Found'};};$l4jd_zip.Dispose();$e.Archive.Dispose();[GC]::Collect();};if(!$jdlc){$jdlc = 'Not Found';};if(!$jmsa){$jmsa = 'Not Found';};if(!$jdbc){$jdbc = 'Not Found';};};if(!$jdlc){$jdlc = 'Unknown';};if(!$jmsa){$jmsa = 'Unknown';};if(!$jdbc){$jdbc = 'Unknown';};};if($l4jf){-join('f|',$l4jf,'|',$jdlc,'|',$jmsa,'|',$jdbc,\""`r\"")| Write-Host};if($l4jd){-join('d|',$jar,'|',$l4jd,'|',$jdlc,'|',$jmsa,'|',$jdbc,\""`r\"")| Write-Host};if($l4je){-join($l4je,'|',$jdlc,'|',$jmsa,'|',$jdbc,\""`r\"")| Write-Host};[GC]::Collect();[System.Threading.Thread]::Sleep(250);};-join('# jars processed marker: ',$jars_count, ' of ',$num_jars_found);-join('num_jars_found:',$num_jars_found);};$r = wjb $j -Timeout 2880; rcjb $j;}""",,999454076,,,,,,,MMM,0x3e7,ppppPWBADDC03$,NT AUTHORITY\SYSTEM,,'2026-05-19T08:09:46.4214160Z',<Provider Name='Microsoft-Windows-Security-Auditing' Guid='{54849625-5478-4994-a5ba-3e3b0328c30d}'/><EventID>4688</EventID><Version>2</Version><Level>0</Level><Task>13312</Task><Opcode>0</Opcode><Keywords>0x8020000000000000</Keywords><TimeCreated SystemTime='2026-05-19T08:09:46.4214160Z'/><EventRecordID>999454076</EventRecordID><Correlation/><Execution ProcessID='4' ThreadID='4168'/><Channel>Security</Channel><Computer>ppppPWBADDC03.mmm.hhh.ggg</Computer><Security/>,-,0x0,,,-,NULL SID,,,-,,-,13312,'4168',%%1936,%%1936,1936.0,,,,,2,,,,,2026-05-19T04:09:46.421-0400,allowed,win:unknown,,,,,ppppPWBADDC03.mmm.hhh.ggg,,ppppPWBADDC03.mmm.hhh.ggg,ppppPWBADDC03,999454076,endpoint_services_processes windows_endpoint_processes windows_event_signature windows_process_new wineventlog_security wineventlog_windows winsec,,,ppppPWBADDC03,999454076,occs-sss-windows,1,A new process has been created,C:\Windows\System32\WindowsPowerShell\v1.0\powershell.exe,0x3994,powershell.exe,,,,,,,C:\Windows\System32\cmd.exe,0x28b0,cmd.exe,C:\Windows\System32\cmd.exe,"C:\Windows\System32\WindowsPowershell\v1.0\powershell  -NoProfile -Command ""&amp; {$j = sajb {$ErrorActionPreference = 'SilentlyContinue';$ErrorActionPreference = 'SilentlyContinue';$jars = $(Get-ChildItem -Path 'C:\*', 'F:\*' -Recurse -Include '*.jar','*.war','*.ear'| Where-Object Attributes -NotLike ""*ReparsePoint*""| Where-Object { -not $_.PSIsContainer }| % {$_.FullName});try{Add-Type -AssemblyName System.IO.Compression.FileSystem;}catch{'no_archive_inspection'};$num_jars_found = 0;$num_jars_insp = 0;$jars_mod = 0;$rxp_log4j = '(?:\\|\/)(log4j-?(?:core-?)?(\d[.\d]+)?(?:-?((?:rc|alpha|beta)-?\d*))?\.jar)';$rgx_log4j = [Regex]::new($rxp_log4j);$rxp_class = '(.*JndiLookup.class)?(.*JMSAppender.class)?(.*JdbcAppender.class)?';$rgx_class = [Regex]::new($rxp_class,[System.Text.RegularExpressions.RegexOptions]::IgnoreCase);foreach($jar in $jars){$num_jars_found++;};-join('num_jars_found:',$num_jars_found);foreach($jar in $jars){$jars_count++;$jars_mod = $jars_count % 100;if($jars_mod -eq 0){-join('# jars processed marker: ',$jars_count, ' of ',$num_jars_found);};$l4jf = $l4jd = $l4je = $jdlc = $jmsa = $jdbc = $null;$inspect = $true;if($rgx_log4j.IsMatch($jar)){$l4jf=$jar};$jar_open_read = [IO.Compression.ZipFile]::OpenRead($jar);$entries = try{$jar_open_read;}catch{$inspect=$false;};if($inspect){foreach($e in $entries.Entries){$fn = $e.Fullname;if($rgx_class.Match($fn).Groups[1].Value){$jdlc = 'Found'};if($rgx_class.Match($fn).Groups[2].Value){$jmsa = 'Found'};if($rgx_class.Match($fn).Groups[3].Value){$jdbc = 'Found'};if($rgx_log4j.IsMatch($fn)){$l4jd = $fn;$l4jd_zip = [IO.Compression.ZipArchive]::new($e.Open());foreach ($l4jdE in $l4jd_zip.Entries){$le = $l4jdE.FullName;if($rgx_class.Match($le).Groups[1].Value){$jdlc = 'Found'};if($rgx_class.Match($le).Groups[2].Value){$jmsa = 'Found'};if($rgx_class.Match($le).Groups[3].Value){$jdbc = 'Found'};};$l4jd_zip.Dispose();$e.Archive.Dispose();[GC]::Collect();};if(!$jdlc){$jdlc = 'Not Found';};if(!$jmsa){$jmsa = 'Not Found';};if(!$jdbc){$jdbc = 'Not Found';};};if(!$jdlc){$jdlc = 'Unknown';};if(!$jmsa){$jmsa = 'Unknown';};if(!$jdbc){$jdbc = 'Unknown';};};if($l4jf){-join('f|',$l4jf,'|',$jdlc,'|',$jmsa,'|',$jdbc,\""`r\"")| Write-Host};if($l4jd){-join('d|',$jar,'|',$l4jd,'|',$jdlc,'|',$jmsa,'|',$jdbc,\""`r\"")| Write-Host};if($l4je){-join($l4je,'|',$jdlc,'|',$jmsa,'|',$jdbc,\""`r\"")| Write-Host};[GC]::Collect();[System.Threading.Thread]::Sleep(250);};-join('# jars processed marker: ',$jars_count, ' of ',$num_jars_found);-join('num_jars_found:',$num_jars_found);};$r = wjb $j -Timeout 2880; rcjb $j;}""","-NoProfile -Command ""&amp; {$j = sajb {$ErrorActionPreference = 'SilentlyContinue';$ErrorActionPreference = 'SilentlyContinue';$jars = $(Get-ChildItem -Path 'C:\*', 'F:\*' -Recurse -Include '*.jar','*.war','*.ear'| Where-Object Attributes -NotLike ""*ReparsePoint*""| Where-Object { -not $_.PSIsContainer }| % {$_.FullName});try{Add-Type -AssemblyName System.IO.Compression.FileSystem;}catch{'no_archive_inspection'};$num_jars_found = 0;$num_jars_insp = 0;$jars_mod = 0;$rxp_log4j = '(?:\\|\/)(log4j-?(?:core-?)?(\d[.\d]+)?(?:-?((?:rc|alpha|beta)-?\d*))?\.jar)';$rgx_log4j = [Regex]::new($rxp_log4j);$rxp_class = '(.*JndiLookup.class)?(.*JMSAppender.class)?(.*JdbcAppender.class)?';$rgx_class = [Regex]::new($rxp_class,[System.Text.RegularExpressions.RegexOptions]::IgnoreCase);foreach($jar in $jars){$num_jars_found++;};-join('num_jars_found:',$num_jars_found);foreach($jar in $jars){$jars_count++;$jars_mod = $jars_count % 100;if($jars_mod -eq 0){-join('# jars processed marker: ',$jars_count, ' of ',$num_jars_found);};$l4jf = $l4jd = $l4je = $jdlc = $jmsa = $jdbc = $null;$inspect = $true;if($rgx_log4j.IsMatch($jar)){$l4jf=$jar};$jar_open_read = [IO.Compression.ZipFile]::OpenRead($jar);$entries = try{$jar_open_read;}catch{$inspect=$false;};if($inspect){foreach($e in $entries.Entries){$fn = $e.Fullname;if($rgx_class.Match($fn).Groups[1].Value){$jdlc = 'Found'};if($rgx_class.Match($fn).Groups[2].Value){$jmsa = 'Found'};if($rgx_class.Match($fn).Groups[3].Value){$jdbc = 'Found'};if($rgx_log4j.IsMatch($fn)){$l4jd = $fn;$l4jd_zip = [IO.Compression.ZipArchive]::new($e.Open());foreach ($l4jdE in $l4jd_zip.Entries){$le = $l4jdE.FullName;if($rgx_class.Match($le).Groups[1].Value){$jdlc = 'Found'};if($rgx_class.Match($le).Groups[2].Value){$jmsa = 'Found'};if($rgx_class.Match($le).Groups[3].Value){$jdbc = 'Found'};};$l4jd_zip.Dispose();$e.Archive.Dispose();[GC]::Collect();};if(!$jdlc){$jdlc = 'Not Found';};if(!$jmsa){$jmsa = 'Not Found';};if(!$jdbc){$jdbc = 'Not Found';};};if(!$jdlc){$jdlc = 'Unknown';};if(!$jmsa){$jmsa = 'Unknown';};if(!$jdbc){$jdbc = 'Unknown';};};if($l4jf){-join('f|',$l4jf,'|',$jdlc,'|',$jmsa,'|',$jdbc,\""`r\"")| Write-Host};if($l4jd){-join('d|',$jar,'|',$l4jd,'|',$jdlc,'|',$jmsa,'|',$jdbc,\""`r\"")| Write-Host};if($l4je){-join($l4je,'|',$jdlc,'|',$jmsa,'|',$jdbc,\""`r\"")| Write-Host};[GC]::Collect();[System.Threading.Thread]::Sleep(250);};-join('# jars processed marker: ',$jars_count, ' of ',$num_jars_found);-join('num_jars_found:',$num_jars_found);};$r = wjb $j -Timeout 2880; rcjb $j;}""",C:\Windows\System32\WindowsPowershell\v1.0\powershell,powershell.exe,0x3994,powershell.exe,C:\Windows\System32\WindowsPowerShell\v1.0\powershell.exe,Windows,<_='://../////'><><_='---'_='{----}'/><></><></><>,,,,,,,,0x3e7,,,A new process has been created,4688,XmlWinEventLog:Security,XmlWinEventLog,bbbbbsplunkes03,,,MMM,,ppppPWBADDC03$,,success,A new process has been created,failure,,,"execute
os
process
report
security
start
track_event_signatures
windows",,,,"execute
os
process
report
security
start
track_event_signatures
windows",,,ppppPWBADDC03$,-,,,,,Microsoft,,Microsoft Windows
,,,,,MMM,,,ppppPWBADDC03$,,,Security,,,,,,"C:\Windows\System32\cmd.exe /c C:\Windows\System32\WindowsPowershell\v1.0\powershell -NoProfile -Command ""&amp; {$j = sajb {$ErrorActionPreference = 'SilentlyContinue';$ErrorActionPreference = 'SilentlyContinue';$jars = $(Get-ChildItem -Path 'C:\*', 'F:\*' -Recurse -Include '*.jar','*.war','*.ear'| Where-Object Attributes -NotLike ""*ReparsePoint*""| Where-Object { -not $_.PSIsContainer }| % {$_.FullName});try{Add-Type -AssemblyName System.IO.Compression.FileSystem;}catch{'no_archive_inspection'};$num_jars_found = 0;$num_jars_insp = 0;$jars_mod = 0;$rxp_log4j = '(?:\\|\/)(log4j-?(?:core-?)?(\d[.\d]+)?(?:-?((?:rc|alpha|beta)-?\d*))?\.jar)';$rgx_log4j = [Regex]::new($rxp_log4j);$rxp_class = '(.*JndiLookup.class)?(.*JMSAppender.class)?(.*JdbcAppender.class)?';$rgx_class = [Regex]::new($rxp_class,[System.Text.RegularExpressions.RegexOptions]::IgnoreCase);foreach($jar in $jars){$num_jars_found++;};-join('num_jars_found:',$num_jars_found);foreach($jar in $jars){$jars_count++;$jars_mod = $jars_count % 100;if($jars_mod -eq 0){-join('# jars processed marker: ',$jars_count, ' of ',$num_jars_found);};$l4jf = $l4jd = $l4je = $jdlc = $jmsa = $jdbc = $null;$inspect = $true;if($rgx_log4j.IsMatch($jar)){$l4jf=$jar};$jar_open_read = [IO.Compression.ZipFile]::OpenRead($jar);$entries = try{$jar_open_read;}catch{$inspect=$false;};if($inspect){foreach($e in $entries.Entries){$fn = $e.Fullname;if($rgx_class.Match($fn).Groups[1].Value){$jdlc = 'Found'};if($rgx_class.Match($fn).Groups[2].Value){$jmsa = 'Found'};if($rgx_class.Match($fn).Groups[3].Value){$jdbc = 'Found'};if($rgx_log4j.IsMatch($fn)){$l4jd = $fn;$l4jd_zip = [IO.Compression.ZipArchive]::new($e.Open());foreach ($l4jdE in $l4jd_zip.Entries){$le = $l4jdE.FullName;if($rgx_class.Match($le).Groups[1].Value){$jdlc = 'Found'};if($rgx_class.Match($le).Groups[2].Value){$jmsa = 'Found'};if($rgx_class.Match($le).Groups[3].Value){$jdbc = 'Found'};};$l4jd_zip.Dispose();$e.Archive.Dispose();[GC]::Collect();};if(!$jdlc){$jdlc = 'Not Found';};if(!$jmsa){$jmsa = 'Not Found';};if(!$jdbc){$jdbc = 'Not Found';};};if(!$jdlc){$jdlc = 'Unknown';};if(!$jmsa){$jmsa = 'Unknown';};if(!$jdbc){$jdbc = 'Unknown';};};if($l4jf){-join('f|',$l4jf,'|',$jdlc,'|',$jmsa,'|',$jdbc,\""`r\"")| Write-Host};if($l4jd){-join('d|',$jar,'|',$l4jd,'|',$jdlc,'|',$jmsa,'|',$jdbc,\""`r\"")| Write-Host};if($l4je){-join($l4je,'|',$jdlc,'|',$jmsa,'|',$jdbc,\""`r\"")| Write-Host};[GC]::Collect();[System.Threading.Thread]::Sleep(250);};-join('# jars processed marker: ',$jars_count, ' of ',$num_jars_found);-join('num_jars_found:',$num_jars_found);};$r = wjb $j -Timeout 2880; rcjb $j;}""",ppppPWBADDC03.mmm.hhh.ggg,,,,-,4688,"<Data Name='SubjectUserSid'>NT AUTHORITY\SYSTEM</Data><Data Name='SubjectUserName'>ppppPWBADDC03$</Data><Data Name='SubjectDomainName'>MMM</Data><Data Name='SubjectLogonId'>0x3e7</Data><Data Name='NewProcessId'>0x28b0</Data><Data Name='NewProcessName'>C:\Windows\System32\cmd.exe</Data><Data Name='TokenElevationType'>%%1936</Data><Data Name='ProcessId'>0x25bc</Data><Data Name='CommandLine'>C:\Windows\System32\cmd.exe /c C:\Windows\System32\WindowsPowershell\v1.0\powershell -NoProfile -Command ""&amp; {$j = sajb {$ErrorActionPreference = 'SilentlyContinue';$ErrorActionPreference = 'SilentlyContinue';$jars = $(Get-ChildItem -Path 'C:\*', 'F:\*' -Recurse -Include '*.jar','*.war','*.ear'| Where-Object Attributes -NotLike ""*ReparsePoint*""| Where-Object { -not $_.PSIsContainer }| % {$_.FullName});try{Add-Type -AssemblyName System.IO.Compression.FileSystem;}catch{'no_archive_inspection'};$num_jars_found = 0;$num_jars_insp = 0;$jars_mod = 0;$rxp_log4j = '(?:\\|\/)(log4j-?(?:core-?)?(\d[.\d]+)?(?:-?((?:rc|alpha|beta)-?\d*))?\.jar)';$rgx_log4j = [Regex]::new($rxp_log4j);$rxp_class = '(.*JndiLookup.class)?(.*JMSAppender.class)?(.*JdbcAppender.class)?';$rgx_class = [Regex]::new($rxp_class,[System.Text.RegularExpressions.RegexOptions]::IgnoreCase);foreach($jar in $jars){$num_jars_found++;};-join('num_jars_found:',$num_jars_found);foreach($jar in $jars){$jars_count++;$jars_mod = $jars_count % 100;if($jars_mod -eq 0){-join('# jars processed marker: ',$jars_count, ' of ',$num_jars_found);};$l4jf = $l4jd = $l4je = $jdlc = $jmsa = $jdbc = $null;$inspect = $true;if($rgx_log4j.IsMatch($jar)){$l4jf=$jar};$jar_open_read = [IO.Compression.ZipFile]::OpenRead($jar);$entries = try{$jar_open_read;}catch{$inspect=$false;};if($inspect){foreach($e in $entries.Entries){$fn = $e.Fullname;if($rgx_class.Match($fn).Groups[1].Value){$jdlc = 'Found'};if($rgx_class.Match($fn).Groups[2].Value){$jmsa = 'Found'};if($rgx_class.Match($fn).Groups[3].Value){$jdbc = 'Found'};if($rgx_log4j.IsMatch($fn)){$l4jd = $fn;$l4jd_zip = [IO.Compression.ZipArchive]::new($e.Open());foreach ($l4jdE in $l4jd_zip.Entries){$le = $l4jdE.FullName;if($rgx_class.Match($le).Groups[1].Value){$jdlc = 'Found'};if($rgx_class.Match($le).Groups[2].Value){$jmsa = 'Found'};if($rgx_class.Match($le).Groups[3].Value){$jdbc = 'Found'};};$l4jd_zip.Dispose();$e.Archive.Dispose();[GC]::Collect();};if(!$jdlc){$jdlc = 'Not Found';};if(!$jmsa){$jmsa = 'Not Found';};if(!$jdbc){$jdbc = 'Not Found';};};if(!$jdlc){$jdlc = 'Unknown';};if(!$jmsa){$jmsa = 'Unknown';};if(!$jdbc){$jdbc = 'Unknown';};};if($l4jf){-join('f|',$l4jf,'|',$jdlc,'|',$jmsa,'|',$jdbc,\""`r\"")| Write-Host};if($l4jd){-join('d|',$jar,'|',$l4jd,'|',$jdlc,'|',$jmsa,'|',$jdbc,\""`r\"")| Write-Host};if($l4je){-join($l4je,'|',$jdlc,'|',$jmsa,'|',$jdbc,\""`r\"")| Write-Host};[GC]::Collect();[System.Threading.Thread]::Sleep(250);};-join('# jars processed marker: ',$jars_count, ' of ',$num_jars_found);-join('num_jars_found:',$num_jars_found);};$r = wjb $j -Timeout 2880; rcjb $j;}""</Data><Data Name='TargetUserSid'>NULL SID</Data><Data Name='TargetUserName'>-</Data><Data Name='TargetDomainName'>-</Data><Data Name='TargetLogonId'>0x0</Data><Data Name='ParentProcessName'>C:\Program Files\Tenable\Nessus Agent\nessus-agent-module.exe</Data><Data Name='MandatoryLabel'>Mandatory Label\System Mandatory Level</Data>",4688.0,999454075,,,,,,,,,,,0x8020000000000000,0,,,,0x3e7,,Mandatory Label\System Mandatory Level,,,,,'Microsoft-Windows-Security-Auditing',0x28b0,C:\Windows\System32\cmd.exe,,,,,,0,C:\Program Files\Tenable\Nessus Agent\nessus-agent-module.exe,,,,'4',0x25bc,,"C:\Windows\System32\cmd.exe /c C:\Windows\System32\WindowsPowershell\v1.0\powershell -NoProfile -Command ""&amp; {$j = sajb {$ErrorActionPreference = 'SilentlyContinue';$ErrorActionPreference = 'SilentlyContinue';$jars = $(Get-ChildItem -Path 'C:\*', 'F:\*' -Recurse -Include '*.jar','*.war','*.ear'| Where-Object Attributes -NotLike ""*ReparsePoint*""| Where-Object { -not $_.PSIsContainer }| % {$_.FullName});try{Add-Type -AssemblyName System.IO.Compression.FileSystem;}catch{'no_archive_inspection'};$num_jars_found = 0;$num_jars_insp = 0;$jars_mod = 0;$rxp_log4j = '(?:\\|\/)(log4j-?(?:core-?)?(\d[.\d]+)?(?:-?((?:rc|alpha|beta)-?\d*))?\.jar)';$rgx_log4j = [Regex]::new($rxp_log4j);$rxp_class = '(.*JndiLookup.class)?(.*JMSAppender.class)?(.*JdbcAppender.class)?';$rgx_class = [Regex]::new($rxp_class,[System.Text.RegularExpressions.RegexOptions]::IgnoreCase);foreach($jar in $jars){$num_jars_found++;};-join('num_jars_found:',$num_jars_found);foreach($jar in $jars){$jars_count++;$jars_mod = $jars_count % 100;if($jars_mod -eq 0){-join('# jars processed marker: ',$jars_count, ' of ',$num_jars_found);};$l4jf = $l4jd = $l4je = $jdlc = $jmsa = $jdbc = $null;$inspect = $true;if($rgx_log4j.IsMatch($jar)){$l4jf=$jar};$jar_open_read = [IO.Compression.ZipFile]::OpenRead($jar);$entries = try{$jar_open_read;}catch{$inspect=$false;};if($inspect){foreach($e in $entries.Entries){$fn = $e.Fullname;if($rgx_class.Match($fn).Groups[1].Value){$jdlc = 'Found'};if($rgx_class.Match($fn).Groups[2].Value){$jmsa = 'Found'};if($rgx_class.Match($fn).Groups[3].Value){$jdbc = 'Found'};if($rgx_log4j.IsMatch($fn)){$l4jd = $fn;$l4jd_zip = [IO.Compression.ZipArchive]::new($e.Open());foreach ($l4jdE in $l4jd_zip.Entries){$le = $l4jdE.FullName;if($rgx_class.Match($le).Groups[1].Value){$jdlc = 'Found'};if($rgx_class.Match($le).Groups[2].Value){$jmsa = 'Found'};if($rgx_class.Match($le).Groups[3].Value){$jdbc = 'Found'};};$l4jd_zip.Dispose();$e.Archive.Dispose();[GC]::Collect();};if(!$jdlc){$jdlc = 'Not Found';};if(!$jmsa){$jmsa = 'Not Found';};if(!$jdbc){$jdbc = 'Not Found';};};if(!$jdlc){$jdlc = 'Unknown';};if(!$jmsa){$jmsa = 'Unknown';};if(!$jdbc){$jdbc = 'Unknown';};};if($l4jf){-join('f|',$l4jf,'|',$jdlc,'|',$jmsa,'|',$jdbc,\""`r\"")| Write-Host};if($l4jd){-join('d|',$jar,'|',$l4jd,'|',$jdlc,'|',$jmsa,'|',$jdbc,\""`r\"")| Write-Host};if($l4je){-join($l4je,'|',$jdlc,'|',$jmsa,'|',$jdbc,\""`r\"")| Write-Host};[GC]::Collect();[System.Threading.Thread]::Sleep(250);};-join('# jars processed marker: ',$jars_count, ' of ',$num_jars_found);-join('num_jars_found:',$num_jars_found);};$r = wjb $j -Timeout 2880; rcjb $j;}""",,999454075,,,,,,,MMM,0x3e7,ppppPWBADDC03$,NT AUTHORITY\SYSTEM,,'2026-05-19T08:09:46.4072040Z',<Provider Name='Microsoft-Windows-Security-Auditing' Guid='{54849625-5478-4994-a5ba-3e3b0328c30d}'/><EventID>4688</EventID><Version>2</Version><Level>0</Level><Task>13312</Task><Opcode>0</Opcode><Keywords>0x8020000000000000</Keywords><TimeCreated SystemTime='2026-05-19T08:09:46.4072040Z'/><EventRecordID>999454075</EventRecordID><Correlation/><Execution ProcessID='4' ThreadID='2716'/><Channel>Security</Channel><Computer>ppppPWBADDC03.mmm.hhh.ggg</Computer><Security/>,-,0x0,,,-,NULL SID,,,-,,-,13312,'2716',%%1936,%%1936,1936.0,,,,,2,,,,,2026-05-19T04:09:46.407-0400,allowed,win:unknown,,,,,ppppPWBADDC03.mmm.hhh.ggg,,ppppPWBADDC03.mmm.hhh.ggg,ppppPWBADDC03,999454075,endpoint_services_processes windows_endpoint_processes windows_event_signature windows_process_new wineventlog_security wineventlog_windows winsec,,,ppppPWBADDC03,999454075,occs-sss-windows,1,A new process has been created,C:\Windows\System32\cmd.exe,0x28b0,cmd.exe,,,,,,,C:\Program Files\Tenable\Nessus Agent\nessus-agent-module.exe,0x25bc,nessus-agent-module.exe,C:\Program Files\Tenable\Nessus Agent\nessus-agent-module.exe,"C:\Windows\System32\cmd.exe /c C:\Windows\System32\WindowsPowershell\v1.0\powershell -NoProfile -Command ""&amp; {$j = sajb {$ErrorActionPreference = 'SilentlyContinue';$ErrorActionPreference = 'SilentlyContinue';$jars = $(Get-ChildItem -Path 'C:\*', 'F:\*' -Recurse -Include '*.jar','*.war','*.ear'| Where-Object Attributes -NotLike ""*ReparsePoint*""| Where-Object { -not $_.PSIsContainer }| % {$_.FullName});try{Add-Type -AssemblyName System.IO.Compression.FileSystem;}catch{'no_archive_inspection'};$num_jars_found = 0;$num_jars_insp = 0;$jars_mod = 0;$rxp_log4j = '(?:\\|\/)(log4j-?(?:core-?)?(\d[.\d]+)?(?:-?((?:rc|alpha|beta)-?\d*))?\.jar)';$rgx_log4j = [Regex]::new($rxp_log4j);$rxp_class = '(.*JndiLookup.class)?(.*JMSAppender.class)?(.*JdbcAppender.class)?';$rgx_class = [Regex]::new($rxp_class,[System.Text.RegularExpressions.RegexOptions]::IgnoreCase);foreach($jar in $jars){$num_jars_found++;};-join('num_jars_found:',$num_jars_found);foreach($jar in $jars){$jars_count++;$jars_mod = $jars_count % 100;if($jars_mod -eq 0){-join('# jars processed marker: ',$jars_count, ' of ',$num_jars_found);};$l4jf = $l4jd = $l4je = $jdlc = $jmsa = $jdbc = $null;$inspect = $true;if($rgx_log4j.IsMatch($jar)){$l4jf=$jar};$jar_open_read = [IO.Compression.ZipFile]::OpenRead($jar);$entries = try{$jar_open_read;}catch{$inspect=$false;};if($inspect){foreach($e in $entries.Entries){$fn = $e.Fullname;if($rgx_class.Match($fn).Groups[1].Value){$jdlc = 'Found'};if($rgx_class.Match($fn).Groups[2].Value){$jmsa = 'Found'};if($rgx_class.Match($fn).Groups[3].Value){$jdbc = 'Found'};if($rgx_log4j.IsMatch($fn)){$l4jd = $fn;$l4jd_zip = [IO.Compression.ZipArchive]::new($e.Open());foreach ($l4jdE in $l4jd_zip.Entries){$le = $l4jdE.FullName;if($rgx_class.Match($le).Groups[1].Value){$jdlc = 'Found'};if($rgx_class.Match($le).Groups[2].Value){$jmsa = 'Found'};if($rgx_class.Match($le).Groups[3].Value){$jdbc = 'Found'};};$l4jd_zip.Dispose();$e.Archive.Dispose();[GC]::Collect();};if(!$jdlc){$jdlc = 'Not Found';};if(!$jmsa){$jmsa = 'Not Found';};if(!$jdbc){$jdbc = 'Not Found';};};if(!$jdlc){$jdlc = 'Unknown';};if(!$jmsa){$jmsa = 'Unknown';};if(!$jdbc){$jdbc = 'Unknown';};};if($l4jf){-join('f|',$l4jf,'|',$jdlc,'|',$jmsa,'|',$jdbc,\""`r\"")| Write-Host};if($l4jd){-join('d|',$jar,'|',$l4jd,'|',$jdlc,'|',$jmsa,'|',$jdbc,\""`r\"")| Write-Host};if($l4je){-join($l4je,'|',$jdlc,'|',$jmsa,'|',$jdbc,\""`r\"")| Write-Host};[GC]::Collect();[System.Threading.Thread]::Sleep(250);};-join('# jars processed marker: ',$jars_count, ' of ',$num_jars_found);-join('num_jars_found:',$num_jars_found);};$r = wjb $j -Timeout 2880; rcjb $j;}""","/c C:\Windows\System32\WindowsPowershell\v1.0\powershell -NoProfile -Command ""&amp; {$j = sajb {$ErrorActionPreference = 'SilentlyContinue';$ErrorActionPreference = 'SilentlyContinue';$jars = $(Get-ChildItem -Path 'C:\*', 'F:\*' -Recurse -Include '*.jar','*.war','*.ear'| Where-Object Attributes -NotLike ""*ReparsePoint*""| Where-Object { -not $_.PSIsContainer }| % {$_.FullName});try{Add-Type -AssemblyName System.IO.Compression.FileSystem;}catch{'no_archive_inspection'};$num_jars_found = 0;$num_jars_insp = 0;$jars_mod = 0;$rxp_log4j = '(?:\\|\/)(log4j-?(?:core-?)?(\d[.\d]+)?(?:-?((?:rc|alpha|beta)-?\d*))?\.jar)';$rgx_log4j = [Regex]::new($rxp_log4j);$rxp_class = '(.*JndiLookup.class)?(.*JMSAppender.class)?(.*JdbcAppender.class)?';$rgx_class = [Regex]::new($rxp_class,[System.Text.RegularExpressions.RegexOptions]::IgnoreCase);foreach($jar in $jars){$num_jars_found++;};-join('num_jars_found:',$num_jars_found);foreach($jar in $jars){$jars_count++;$jars_mod = $jars_count % 100;if($jars_mod -eq 0){-join('# jars processed marker: ',$jars_count, ' of ',$num_jars_found);};$l4jf = $l4jd = $l4je = $jdlc = $jmsa = $jdbc = $null;$inspect = $true;if($rgx_log4j.IsMatch($jar)){$l4jf=$jar};$jar_open_read = [IO.Compression.ZipFile]::OpenRead($jar);$entries = try{$jar_open_read;}catch{$inspect=$false;};if($inspect){foreach($e in $entries.Entries){$fn = $e.Fullname;if($rgx_class.Match($fn).Groups[1].Value){$jdlc = 'Found'};if($rgx_class.Match($fn).Groups[2].Value){$jmsa = 'Found'};if($rgx_class.Match($fn).Groups[3].Value){$jdbc = 'Found'};if($rgx_log4j.IsMatch($fn)){$l4jd = $fn;$l4jd_zip = [IO.Compression.ZipArchive]::new($e.Open());foreach ($l4jdE in $l4jd_zip.Entries){$le = $l4jdE.FullName;if($rgx_class.Match($le).Groups[1].Value){$jdlc = 'Found'};if($rgx_class.Match($le).Groups[2].Value){$jmsa = 'Found'};if($rgx_class.Match($le).Groups[3].Value){$jdbc = 'Found'};};$l4jd_zip.Dispose();$e.Archive.Dispose();[GC]::Collect();};if(!$jdlc){$jdlc = 'Not Found';};if(!$jmsa){$jmsa = 'Not Found';};if(!$jdbc){$jdbc = 'Not Found';};};if(!$jdlc){$jdlc = 'Unknown';};if(!$jmsa){$jmsa = 'Unknown';};if(!$jdbc){$jdbc = 'Unknown';};};if($l4jf){-join('f|',$l4jf,'|',$jdlc,'|',$jmsa,'|',$jdbc,\""`r\"")| Write-Host};if($l4jd){-join('d|',$jar,'|',$l4jd,'|',$jdlc,'|',$jmsa,'|',$jdbc,\""`r\"")| Write-Host};if($l4je){-join($l4je,'|',$jdlc,'|',$jmsa,'|',$jdbc,\""`r\"")| Write-Host};[GC]::Collect();[System.Threading.Thread]::Sleep(250);};-join('# jars processed marker: ',$jars_count, ' of ',$num_jars_found);-join('num_jars_found:',$num_jars_found);};$r = wjb $j -Timeout 2880; rcjb $j;}""",C:\Windows\System32\cmd.exe,cmd.exe,0x28b0,cmd.exe,C:\Windows\System32\cmd.exe,Windows,<_='://../////'><><_='---'_='{----}'/><></><></><>,,,,,,,,0x3e7,,,A new process has been created,4688,XmlWinEventLog:Security,XmlWinEventLog,bbbbbsplunkes03,,,MMM,,ppppPWBADDC03$,,success,A new process has been created,failure,,,"execute
os
process
report
security
start
track_event_signatures
windows",,,,"execute
os
process
report
security
start
track_event_signatures
windows",,,ppppPWBADDC03$,-,,,,,Microsoft,,Microsoft Windows
,,,,,MMM,,,ppppPWBADDC03$,,,Security,,,,,,where  /Q repadmin,ppppPWBADDC03.mmm.hhh.ggg,,,,-,4688,<Data Name='SubjectUserSid'>NT AUTHORITY\SYSTEM</Data><Data Name='SubjectUserName'>ppppPWBADDC03$</Data><Data Name='SubjectDomainName'>MMM</Data><Data Name='SubjectLogonId'>0x3e7</Data><Data Name='NewProcessId'>0x4220</Data><Data Name='NewProcessName'>C:\Windows\System32\where.exe</Data><Data Name='TokenElevationType'>%%1936</Data><Data Name='ProcessId'>0x4070</Data><Data Name='CommandLine'>where  /Q repadmin </Data><Data Name='TargetUserSid'>NULL SID</Data><Data Name='TargetUserName'>-</Data><Data Name='TargetDomainName'>-</Data><Data Name='TargetLogonId'>0x0</Data><Data Name='ParentProcessName'>C:\Windows\System32\cmd.exe</Data><Data Name='MandatoryLabel'>Mandatory Label\System Mandatory Level</Data>,4688.0,999451763,,,,,,,,,,,0x8020000000000000,0,,,,0x3e7,,Mandatory Label\System Mandatory Level,,,,,'Microsoft-Windows-Security-Auditing',0x4220,C:\Windows\System32\where.exe,,,,,,0,C:\Windows\System32\cmd.exe,,,,'4',0x4070,,where  /Q repadmin,,999451763,,,,,,,MMM,0x3e7,ppppPWBADDC03$,NT AUTHORITY\SYSTEM,,'2026-05-19T08:06:11.9180726Z',<Provider Name='Microsoft-Windows-Security-Auditing' Guid='{54849625-5478-4994-a5ba-3e3b0328c30d}'/><EventID>4688</EventID><Version>2</Version><Level>0</Level><Task>13312</Task><Opcode>0</Opcode><Keywords>0x8020000000000000</Keywords><TimeCreated SystemTime='2026-05-19T08:06:11.9180726Z'/><EventRecordID>999451763</EventRecordID><Correlation/><Execution ProcessID='4' ThreadID='11688'/><Channel>Security</Channel><Computer>ppppPWBADDC03.mmm.hhh.ggg</Computer><Security/>,-,0x0,,,-,NULL SID,,,-,,-,13312,'11688',%%1936,%%1936,1936.0,,,,,2,,,,,2026-05-19T04:06:11.918-0400,allowed,win:unknown,,,,,ppppPWBADDC03.mmm.hhh.ggg,,ppppPWBADDC03.mmm.hhh.ggg,ppppPWBADDC03,999451763,endpoint_services_processes windows_endpoint_processes windows_event_signature windows_process_new wineventlog_security wineventlog_windows winsec,,,ppppPWBADDC03,999451763,occs-sss-windows,1,A new process has been created,C:\Windows\System32\where.exe,0x4220,where.exe,,,,,,,C:\Windows\System32\cmd.exe,0x4070,cmd.exe,C:\Windows\System32\cmd.exe,C:\Windows\System32\where.exe /Q repadmin,/Q repadmin,where,where.exe,0x4220,where.exe,C:\Windows\System32\where.exe,Windows,<_='://../////'><><_='---'_='{----}'/><></><></><>,,,,,,,,0x3e7,,,A new process has been created,4688,XmlWinEventLog:Security,XmlWinEventLog,bbbbbsplunkes03,,,MMM,,ppppPWBADDC03$,,success,A new process has been created,failure,,,"execute
os
process
report
security
start
track_event_signatures
windows",,,,"execute
os
process
report
security
start
track_event_signatures
windows",,,ppppPWBADDC03$,-,,,,,Microsoft,,Microsoft Windows
,,,,,MMM,,,ppppPWBADDC03$,,,Security,,,,,,where  /Q repadmin,ppppPWBADDC03.mmm.hhh.ggg,,,,-,4688,<Data Name='SubjectUserSid'>NT AUTHORITY\SYSTEM</Data><Data Name='SubjectUserName'>ppppPWBADDC03$</Data><Data Name='SubjectDomainName'>MMM</Data><Data Name='SubjectLogonId'>0x3e7</Data><Data Name='NewProcessId'>0x4114</Data><Data Name='NewProcessName'>C:\Windows\System32\where.exe</Data><Data Name='TokenElevationType'>%%1936</Data><Data Name='ProcessId'>0x426c</Data><Data Name='CommandLine'>where  /Q repadmin </Data><Data Name='TargetUserSid'>NULL SID</Data><Data Name='TargetUserName'>-</Data><Data Name='TargetDomainName'>-</Data><Data Name='TargetLogonId'>0x0</Data><Data Name='ParentProcessName'>C:\Windows\System32\cmd.exe</Data><Data Name='MandatoryLabel'>Mandatory Label\System Mandatory Level</Data>,4688.0,999448408,,,,,,,,,,,0x8020000000000000,0,,,,0x3e7,,Mandatory Label\System Mandatory Level,,,,,'Microsoft-Windows-Security-Auditing',0x4114,C:\Windows\System32\where.exe,,,,,,0,C:\Windows\System32\cmd.exe,,,,'4',0x426c,,where  /Q repadmin,,999448408,,,,,,,MMM,0x3e7,ppppPWBADDC03$,NT AUTHORITY\SYSTEM,,'2026-05-19T08:01:09.5684358Z',<Provider Name='Microsoft-Windows-Security-Auditing' Guid='{54849625-5478-4994-a5ba-3e3b0328c30d}'/><EventID>4688</EventID><Version>2</Version><Level>0</Level><Task>13312</Task><Opcode>0</Opcode><Keywords>0x8020000000000000</Keywords><TimeCreated SystemTime='2026-05-19T08:01:09.5684358Z'/><EventRecordID>999448408</EventRecordID><Correlation/><Execution ProcessID='4' ThreadID='16732'/><Channel>Security</Channel><Computer>ppppPWBADDC03.mmm.hhh.ggg</Computer><Security/>,-,0x0,,,-,NULL SID,,,-,,-,13312,'16732',%%1936,%%1936,1936.0,,,,,2,,,,,2026-05-19T04:01:09.568-0400,allowed,win:unknown,,,,,ppppPWBADDC03.mmm.hhh.ggg,,ppppPWBADDC03.mmm.hhh.ggg,ppppPWBADDC03,999448408,endpoint_services_processes windows_endpoint_processes windows_event_signature windows_process_new wineventlog_security wineventlog_windows winsec,,,ppppPWBADDC03,999448408,occs-sss-windows,1,A new process has been created,C:\Windows\System32\where.exe,0x4114,where.exe,,,,,,,C:\Windows\System32\cmd.exe,0x426c,cmd.exe,C:\Windows\System32\cmd.exe,C:\Windows\System32\where.exe /Q repadmin,/Q repadmin,where,where.exe,0x4114,where.exe,C:\Windows\System32\where.exe,Windows,<_='://../////'><><_='---'_='{----}'/><></><></><>,,,,,,,,0x3e7,,,A new process has been created,4688,XmlWinEventLog:Security,XmlWinEventLog,bbbbbsplunkes03,,,MMM,,ppppPWBADDC03$,,success,A new process has been created,failure,,,"execute
os
process
report
security
start
track_event_signatures
windows",,,,"execute
os
process
report
security
start
track_event_signatures
windows",,,ppppPWBADDC03$,-,,,,,Microsoft,,Microsoft Windows
,,,,,MMM,,,ppppPWBADDC03$,,,Security,,,,,,where  /Q repadmin,ppppPWBADDC03.mmm.hhh.ggg,,,,-,4688,<Data Name='SubjectUserSid'>NT AUTHORITY\SYSTEM</Data><Data Name='SubjectUserName'>ppppPWBADDC03$</Data><Data Name='SubjectDomainName'>MMM</Data><Data Name='SubjectLogonId'>0x3e7</Data><Data Name='NewProcessId'>0x42c8</Data><Data Name='NewProcessName'>C:\Windows\System32\where.exe</Data><Data Name='TokenElevationType'>%%1936</Data><Data Name='ProcessId'>0x24c8</Data><Data Name='CommandLine'>where  /Q repadmin </Data><Data Name='TargetUserSid'>NULL SID</Data><Data Name='TargetUserName'>-</Data><Data Name='TargetDomainName'>-</Data><Data Name='TargetLogonId'>0x0</Data><Data Name='ParentProcessName'>C:\Windows\System32\cmd.exe</Data><Data Name='MandatoryLabel'>Mandatory Label\System Mandatory Level</Data>,4688.0,999445412,,,,,,,,,,,0x8020000000000000,0,,,,0x3e7,,Mandatory Label\System Mandatory Level,,,,,'Microsoft-Windows-Security-Auditing',0x42c8,C:\Windows\System32\where.exe,,,,,,0,C:\Windows\System32\cmd.exe,,,,'4',0x24c8,,where  /Q repadmin,,999445412,,,,,,,MMM,0x3e7,ppppPWBADDC03$,NT AUTHORITY\SYSTEM,,'2026-05-19T07:56:07.2051830Z',<Provider Name='Microsoft-Windows-Security-Auditing' Guid='{54849625-5478-4994-a5ba-3e3b0328c30d}'/><EventID>4688</EventID><Version>2</Version><Level>0</Level><Task>13312</Task><Opcode>0</Opcode><Keywords>0x8020000000000000</Keywords><TimeCreated SystemTime='2026-05-19T07:56:07.2051830Z'/><EventRecordID>999445412</EventRecordID><Correlation/><Execution ProcessID='4' ThreadID='11688'/><Channel>Security</Channel><Computer>ppppPWBADDC03.mmm.hhh.ggg</Computer><Security/>,-,0x0,,,-,NULL SID,,,-,,-,13312,'11688',%%1936,%%1936,1936.0,,,,,2,,,,,2026-05-19T03:56:07.205-0400,allowed,win:unknown,,,,,ppppPWBADDC03.mmm.hhh.ggg,,ppppPWBADDC03.mmm.hhh.ggg,ppppPWBADDC03,999445412,endpoint_services_processes windows_endpoint_processes windows_event_signature windows_process_new wineventlog_security wineventlog_windows winsec,,,ppppPWBADDC03,999445412,occs-sss-windows,1,A new process has been created,C:\Windows\System32\where.exe,0x42c8,where.exe,,,,,,,C:\Windows\System32\cmd.exe,0x24c8,cmd.exe,C:\Windows\System32\cmd.exe,C:\Windows\System32\where.exe /Q repadmin,/Q repadmin,where,where.exe,0x42c8,where.exe,C:\Windows\System32\where.exe,Windows,<_='://../////'><><_='---'_='{----}'/><></><></><>,,,,,,,,0x3e7,,,A new process has been created,4688,XmlWinEventLog:Security,XmlWinEventLog,bbbbbsplunkes02,,,MMM,,ppppPWBADDC03$,,success,A new process has been created,failure,,,"execute
os
process
report
security
start
track_event_signatures
windows",,,,"execute
os
process
report
security
start
track_event_signatures
windows",,,ppppPWBADDC03$,-,,,,,Microsoft,,Microsoft Windows
,,,,,MMM,,,ppppPWBADDC03$,,,Security,,,,,,where  /Q repadmin,ppppPWBADDC03.mmm.hhh.ggg,,,,-,4688,<Data Name='SubjectUserSid'>NT AUTHORITY\SYSTEM</Data><Data Name='SubjectUserName'>ppppPWBADDC03$</Data><Data Name='SubjectDomainName'>MMM</Data><Data Name='SubjectLogonId'>0x3e7</Data><Data Name='NewProcessId'>0x3590</Data><Data Name='NewProcessName'>C:\Windows\System32\where.exe</Data><Data Name='TokenElevationType'>%%1936</Data><Data Name='ProcessId'>0x2348</Data><Data Name='CommandLine'>where  /Q repadmin </Data><Data Name='TargetUserSid'>NULL SID</Data><Data Name='TargetUserName'>-</Data><Data Name='TargetDomainName'>-</Data><Data Name='TargetLogonId'>0x0</Data><Data Name='ParentProcessName'>C:\Windows\System32\cmd.exe</Data><Data Name='MandatoryLabel'>Mandatory Label\System Mandatory Level</Data>,4688.0,999442041,,,,,,,,,,,0x8020000000000000,0,,,,0x3e7,,Mandatory Label\System Mandatory Level,,,,,'Microsoft-Windows-Security-Auditing',0x3590,C:\Windows\System32\where.exe,,,,,,0,C:\Windows\System32\cmd.exe,,,,'4',0x2348,,where  /Q repadmin,,999442041,,,,,,,MMM,0x3e7,ppppPWBADDC03$,NT AUTHORITY\SYSTEM,,'2026-05-19T07:51:04.8692151Z',<Provider Name='Microsoft-Windows-Security-Auditing' Guid='{54849625-5478-4994-a5ba-3e3b0328c30d}'/><EventID>4688</EventID><Version>2</Version><Level>0</Level><Task>13312</Task><Opcode>0</Opcode><Keywords>0x8020000000000000</Keywords><TimeCreated SystemTime='2026-05-19T07:51:04.8692151Z'/><EventRecordID>999442041</EventRecordID><Correlation/><Execution ProcessID='4' ThreadID='1080'/><Channel>Security</Channel><Computer>ppppPWBADDC03.mmm.hhh.ggg</Computer><Security/>,-,0x0,,,-,NULL SID,,,-,,-,13312,'1080',%%1936,%%1936,1936.0,,,,,2,,,,,2026-05-19T03:51:04.869-0400,allowed,win:unknown,,,,,ppppPWBADDC03.mmm.hhh.ggg,,ppppPWBADDC03.mmm.hhh.ggg,ppppPWBADDC03,999442041,endpoint_services_processes windows_endpoint_processes windows_event_signature windows_process_new wineventlog_security wineventlog_windows winsec,,,ppppPWBADDC03,999442041,occs-sss-windows,1,A new process has been created,C:\Windows\System32\where.exe,0x3590,where.exe,,,,,,,C:\Windows\System32\cmd.exe,0x2348,cmd.exe,C:\Windows\System32\cmd.exe,C:\Windows\System32\where.exe /Q repadmin,/Q repadmin,where,where.exe,0x3590,where.exe,C:\Windows\System32\where.exe,Windows,<_='://../////'><><_='---'_='{----}'/><></><></><>,,,,,,,,0x3e7,,,A new process has been created,4688,XmlWinEventLog:Security,XmlWinEventLog,bbbbbsplunkes02,,,MMM,,ppppPWBADDC03$,,success,A new process has been created,failure,,,"execute
os
process
report
security
start
track_event_signatures
windows",,,,"execute
os
process
report
security
start
track_event_signatures
windows",,,ppppPWBADDC03$,-,,,,,Microsoft,,Microsoft Windows
,,,,,MMM,,,ppppPWBADDC03$,,,Security,,,,,,where  /Q repadmin,ppppPWBADDC03.mmm.hhh.ggg,,,,-,4688,<Data Name='SubjectUserSid'>NT AUTHORITY\SYSTEM</Data><Data Name='SubjectUserName'>ppppPWBADDC03$</Data><Data Name='SubjectDomainName'>MMM</Data><Data Name='SubjectLogonId'>0x3e7</Data><Data Name='NewProcessId'>0x2388</Data><Data Name='NewProcessName'>C:\Windows\System32\where.exe</Data><Data Name='TokenElevationType'>%%1936</Data><Data Name='ProcessId'>0xfbc</Data><Data Name='CommandLine'>where  /Q repadmin </Data><Data Name='TargetUserSid'>NULL SID</Data><Data Name='TargetUserName'>-</Data><Data Name='TargetDomainName'>-</Data><Data Name='TargetLogonId'>0x0</Data><Data Name='ParentProcessName'>C:\Windows\System32\cmd.exe</Data><Data Name='MandatoryLabel'>Mandatory Label\System Mandatory Level</Data>,4688.0,999438720,,,,,,,,,,,0x8020000000000000,0,,,,0x3e7,,Mandatory Label\System Mandatory Level,,,,,'Microsoft-Windows-Security-Auditing',0x2388,C:\Windows\System32\where.exe,,,,,,0,C:\Windows\System32\cmd.exe,,,,'4',0xfbc,,where  /Q repadmin,,999438720,,,,,,,MMM,0x3e7,ppppPWBADDC03$,NT AUTHORITY\SYSTEM,,'2026-05-19T07:46:01.6979499Z',<Provider Name='Microsoft-Windows-Security-Auditing' Guid='{54849625-5478-4994-a5ba-3e3b0328c30d}'/><EventID>4688</EventID><Version>2</Version><Level>0</Level><Task>13312</Task><Opcode>0</Opcode><Keywords>0x8020000000000000</Keywords><TimeCreated SystemTime='2026-05-19T07:46:01.6979499Z'/><EventRecordID>999438720</EventRecordID><Correlation/><Execution ProcessID='4' ThreadID='12700'/><Channel>Security</Channel><Computer>ppppPWBADDC03.mmm.hhh.ggg</Computer><Security/>,-,0x0,,,-,NULL SID,,,-,,-,13312,'12700',%%1936,%%1936,1936.0,,,,,2,,,,,2026-05-19T03:46:01.697-0400,allowed,win:unknown,,,,,ppppPWBADDC03.mmm.hhh.ggg,,ppppPWBADDC03.mmm.hhh.ggg,ppppPWBADDC03,999438720,endpoint_services_processes windows_endpoint_processes windows_event_signature windows_process_new wineventlog_security wineventlog_windows winsec,,,ppppPWBADDC03,999438720,occs-sss-windows,1,A new process has been created,C:\Windows\System32\where.exe,0x2388,where.exe,,,,,,,C:\Windows\System32\cmd.exe,0xfbc,cmd.exe,C:\Windows\System32\cmd.exe,C:\Windows\System32\where.exe /Q repadmin,/Q repadmin,where,where.exe,0x2388,where.exe,C:\Windows\System32\where.exe,Windows,<_='://../////'><><_='---'_='{----}'/><></><></><>,,,,,,,,0x3e7,,,A new process has been created,4688,XmlWinEventLog:Security,XmlWinEventLog,bbbbbsplunkes01,,,MMM,,ppppPWBADDC03$,,success,A new process has been created,failure,,,"execute
os
process
report
security
start
track_event_signatures
windows",,,,"execute
os
process
report
security
start
track_event_signatures
windows",,,ppppPWBADDC03$,-,,,,,Microsoft,,Microsoft Windows
,,,,,MMM,,,ppppPWBADDC03$,,,Security,,,,,,where  /Q repadmin,ppppPWBADDC03.mmm.hhh.ggg,,,,-,4688,<Data Name='SubjectUserSid'>NT AUTHORITY\SYSTEM</Data><Data Name='SubjectUserName'>ppppPWBADDC03$</Data><Data Name='SubjectDomainName'>MMM</Data><Data Name='SubjectLogonId'>0x3e7</Data><Data Name='NewProcessId'>0x2c84</Data><Data Name='NewProcessName'>C:\Windows\System32\where.exe</Data><Data Name='TokenElevationType'>%%1936</Data><Data Name='ProcessId'>0x1224</Data><Data Name='CommandLine'>where  /Q repadmin </Data><Data Name='TargetUserSid'>NULL SID</Data><Data Name='TargetUserName'>-</Data><Data Name='TargetDomainName'>-</Data><Data Name='TargetLogonId'>0x0</Data><Data Name='ParentProcessName'>C:\Windows\System32\cmd.exe</Data><Data Name='MandatoryLabel'>Mandatory Label\System Mandatory Level</Data>,4688.0,999434871,,,,,,,,,,,0x8020000000000000,0,,,,0x3e7,,Mandatory Label\System Mandatory Level,,,,,'Microsoft-Windows-Security-Auditing',0x2c84,C:\Windows\System32\where.exe,,,,,,0,C:\Windows\System32\cmd.exe,,,,'4',0x1224,,where  /Q repadmin,,999434871,,,,,,,MMM,0x3e7,ppppPWBADDC03$,NT AUTHORITY\SYSTEM,,'2026-05-19T07:40:59.3313463Z',<Provider Name='Microsoft-Windows-Security-Auditing' Guid='{54849625-5478-4994-a5ba-3e3b0328c30d}'/><EventID>4688</EventID><Version>2</Version><Level>0</Level><Task>13312</Task><Opcode>0</Opcode><Keywords>0x8020000000000000</Keywords><TimeCreated SystemTime='2026-05-19T07:40:59.3313463Z'/><EventRecordID>999434871</EventRecordID><Correlation/><Execution ProcessID='4' ThreadID='17180'/><Channel>Security</Channel><Computer>ppppPWBADDC03.mmm.hhh.ggg</Computer><Security/>,-,0x0,,,-,NULL SID,,,-,,-,13312,'17180',%%1936,%%1936,1936.0,,,,,2,,,,,2026-05-19T03:40:59.331-0400,allowed,win:unknown,,,,,ppppPWBADDC03.mmm.hhh.ggg,,ppppPWBADDC03.mmm.hhh.ggg,ppppPWBADDC03,999434871,endpoint_services_processes windows_endpoint_processes windows_event_signature windows_process_new wineventlog_security wineventlog_windows winsec,,,ppppPWBADDC03,999434871,occs-sss-windows,1,A new process has been created,C:\Windows\System32\where.exe,0x2c84,where.exe,,,,,,,C:\Windows\System32\cmd.exe,0x1224,cmd.exe,C:\Windows\System32\cmd.exe,C:\Windows\System32\where.exe /Q repadmin,/Q repadmin,where,where.exe,0x2c84,where.exe,C:\Windows\System32\where.exe,Windows,<_='://../////'><><_='---'_='{----}'/><></><></><>,,,,,,,,0x3e7,,,A new process has been created,4688,XmlWinEventLog:Security,XmlWinEventLog,bbbbbsplunkes02,,,MMM,,ppppPWBADDC03$,,success,A new process has been created,failure,,,"execute
os
process
report
security
start
track_event_signatures
windows",,,,"execute
os
process
report
security
start
track_event_signatures
windows",,,ppppPWBADDC03$,-,,,,,Microsoft,,Microsoft Windows
,,,,,MMM,,,ppppPWBADDC03$,,,Security,,,,,,"C:\Windows\System32\WindowsPowershell\v1.0\powershell  -NoProfile -Command ""&amp; {$j = sajb {$ErrorActionPreference = 'SilentlyContinue';$ErrorActionPreference = 'SilentlyContinue';$jars = $(Get-ChildItem -Path 'C:\*', 'F:\*' -Recurse -Include '*.jar','*.war','*.ear'| Where-Object Attributes -NotLike ""*ReparsePoint*""| Where-Object { -not $_.PSIsContainer }| % {$_.FullName});try{Add-Type -AssemblyName System.IO.Compression.FileSystem;}catch{'no_archive_inspection'};$num_jars_found = 0;$num_jars_insp = 0;$jars_mod = 0;$rxp_log4j = '(?:\\|\/)(log4j-?(?:core-?)?(\d[.\d]+)?(?:-?((?:rc|alpha|beta)-?\d*))?\.jar)';$rgx_log4j = [Regex]::new($rxp_log4j);$rxp_class = '(.*JndiLookup.class)?(.*JMSAppender.class)?(.*JdbcAppender.class)?';$rgx_class = [Regex]::new($rxp_class,[System.Text.RegularExpressions.RegexOptions]::IgnoreCase);foreach($jar in $jars){$num_jars_found++;};-join('num_jars_found:',$num_jars_found);foreach($jar in $jars){$jars_count++;$jars_mod = $jars_count % 100;if($jars_mod -eq 0){-join('# jars processed marker: ',$jars_count, ' of ',$num_jars_found);};$l4jf = $l4jd = $l4je = $jdlc = $jmsa = $jdbc = $null;$inspect = $true;if($rgx_log4j.IsMatch($jar)){$l4jf=$jar};$jar_open_read = [IO.Compression.ZipFile]::OpenRead($jar);$entries = try{$jar_open_read;}catch{$inspect=$false;};if($inspect){foreach($e in $entries.Entries){$fn = $e.Fullname;if($rgx_class.Match($fn).Groups[1].Value){$jdlc = 'Found'};if($rgx_class.Match($fn).Groups[2].Value){$jmsa = 'Found'};if($rgx_class.Match($fn).Groups[3].Value){$jdbc = 'Found'};if($rgx_log4j.IsMatch($fn)){$l4jd = $fn;$l4jd_zip = [IO.Compression.ZipArchive]::new($e.Open());foreach ($l4jdE in $l4jd_zip.Entries){$le = $l4jdE.FullName;if($rgx_class.Match($le).Groups[1].Value){$jdlc = 'Found'};if($rgx_class.Match($le).Groups[2].Value){$jmsa = 'Found'};if($rgx_class.Match($le).Groups[3].Value){$jdbc = 'Found'};};$l4jd_zip.Dispose();$e.Archive.Dispose();[GC]::Collect();};if(!$jdlc){$jdlc = 'Not Found';};if(!$jmsa){$jmsa = 'Not Found';};if(!$jdbc){$jdbc = 'Not Found';};};if(!$jdlc){$jdlc = 'Unknown';};if(!$jmsa){$jmsa = 'Unknown';};if(!$jdbc){$jdbc = 'Unknown';};};if($l4jf){-join('f|',$l4jf,'|',$jdlc,'|',$jmsa,'|',$jdbc,\""`r\"")| Write-Host};if($l4jd){-join('d|',$jar,'|',$l4jd,'|',$jdlc,'|',$jmsa,'|',$jdbc,\""`r\"")| Write-Host};if($l4je){-join($l4je,'|',$jdlc,'|',$jmsa,'|',$jdbc,\""`r\"")| Write-Host};[GC]::Collect();[System.Threading.Thread]::Sleep(250);};-join('# jars processed marker: ',$jars_count, ' of ',$num_jars_found);-join('num_jars_found:',$num_jars_found);};$r = wjb $j -Timeout 2880; rcjb $j;}""",ppppPWBADDC03.mmm.hhh.ggg,,,,-,4688,"<Data Name='SubjectUserSid'>NT AUTHORITY\SYSTEM</Data><Data Name='SubjectUserName'>ppppPWBADDC03$</Data><Data Name='SubjectDomainName'>MMM</Data><Data Name='SubjectLogonId'>0x3e7</Data><Data Name='NewProcessId'>0x31e4</Data><Data Name='NewProcessName'>C:\Windows\System32\WindowsPowerShell\v1.0\powershell.exe</Data><Data Name='TokenElevationType'>%%1936</Data><Data Name='ProcessId'>0x4278</Data><Data Name='CommandLine'>C:\Windows\System32\WindowsPowershell\v1.0\powershell  -NoProfile -Command ""&amp; {$j = sajb {$ErrorActionPreference = 'SilentlyContinue';$ErrorActionPreference = 'SilentlyContinue';$jars = $(Get-ChildItem -Path 'C:\*', 'F:\*' -Recurse -Include '*.jar','*.war','*.ear'| Where-Object Attributes -NotLike ""*ReparsePoint*""| Where-Object { -not $_.PSIsContainer }| % {$_.FullName});try{Add-Type -AssemblyName System.IO.Compression.FileSystem;}catch{'no_archive_inspection'};$num_jars_found = 0;$num_jars_insp = 0;$jars_mod = 0;$rxp_log4j = '(?:\\|\/)(log4j-?(?:core-?)?(\d[.\d]+)?(?:-?((?:rc|alpha|beta)-?\d*))?\.jar)';$rgx_log4j = [Regex]::new($rxp_log4j);$rxp_class = '(.*JndiLookup.class)?(.*JMSAppender.class)?(.*JdbcAppender.class)?';$rgx_class = [Regex]::new($rxp_class,[System.Text.RegularExpressions.RegexOptions]::IgnoreCase);foreach($jar in $jars){$num_jars_found++;};-join('num_jars_found:',$num_jars_found);foreach($jar in $jars){$jars_count++;$jars_mod = $jars_count % 100;if($jars_mod -eq 0){-join('# jars processed marker: ',$jars_count, ' of ',$num_jars_found);};$l4jf = $l4jd = $l4je = $jdlc = $jmsa = $jdbc = $null;$inspect = $true;if($rgx_log4j.IsMatch($jar)){$l4jf=$jar};$jar_open_read = [IO.Compression.ZipFile]::OpenRead($jar);$entries = try{$jar_open_read;}catch{$inspect=$false;};if($inspect){foreach($e in $entries.Entries){$fn = $e.Fullname;if($rgx_class.Match($fn).Groups[1].Value){$jdlc = 'Found'};if($rgx_class.Match($fn).Groups[2].Value){$jmsa = 'Found'};if($rgx_class.Match($fn).Groups[3].Value){$jdbc = 'Found'};if($rgx_log4j.IsMatch($fn)){$l4jd = $fn;$l4jd_zip = [IO.Compression.ZipArchive]::new($e.Open());foreach ($l4jdE in $l4jd_zip.Entries){$le = $l4jdE.FullName;if($rgx_class.Match($le).Groups[1].Value){$jdlc = 'Found'};if($rgx_class.Match($le).Groups[2].Value){$jmsa = 'Found'};if($rgx_class.Match($le).Groups[3].Value){$jdbc = 'Found'};};$l4jd_zip.Dispose();$e.Archive.Dispose();[GC]::Collect();};if(!$jdlc){$jdlc = 'Not Found';};if(!$jmsa){$jmsa = 'Not Found';};if(!$jdbc){$jdbc = 'Not Found';};};if(!$jdlc){$jdlc = 'Unknown';};if(!$jmsa){$jmsa = 'Unknown';};if(!$jdbc){$jdbc = 'Unknown';};};if($l4jf){-join('f|',$l4jf,'|',$jdlc,'|',$jmsa,'|',$jdbc,\""`r\"")| Write-Host};if($l4jd){-join('d|',$jar,'|',$l4jd,'|',$jdlc,'|',$jmsa,'|',$jdbc,\""`r\"")| Write-Host};if($l4je){-join($l4je,'|',$jdlc,'|',$jmsa,'|',$jdbc,\""`r\"")| Write-Host};[GC]::Collect();[System.Threading.Thread]::Sleep(250);};-join('# jars processed marker: ',$jars_count, ' of ',$num_jars_found);-join('num_jars_found:',$num_jars_found);};$r = wjb $j -Timeout 2880; rcjb $j;}""</Data><Data Name='TargetUserSid'>NULL SID</Data><Data Name='TargetUserName'>-</Data><Data Name='TargetDomainName'>-</Data><Data Name='TargetLogonId'>0x0</Data><Data Name='ParentProcessName'>C:\Windows\System32\cmd.exe</Data><Data Name='MandatoryLabel'>Mandatory Label\System Mandatory Level</Data>",4688.0,999432986,,,,,,,,,,,0x8020000000000000,0,,,,0x3e7,,Mandatory Label\System Mandatory Level,,,,,'Microsoft-Windows-Security-Auditing',0x31e4,C:\Windows\System32\WindowsPowerShell\v1.0\powershell.exe,,,,,,0,C:\Windows\System32\cmd.exe,,,,'4',0x4278,,"C:\Windows\System32\WindowsPowershell\v1.0\powershell  -NoProfile -Command ""&amp; {$j = sajb {$ErrorActionPreference = 'SilentlyContinue';$ErrorActionPreference = 'SilentlyContinue';$jars = $(Get-ChildItem -Path 'C:\*', 'F:\*' -Recurse -Include '*.jar','*.war','*.ear'| Where-Object Attributes -NotLike ""*ReparsePoint*""| Where-Object { -not $_.PSIsContainer }| % {$_.FullName});try{Add-Type -AssemblyName System.IO.Compression.FileSystem;}catch{'no_archive_inspection'};$num_jars_found = 0;$num_jars_insp = 0;$jars_mod = 0;$rxp_log4j = '(?:\\|\/)(log4j-?(?:core-?)?(\d[.\d]+)?(?:-?((?:rc|alpha|beta)-?\d*))?\.jar)';$rgx_log4j = [Regex]::new($rxp_log4j);$rxp_class = '(.*JndiLookup.class)?(.*JMSAppender.class)?(.*JdbcAppender.class)?';$rgx_class = [Regex]::new($rxp_class,[System.Text.RegularExpressions.RegexOptions]::IgnoreCase);foreach($jar in $jars){$num_jars_found++;};-join('num_jars_found:',$num_jars_found);foreach($jar in $jars){$jars_count++;$jars_mod = $jars_count % 100;if($jars_mod -eq 0){-join('# jars processed marker: ',$jars_count, ' of ',$num_jars_found);};$l4jf = $l4jd = $l4je = $jdlc = $jmsa = $jdbc = $null;$inspect = $true;if($rgx_log4j.IsMatch($jar)){$l4jf=$jar};$jar_open_read = [IO.Compression.ZipFile]::OpenRead($jar);$entries = try{$jar_open_read;}catch{$inspect=$false;};if($inspect){foreach($e in $entries.Entries){$fn = $e.Fullname;if($rgx_class.Match($fn).Groups[1].Value){$jdlc = 'Found'};if($rgx_class.Match($fn).Groups[2].Value){$jmsa = 'Found'};if($rgx_class.Match($fn).Groups[3].Value){$jdbc = 'Found'};if($rgx_log4j.IsMatch($fn)){$l4jd = $fn;$l4jd_zip = [IO.Compression.ZipArchive]::new($e.Open());foreach ($l4jdE in $l4jd_zip.Entries){$le = $l4jdE.FullName;if($rgx_class.Match($le).Groups[1].Value){$jdlc = 'Found'};if($rgx_class.Match($le).Groups[2].Value){$jmsa = 'Found'};if($rgx_class.Match($le).Groups[3].Value){$jdbc = 'Found'};};$l4jd_zip.Dispose();$e.Archive.Dispose();[GC]::Collect();};if(!$jdlc){$jdlc = 'Not Found';};if(!$jmsa){$jmsa = 'Not Found';};if(!$jdbc){$jdbc = 'Not Found';};};if(!$jdlc){$jdlc = 'Unknown';};if(!$jmsa){$jmsa = 'Unknown';};if(!$jdbc){$jdbc = 'Unknown';};};if($l4jf){-join('f|',$l4jf,'|',$jdlc,'|',$jmsa,'|',$jdbc,\""`r\"")| Write-Host};if($l4jd){-join('d|',$jar,'|',$l4jd,'|',$jdlc,'|',$jmsa,'|',$jdbc,\""`r\"")| Write-Host};if($l4je){-join($l4je,'|',$jdlc,'|',$jmsa,'|',$jdbc,\""`r\"")| Write-Host};[GC]::Collect();[System.Threading.Thread]::Sleep(250);};-join('# jars processed marker: ',$jars_count, ' of ',$num_jars_found);-join('num_jars_found:',$num_jars_found);};$r = wjb $j -Timeout 2880; rcjb $j;}""",,999432986,,,,,,,MMM,0x3e7,ppppPWBADDC03$,NT AUTHORITY\SYSTEM,,'2026-05-19T07:38:10.4615252Z',<Provider Name='Microsoft-Windows-Security-Auditing' Guid='{54849625-5478-4994-a5ba-3e3b0328c30d}'/><EventID>4688</EventID><Version>2</Version><Level>0</Level><Task>13312</Task><Opcode>0</Opcode><Keywords>0x8020000000000000</Keywords><TimeCreated SystemTime='2026-05-19T07:38:10.4615252Z'/><EventRecordID>999432986</EventRecordID><Correlation/><Execution ProcessID='4' ThreadID='5720'/><Channel>Security</Channel><Computer>ppppPWBADDC03.mmm.hhh.ggg</Computer><Security/>,-,0x0,,,-,NULL SID,,,-,,-,13312,'5720',%%1936,%%1936,1936.0,,,,,2,,,,,2026-05-19T03:38:10.461-0400,allowed,win:unknown,,,,,ppppPWBADDC03.mmm.hhh.ggg,,ppppPWBADDC03.mmm.hhh.ggg,ppppPWBADDC03,999432986,endpoint_services_processes windows_endpoint_processes windows_event_signature windows_process_new wineventlog_security wineventlog_windows winsec,,,ppppPWBADDC03,999432986,occs-sss-windows,1,A new process has been created,C:\Windows\System32\WindowsPowerShell\v1.0\powershell.exe,0x31e4,powershell.exe,,,,,,,C:\Windows\System32\cmd.exe,0x4278,cmd.exe,C:\Windows\System32\cmd.exe,"C:\Windows\System32\WindowsPowershell\v1.0\powershell  -NoProfile -Command ""&amp; {$j = sajb {$ErrorActionPreference = 'SilentlyContinue';$ErrorActionPreference = 'SilentlyContinue';$jars = $(Get-ChildItem -Path 'C:\*', 'F:\*' -Recurse -Include '*.jar','*.war','*.ear'| Where-Object Attributes -NotLike ""*ReparsePoint*""| Where-Object { -not $_.PSIsContainer }| % {$_.FullName});try{Add-Type -AssemblyName System.IO.Compression.FileSystem;}catch{'no_archive_inspection'};$num_jars_found = 0;$num_jars_insp = 0;$jars_mod = 0;$rxp_log4j = '(?:\\|\/)(log4j-?(?:core-?)?(\d[.\d]+)?(?:-?((?:rc|alpha|beta)-?\d*))?\.jar)';$rgx_log4j = [Regex]::new($rxp_log4j);$rxp_class = '(.*JndiLookup.class)?(.*JMSAppender.class)?(.*JdbcAppender.class)?';$rgx_class = [Regex]::new($rxp_class,[System.Text.RegularExpressions.RegexOptions]::IgnoreCase);foreach($jar in $jars){$num_jars_found++;};-join('num_jars_found:',$num_jars_found);foreach($jar in $jars){$jars_count++;$jars_mod = $jars_count % 100;if($jars_mod -eq 0){-join('# jars processed marker: ',$jars_count, ' of ',$num_jars_found);};$l4jf = $l4jd = $l4je = $jdlc = $jmsa = $jdbc = $null;$inspect = $true;if($rgx_log4j.IsMatch($jar)){$l4jf=$jar};$jar_open_read = [IO.Compression.ZipFile]::OpenRead($jar);$entries = try{$jar_open_read;}catch{$inspect=$false;};if($inspect){foreach($e in $entries.Entries){$fn = $e.Fullname;if($rgx_class.Match($fn).Groups[1].Value){$jdlc = 'Found'};if($rgx_class.Match($fn).Groups[2].Value){$jmsa = 'Found'};if($rgx_class.Match($fn).Groups[3].Value){$jdbc = 'Found'};if($rgx_log4j.IsMatch($fn)){$l4jd = $fn;$l4jd_zip = [IO.Compression.ZipArchive]::new($e.Open());foreach ($l4jdE in $l4jd_zip.Entries){$le = $l4jdE.FullName;if($rgx_class.Match($le).Groups[1].Value){$jdlc = 'Found'};if($rgx_class.Match($le).Groups[2].Value){$jmsa = 'Found'};if($rgx_class.Match($le).Groups[3].Value){$jdbc = 'Found'};};$l4jd_zip.Dispose();$e.Archive.Dispose();[GC]::Collect();};if(!$jdlc){$jdlc = 'Not Found';};if(!$jmsa){$jmsa = 'Not Found';};if(!$jdbc){$jdbc = 'Not Found';};};if(!$jdlc){$jdlc = 'Unknown';};if(!$jmsa){$jmsa = 'Unknown';};if(!$jdbc){$jdbc = 'Unknown';};};if($l4jf){-join('f|',$l4jf,'|',$jdlc,'|',$jmsa,'|',$jdbc,\""`r\"")| Write-Host};if($l4jd){-join('d|',$jar,'|',$l4jd,'|',$jdlc,'|',$jmsa,'|',$jdbc,\""`r\"")| Write-Host};if($l4je){-join($l4je,'|',$jdlc,'|',$jmsa,'|',$jdbc,\""`r\"")| Write-Host};[GC]::Collect();[System.Threading.Thread]::Sleep(250);};-join('# jars processed marker: ',$jars_count, ' of ',$num_jars_found);-join('num_jars_found:',$num_jars_found);};$r = wjb $j -Timeout 2880; rcjb $j;}""","-NoProfile -Command ""&amp; {$j = sajb {$ErrorActionPreference = 'SilentlyContinue';$ErrorActionPreference = 'SilentlyContinue';$jars = $(Get-ChildItem -Path 'C:\*', 'F:\*' -Recurse -Include '*.jar','*.war','*.ear'| Where-Object Attributes -NotLike ""*ReparsePoint*""| Where-Object { -not $_.PSIsContainer }| % {$_.FullName});try{Add-Type -AssemblyName System.IO.Compression.FileSystem;}catch{'no_archive_inspection'};$num_jars_found = 0;$num_jars_insp = 0;$jars_mod = 0;$rxp_log4j = '(?:\\|\/)(log4j-?(?:core-?)?(\d[.\d]+)?(?:-?((?:rc|alpha|beta)-?\d*))?\.jar)';$rgx_log4j = [Regex]::new($rxp_log4j);$rxp_class = '(.*JndiLookup.class)?(.*JMSAppender.class)?(.*JdbcAppender.class)?';$rgx_class = [Regex]::new($rxp_class,[System.Text.RegularExpressions.RegexOptions]::IgnoreCase);foreach($jar in $jars){$num_jars_found++;};-join('num_jars_found:',$num_jars_found);foreach($jar in $jars){$jars_count++;$jars_mod = $jars_count % 100;if($jars_mod -eq 0){-join('# jars processed marker: ',$jars_count, ' of ',$num_jars_found);};$l4jf = $l4jd = $l4je = $jdlc = $jmsa = $jdbc = $null;$inspect = $true;if($rgx_log4j.IsMatch($jar)){$l4jf=$jar};$jar_open_read = [IO.Compression.ZipFile]::OpenRead($jar);$entries = try{$jar_open_read;}catch{$inspect=$false;};if($inspect){foreach($e in $entries.Entries){$fn = $e.Fullname;if($rgx_class.Match($fn).Groups[1].Value){$jdlc = 'Found'};if($rgx_class.Match($fn).Groups[2].Value){$jmsa = 'Found'};if($rgx_class.Match($fn).Groups[3].Value){$jdbc = 'Found'};if($rgx_log4j.IsMatch($fn)){$l4jd = $fn;$l4jd_zip = [IO.Compression.ZipArchive]::new($e.Open());foreach ($l4jdE in $l4jd_zip.Entries){$le = $l4jdE.FullName;if($rgx_class.Match($le).Groups[1].Value){$jdlc = 'Found'};if($rgx_class.Match($le).Groups[2].Value){$jmsa = 'Found'};if($rgx_class.Match($le).Groups[3].Value){$jdbc = 'Found'};};$l4jd_zip.Dispose();$e.Archive.Dispose();[GC]::Collect();};if(!$jdlc){$jdlc = 'Not Found';};if(!$jmsa){$jmsa = 'Not Found';};if(!$jdbc){$jdbc = 'Not Found';};};if(!$jdlc){$jdlc = 'Unknown';};if(!$jmsa){$jmsa = 'Unknown';};if(!$jdbc){$jdbc = 'Unknown';};};if($l4jf){-join('f|',$l4jf,'|',$jdlc,'|',$jmsa,'|',$jdbc,\""`r\"")| Write-Host};if($l4jd){-join('d|',$jar,'|',$l4jd,'|',$jdlc,'|',$jmsa,'|',$jdbc,\""`r\"")| Write-Host};if($l4je){-join($l4je,'|',$jdlc,'|',$jmsa,'|',$jdbc,\""`r\"")| Write-Host};[GC]::Collect();[System.Threading.Thread]::Sleep(250);};-join('# jars processed marker: ',$jars_count, ' of ',$num_jars_found);-join('num_jars_found:',$num_jars_found);};$r = wjb $j -Timeout 2880; rcjb $j;}""",C:\Windows\System32\WindowsPowershell\v1.0\powershell,powershell.exe,0x31e4,powershell.exe,C:\Windows\System32\WindowsPowerShell\v1.0\powershell.exe,Windows,<_='://../////'><><_='---'_='{----}'/><></><></><>,,,,,,,,0x3e7,,,A new process has been created,4688,XmlWinEventLog:Security,XmlWinEventLog,bbbbbsplunkes01,,,MMM,,ppppPWBADDC03$,,success,A new process has been created,failure,,,"execute
os
process
report
security
start
track_event_signatures
windows",,,,"execute
os
process
report
security
start
track_event_signatures
windows",,,ppppPWBADDC03$,-,,,,,Microsoft,,Microsoft Windows
,,,,,MMM,,,ppppPWBADDC03$,,,Security,,,,,,"C:\Windows\System32\cmd.exe /c C:\Windows\System32\WindowsPowershell\v1.0\powershell -NoProfile -Command ""&amp; {$j = sajb {$ErrorActionPreference = 'SilentlyContinue';$ErrorActionPreference = 'SilentlyContinue';$jars = $(Get-ChildItem -Path 'C:\*', 'F:\*' -Recurse -Include '*.jar','*.war','*.ear'| Where-Object Attributes -NotLike ""*ReparsePoint*""| Where-Object { -not $_.PSIsContainer }| % {$_.FullName});try{Add-Type -AssemblyName System.IO.Compression.FileSystem;}catch{'no_archive_inspection'};$num_jars_found = 0;$num_jars_insp = 0;$jars_mod = 0;$rxp_log4j = '(?:\\|\/)(log4j-?(?:core-?)?(\d[.\d]+)?(?:-?((?:rc|alpha|beta)-?\d*))?\.jar)';$rgx_log4j = [Regex]::new($rxp_log4j);$rxp_class = '(.*JndiLookup.class)?(.*JMSAppender.class)?(.*JdbcAppender.class)?';$rgx_class = [Regex]::new($rxp_class,[System.Text.RegularExpressions.RegexOptions]::IgnoreCase);foreach($jar in $jars){$num_jars_found++;};-join('num_jars_found:',$num_jars_found);foreach($jar in $jars){$jars_count++;$jars_mod = $jars_count % 100;if($jars_mod -eq 0){-join('# jars processed marker: ',$jars_count, ' of ',$num_jars_found);};$l4jf = $l4jd = $l4je = $jdlc = $jmsa = $jdbc = $null;$inspect = $true;if($rgx_log4j.IsMatch($jar)){$l4jf=$jar};$jar_open_read = [IO.Compression.ZipFile]::OpenRead($jar);$entries = try{$jar_open_read;}catch{$inspect=$false;};if($inspect){foreach($e in $entries.Entries){$fn = $e.Fullname;if($rgx_class.Match($fn).Groups[1].Value){$jdlc = 'Found'};if($rgx_class.Match($fn).Groups[2].Value){$jmsa = 'Found'};if($rgx_class.Match($fn).Groups[3].Value){$jdbc = 'Found'};if($rgx_log4j.IsMatch($fn)){$l4jd = $fn;$l4jd_zip = [IO.Compression.ZipArchive]::new($e.Open());foreach ($l4jdE in $l4jd_zip.Entries){$le = $l4jdE.FullName;if($rgx_class.Match($le).Groups[1].Value){$jdlc = 'Found'};if($rgx_class.Match($le).Groups[2].Value){$jmsa = 'Found'};if($rgx_class.Match($le).Groups[3].Value){$jdbc = 'Found'};};$l4jd_zip.Dispose();$e.Archive.Dispose();[GC]::Collect();};if(!$jdlc){$jdlc = 'Not Found';};if(!$jmsa){$jmsa = 'Not Found';};if(!$jdbc){$jdbc = 'Not Found';};};if(!$jdlc){$jdlc = 'Unknown';};if(!$jmsa){$jmsa = 'Unknown';};if(!$jdbc){$jdbc = 'Unknown';};};if($l4jf){-join('f|',$l4jf,'|',$jdlc,'|',$jmsa,'|',$jdbc,\""`r\"")| Write-Host};if($l4jd){-join('d|',$jar,'|',$l4jd,'|',$jdlc,'|',$jmsa,'|',$jdbc,\""`r\"")| Write-Host};if($l4je){-join($l4je,'|',$jdlc,'|',$jmsa,'|',$jdbc,\""`r\"")| Write-Host};[GC]::Collect();[System.Threading.Thread]::Sleep(250);};-join('# jars processed marker: ',$jars_count, ' of ',$num_jars_found);-join('num_jars_found:',$num_jars_found);};$r = wjb $j -Timeout 2880; rcjb $j;}""",ppppPWBADDC03.mmm.hhh.ggg,,,,-,4688,"<Data Name='SubjectUserSid'>NT AUTHORITY\SYSTEM</Data><Data Name='SubjectUserName'>ppppPWBADDC03$</Data><Data Name='SubjectDomainName'>MMM</Data><Data Name='SubjectLogonId'>0x3e7</Data><Data Name='NewProcessId'>0x4278</Data><Data Name='NewProcessName'>C:\Windows\System32\cmd.exe</Data><Data Name='TokenElevationType'>%%1936</Data><Data Name='ProcessId'>0x25bc</Data><Data Name='CommandLine'>C:\Windows\System32\cmd.exe /c C:\Windows\System32\WindowsPowershell\v1.0\powershell -NoProfile -Command ""&amp; {$j = sajb {$ErrorActionPreference = 'SilentlyContinue';$ErrorActionPreference = 'SilentlyContinue';$jars = $(Get-ChildItem -Path 'C:\*', 'F:\*' -Recurse -Include '*.jar','*.war','*.ear'| Where-Object Attributes -NotLike ""*ReparsePoint*""| Where-Object { -not $_.PSIsContainer }| % {$_.FullName});try{Add-Type -AssemblyName System.IO.Compression.FileSystem;}catch{'no_archive_inspection'};$num_jars_found = 0;$num_jars_insp = 0;$jars_mod = 0;$rxp_log4j = '(?:\\|\/)(log4j-?(?:core-?)?(\d[.\d]+)?(?:-?((?:rc|alpha|beta)-?\d*))?\.jar)';$rgx_log4j = [Regex]::new($rxp_log4j);$rxp_class = '(.*JndiLookup.class)?(.*JMSAppender.class)?(.*JdbcAppender.class)?';$rgx_class = [Regex]::new($rxp_class,[System.Text.RegularExpressions.RegexOptions]::IgnoreCase);foreach($jar in $jars){$num_jars_found++;};-join('num_jars_found:',$num_jars_found);foreach($jar in $jars){$jars_count++;$jars_mod = $jars_count % 100;if($jars_mod -eq 0){-join('# jars processed marker: ',$jars_count, ' of ',$num_jars_found);};$l4jf = $l4jd = $l4je = $jdlc = $jmsa = $jdbc = $null;$inspect = $true;if($rgx_log4j.IsMatch($jar)){$l4jf=$jar};$jar_open_read = [IO.Compression.ZipFile]::OpenRead($jar);$entries = try{$jar_open_read;}catch{$inspect=$false;};if($inspect){foreach($e in $entries.Entries){$fn = $e.Fullname;if($rgx_class.Match($fn).Groups[1].Value){$jdlc = 'Found'};if($rgx_class.Match($fn).Groups[2].Value){$jmsa = 'Found'};if($rgx_class.Match($fn).Groups[3].Value){$jdbc = 'Found'};if($rgx_log4j.IsMatch($fn)){$l4jd = $fn;$l4jd_zip = [IO.Compression.ZipArchive]::new($e.Open());foreach ($l4jdE in $l4jd_zip.Entries){$le = $l4jdE.FullName;if($rgx_class.Match($le).Groups[1].Value){$jdlc = 'Found'};if($rgx_class.Match($le).Groups[2].Value){$jmsa = 'Found'};if($rgx_class.Match($le).Groups[3].Value){$jdbc = 'Found'};};$l4jd_zip.Dispose();$e.Archive.Dispose();[GC]::Collect();};if(!$jdlc){$jdlc = 'Not Found';};if(!$jmsa){$jmsa = 'Not Found';};if(!$jdbc){$jdbc = 'Not Found';};};if(!$jdlc){$jdlc = 'Unknown';};if(!$jmsa){$jmsa = 'Unknown';};if(!$jdbc){$jdbc = 'Unknown';};};if($l4jf){-join('f|',$l4jf,'|',$jdlc,'|',$jmsa,'|',$jdbc,\""`r\"")| Write-Host};if($l4jd){-join('d|',$jar,'|',$l4jd,'|',$jdlc,'|',$jmsa,'|',$jdbc,\""`r\"")| Write-Host};if($l4je){-join($l4je,'|',$jdlc,'|',$jmsa,'|',$jdbc,\""`r\"")| Write-Host};[GC]::Collect();[System.Threading.Thread]::Sleep(250);};-join('# jars processed marker: ',$jars_count, ' of ',$num_jars_found);-join('num_jars_found:',$num_jars_found);};$r = wjb $j -Timeout 2880; rcjb $j;}""</Data><Data Name='TargetUserSid'>NULL SID</Data><Data Name='TargetUserName'>-</Data><Data Name='TargetDomainName'>-</Data><Data Name='TargetLogonId'>0x0</Data><Data Name='ParentProcessName'>C:\Program Files\Tenable\Nessus Agent\nessus-agent-module.exe</Data><Data Name='MandatoryLabel'>Mandatory Label\System Mandatory Level</Data>",4688.0,999432985,,,,,,,,,,,0x8020000000000000,0,,,,0x3e7,,Mandatory Label\System Mandatory Level,,,,,'Microsoft-Windows-Security-Auditing',0x4278,C:\Windows\System32\cmd.exe,,,,,,0,C:\Program Files\Tenable\Nessus Agent\nessus-agent-module.exe,,,,'4',0x25bc,,"C:\Windows\System32\cmd.exe /c C:\Windows\System32\WindowsPowershell\v1.0\powershell -NoProfile -Command ""&amp; {$j = sajb {$ErrorActionPreference = 'SilentlyContinue';$ErrorActionPreference = 'SilentlyContinue';$jars = $(Get-ChildItem -Path 'C:\*', 'F:\*' -Recurse -Include '*.jar','*.war','*.ear'| Where-Object Attributes -NotLike ""*ReparsePoint*""| Where-Object { -not $_.PSIsContainer }| % {$_.FullName});try{Add-Type -AssemblyName System.IO.Compression.FileSystem;}catch{'no_archive_inspection'};$num_jars_found = 0;$num_jars_insp = 0;$jars_mod = 0;$rxp_log4j = '(?:\\|\/)(log4j-?(?:core-?)?(\d[.\d]+)?(?:-?((?:rc|alpha|beta)-?\d*))?\.jar)';$rgx_log4j = [Regex]::new($rxp_log4j);$rxp_class = '(.*JndiLookup.class)?(.*JMSAppender.class)?(.*JdbcAppender.class)?';$rgx_class = [Regex]::new($rxp_class,[System.Text.RegularExpressions.RegexOptions]::IgnoreCase);foreach($jar in $jars){$num_jars_found++;};-join('num_jars_found:',$num_jars_found);foreach($jar in $jars){$jars_count++;$jars_mod = $jars_count % 100;if($jars_mod -eq 0){-join('# jars processed marker: ',$jars_count, ' of ',$num_jars_found);};$l4jf = $l4jd = $l4je = $jdlc = $jmsa = $jdbc = $null;$inspect = $true;if($rgx_log4j.IsMatch($jar)){$l4jf=$jar};$jar_open_read = [IO.Compression.ZipFile]::OpenRead($jar);$entries = try{$jar_open_read;}catch{$inspect=$false;};if($inspect){foreach($e in $entries.Entries){$fn = $e.Fullname;if($rgx_class.Match($fn).Groups[1].Value){$jdlc = 'Found'};if($rgx_class.Match($fn).Groups[2].Value){$jmsa = 'Found'};if($rgx_class.Match($fn).Groups[3].Value){$jdbc = 'Found'};if($rgx_log4j.IsMatch($fn)){$l4jd = $fn;$l4jd_zip = [IO.Compression.ZipArchive]::new($e.Open());foreach ($l4jdE in $l4jd_zip.Entries){$le = $l4jdE.FullName;if($rgx_class.Match($le).Groups[1].Value){$jdlc = 'Found'};if($rgx_class.Match($le).Groups[2].Value){$jmsa = 'Found'};if($rgx_class.Match($le).Groups[3].Value){$jdbc = 'Found'};};$l4jd_zip.Dispose();$e.Archive.Dispose();[GC]::Collect();};if(!$jdlc){$jdlc = 'Not Found';};if(!$jmsa){$jmsa = 'Not Found';};if(!$jdbc){$jdbc = 'Not Found';};};if(!$jdlc){$jdlc = 'Unknown';};if(!$jmsa){$jmsa = 'Unknown';};if(!$jdbc){$jdbc = 'Unknown';};};if($l4jf){-join('f|',$l4jf,'|',$jdlc,'|',$jmsa,'|',$jdbc,\""`r\"")| Write-Host};if($l4jd){-join('d|',$jar,'|',$l4jd,'|',$jdlc,'|',$jmsa,'|',$jdbc,\""`r\"")| Write-Host};if($l4je){-join($l4je,'|',$jdlc,'|',$jmsa,'|',$jdbc,\""`r\"")| Write-Host};[GC]::Collect();[System.Threading.Thread]::Sleep(250);};-join('# jars processed marker: ',$jars_count, ' of ',$num_jars_found);-join('num_jars_found:',$num_jars_found);};$r = wjb $j -Timeout 2880; rcjb $j;}""",,999432985,,,,,,,MMM,0x3e7,ppppPWBADDC03$,NT AUTHORITY\SYSTEM,,'2026-05-19T07:38:10.4272832Z',<Provider Name='Microsoft-Windows-Security-Auditing' Guid='{54849625-5478-4994-a5ba-3e3b0328c30d}'/><EventID>4688</EventID><Version>2</Version><Level>0</Level><Task>13312</Task><Opcode>0</Opcode><Keywords>0x8020000000000000</Keywords><TimeCreated SystemTime='2026-05-19T07:38:10.4272832Z'/><EventRecordID>999432985</EventRecordID><Correlation/><Execution ProcessID='4' ThreadID='10984'/><Channel>Security</Channel><Computer>ppppPWBADDC03.mmm.hhh.ggg</Computer><Security/>,-,0x0,,,-,NULL SID,,,-,,-,13312,'10984',%%1936,%%1936,1936.0,,,,,2,,,,,2026-05-19T03:38:10.427-0400,allowed,win:unknown,,,,,ppppPWBADDC03.mmm.hhh.ggg,,ppppPWBADDC03.mmm.hhh.ggg,ppppPWBADDC03,999432985,endpoint_services_processes windows_endpoint_processes windows_event_signature windows_process_new wineventlog_security wineventlog_windows winsec,,,ppppPWBADDC03,999432985,occs-sss-windows,1,A new process has been created,C:\Windows\System32\cmd.exe,0x4278,cmd.exe,,,,,,,C:\Program Files\Tenable\Nessus Agent\nessus-agent-module.exe,0x25bc,nessus-agent-module.exe,C:\Program Files\Tenable\Nessus Agent\nessus-agent-module.exe,"C:\Windows\System32\cmd.exe /c C:\Windows\System32\WindowsPowershell\v1.0\powershell -NoProfile -Command ""&amp; {$j = sajb {$ErrorActionPreference = 'SilentlyContinue';$ErrorActionPreference = 'SilentlyContinue';$jars = $(Get-ChildItem -Path 'C:\*', 'F:\*' -Recurse -Include '*.jar','*.war','*.ear'| Where-Object Attributes -NotLike ""*ReparsePoint*""| Where-Object { -not $_.PSIsContainer }| % {$_.FullName});try{Add-Type -AssemblyName System.IO.Compression.FileSystem;}catch{'no_archive_inspection'};$num_jars_found = 0;$num_jars_insp = 0;$jars_mod = 0;$rxp_log4j = '(?:\\|\/)(log4j-?(?:core-?)?(\d[.\d]+)?(?:-?((?:rc|alpha|beta)-?\d*))?\.jar)';$rgx_log4j = [Regex]::new($rxp_log4j);$rxp_class = '(.*JndiLookup.class)?(.*JMSAppender.class)?(.*JdbcAppender.class)?';$rgx_class = [Regex]::new($rxp_class,[System.Text.RegularExpressions.RegexOptions]::IgnoreCase);foreach($jar in $jars){$num_jars_found++;};-join('num_jars_found:',$num_jars_found);foreach($jar in $jars){$jars_count++;$jars_mod = $jars_count % 100;if($jars_mod -eq 0){-join('# jars processed marker: ',$jars_count, ' of ',$num_jars_found);};$l4jf = $l4jd = $l4je = $jdlc = $jmsa = $jdbc = $null;$inspect = $true;if($rgx_log4j.IsMatch($jar)){$l4jf=$jar};$jar_open_read = [IO.Compression.ZipFile]::OpenRead($jar);$entries = try{$jar_open_read;}catch{$inspect=$false;};if($inspect){foreach($e in $entries.Entries){$fn = $e.Fullname;if($rgx_class.Match($fn).Groups[1].Value){$jdlc = 'Found'};if($rgx_class.Match($fn).Groups[2].Value){$jmsa = 'Found'};if($rgx_class.Match($fn).Groups[3].Value){$jdbc = 'Found'};if($rgx_log4j.IsMatch($fn)){$l4jd = $fn;$l4jd_zip = [IO.Compression.ZipArchive]::new($e.Open());foreach ($l4jdE in $l4jd_zip.Entries){$le = $l4jdE.FullName;if($rgx_class.Match($le).Groups[1].Value){$jdlc = 'Found'};if($rgx_class.Match($le).Groups[2].Value){$jmsa = 'Found'};if($rgx_class.Match($le).Groups[3].Value){$jdbc = 'Found'};};$l4jd_zip.Dispose();$e.Archive.Dispose();[GC]::Collect();};if(!$jdlc){$jdlc = 'Not Found';};if(!$jmsa){$jmsa = 'Not Found';};if(!$jdbc){$jdbc = 'Not Found';};};if(!$jdlc){$jdlc = 'Unknown';};if(!$jmsa){$jmsa = 'Unknown';};if(!$jdbc){$jdbc = 'Unknown';};};if($l4jf){-join('f|',$l4jf,'|',$jdlc,'|',$jmsa,'|',$jdbc,\""`r\"")| Write-Host};if($l4jd){-join('d|',$jar,'|',$l4jd,'|',$jdlc,'|',$jmsa,'|',$jdbc,\""`r\"")| Write-Host};if($l4je){-join($l4je,'|',$jdlc,'|',$jmsa,'|',$jdbc,\""`r\"")| Write-Host};[GC]::Collect();[System.Threading.Thread]::Sleep(250);};-join('# jars processed marker: ',$jars_count, ' of ',$num_jars_found);-join('num_jars_found:',$num_jars_found);};$r = wjb $j -Timeout 2880; rcjb $j;}""","/c C:\Windows\System32\WindowsPowershell\v1.0\powershell -NoProfile -Command ""&amp; {$j = sajb {$ErrorActionPreference = 'SilentlyContinue';$ErrorActionPreference = 'SilentlyContinue';$jars = $(Get-ChildItem -Path 'C:\*', 'F:\*' -Recurse -Include '*.jar','*.war','*.ear'| Where-Object Attributes -NotLike ""*ReparsePoint*""| Where-Object { -not $_.PSIsContainer }| % {$_.FullName});try{Add-Type -AssemblyName System.IO.Compression.FileSystem;}catch{'no_archive_inspection'};$num_jars_found = 0;$num_jars_insp = 0;$jars_mod = 0;$rxp_log4j = '(?:\\|\/)(log4j-?(?:core-?)?(\d[.\d]+)?(?:-?((?:rc|alpha|beta)-?\d*))?\.jar)';$rgx_log4j = [Regex]::new($rxp_log4j);$rxp_class = '(.*JndiLookup.class)?(.*JMSAppender.class)?(.*JdbcAppender.class)?';$rgx_class = [Regex]::new($rxp_class,[System.Text.RegularExpressions.RegexOptions]::IgnoreCase);foreach($jar in $jars){$num_jars_found++;};-join('num_jars_found:',$num_jars_found);foreach($jar in $jars){$jars_count++;$jars_mod = $jars_count % 100;if($jars_mod -eq 0){-join('# jars processed marker: ',$jars_count, ' of ',$num_jars_found);};$l4jf = $l4jd = $l4je = $jdlc = $jmsa = $jdbc = $null;$inspect = $true;if($rgx_log4j.IsMatch($jar)){$l4jf=$jar};$jar_open_read = [IO.Compression.ZipFile]::OpenRead($jar);$entries = try{$jar_open_read;}catch{$inspect=$false;};if($inspect){foreach($e in $entries.Entries){$fn = $e.Fullname;if($rgx_class.Match($fn).Groups[1].Value){$jdlc = 'Found'};if($rgx_class.Match($fn).Groups[2].Value){$jmsa = 'Found'};if($rgx_class.Match($fn).Groups[3].Value){$jdbc = 'Found'};if($rgx_log4j.IsMatch($fn)){$l4jd = $fn;$l4jd_zip = [IO.Compression.ZipArchive]::new($e.Open());foreach ($l4jdE in $l4jd_zip.Entries){$le = $l4jdE.FullName;if($rgx_class.Match($le).Groups[1].Value){$jdlc = 'Found'};if($rgx_class.Match($le).Groups[2].Value){$jmsa = 'Found'};if($rgx_class.Match($le).Groups[3].Value){$jdbc = 'Found'};};$l4jd_zip.Dispose();$e.Archive.Dispose();[GC]::Collect();};if(!$jdlc){$jdlc = 'Not Found';};if(!$jmsa){$jmsa = 'Not Found';};if(!$jdbc){$jdbc = 'Not Found';};};if(!$jdlc){$jdlc = 'Unknown';};if(!$jmsa){$jmsa = 'Unknown';};if(!$jdbc){$jdbc = 'Unknown';};};if($l4jf){-join('f|',$l4jf,'|',$jdlc,'|',$jmsa,'|',$jdbc,\""`r\"")| Write-Host};if($l4jd){-join('d|',$jar,'|',$l4jd,'|',$jdlc,'|',$jmsa,'|',$jdbc,\""`r\"")| Write-Host};if($l4je){-join($l4je,'|',$jdlc,'|',$jmsa,'|',$jdbc,\""`r\"")| Write-Host};[GC]::Collect();[System.Threading.Thread]::Sleep(250);};-join('# jars processed marker: ',$jars_count, ' of ',$num_jars_found);-join('num_jars_found:',$num_jars_found);};$r = wjb $j -Timeout 2880; rcjb $j;}""",C:\Windows\System32\cmd.exe,cmd.exe,0x4278,cmd.exe,C:\Windows\System32\cmd.exe,Windows,<_='://../////'><><_='---'_='{----}'/><></><></><>,,,,,,,,0x3e7,,,A new process has been created,4688,XmlWinEventLog:Security,XmlWinEventLog,bbbbbsplunkes01,,,MMM,,ppppPWBADDC03$,,success,A new process has been created,failure,,,"execute
os
process
report
security
start
track_event_signatures
windows",,,,"execute
os
process
report
security
start
track_event_signatures
windows",,,ppppPWBADDC03$,-,,,,,Microsoft,,Microsoft Windows
,,,,,MMM,,,ppppPWBADDC03$,,,Security,,,,,,where  /Q repadmin,ppppPWBADDC03.mmm.hhh.ggg,,,,-,4688,<Data Name='SubjectUserSid'>NT AUTHORITY\SYSTEM</Data><Data Name='SubjectUserName'>ppppPWBADDC03$</Data><Data Name='SubjectDomainName'>MMM</Data><Data Name='SubjectLogonId'>0x3e7</Data><Data Name='NewProcessId'>0x3b40</Data><Data Name='NewProcessName'>C:\Windows\System32\where.exe</Data><Data Name='TokenElevationType'>%%1936</Data><Data Name='ProcessId'>0x35e0</Data><Data Name='CommandLine'>where  /Q repadmin </Data><Data Name='TargetUserSid'>NULL SID</Data><Data Name='TargetUserName'>-</Data><Data Name='TargetDomainName'>-</Data><Data Name='TargetLogonId'>0x0</Data><Data Name='ParentProcessName'>C:\Windows\System32\cmd.exe</Data><Data Name='MandatoryLabel'>Mandatory Label\System Mandatory Level</Data>,4688.0,999431710,,,,,,,,,,,0x8020000000000000,0,,,,0x3e7,,Mandatory Label\System Mandatory Level,,,,,'Microsoft-Windows-Security-Auditing',0x3b40,C:\Windows\System32\where.exe,,,,,,0,C:\Windows\System32\cmd.exe,,,,'4',0x35e0,,where  /Q repadmin,,999431710,,,,,,,MMM,0x3e7,ppppPWBADDC03$,NT AUTHORITY\SYSTEM,,'2026-05-19T07:35:57.0355814Z',<Provider Name='Microsoft-Windows-Security-Auditing' Guid='{54849625-5478-4994-a5ba-3e3b0328c30d}'/><EventID>4688</EventID><Version>2</Version><Level>0</Level><Task>13312</Task><Opcode>0</Opcode><Keywords>0x8020000000000000</Keywords><TimeCreated SystemTime='2026-05-19T07:35:57.0355814Z'/><EventRecordID>999431710</EventRecordID><Correlation/><Execution ProcessID='4' ThreadID='14804'/><Channel>Security</Channel><Computer>ppppPWBADDC03.mmm.hhh.ggg</Computer><Security/>,-,0x0,,,-,NULL SID,,,-,,-,13312,'14804',%%1936,%%1936,1936.0,,,,,2,,,,,2026-05-19T03:35:57.035-0400,allowed,win:unknown,,,,,ppppPWBADDC03.mmm.hhh.ggg,,ppppPWBADDC03.mmm.hhh.ggg,ppppPWBADDC03,999431710,endpoint_services_processes windows_endpoint_processes windows_event_signature windows_process_new wineventlog_security wineventlog_windows winsec,,,ppppPWBADDC03,999431710,occs-sss-windows,1,A new process has been created,C:\Windows\System32\where.exe,0x3b40,where.exe,,,,,,,C:\Windows\System32\cmd.exe,0x35e0,cmd.exe,C:\Windows\System32\cmd.exe,C:\Windows\System32\where.exe /Q repadmin,/Q repadmin,where,where.exe,0x3b40,where.exe,C:\Windows\System32\where.exe,Windows,<_='://../////'><><_='---'_='{----}'/><></><></><>,,,,,,,,0x3e7,,,A new process has been created,4688,XmlWinEventLog:Security,XmlWinEventLog,bbbbbsplunkes02,,,MMM,,ppppPWBADDC03$,,success,A new process has been created,failure,,,"execute
os
process
report
security
start
track_event_signatures
windows",,,,"execute
os
process
report
security
start
track_event_signatures
windows",,,ppppPWBADDC03$,-,,,,,Microsoft,,Microsoft Windows
,,,,,MMM,,,ppppPWBADDC03$,,,Security,,,,,,where  /Q repadmin,ppppPWBADDC03.mmm.hhh.ggg,,,,-,4688,<Data Name='SubjectUserSid'>NT AUTHORITY\SYSTEM</Data><Data Name='SubjectUserName'>ppppPWBADDC03$</Data><Data Name='SubjectDomainName'>MMM</Data><Data Name='SubjectLogonId'>0x3e7</Data><Data Name='NewProcessId'>0xfbc</Data><Data Name='NewProcessName'>C:\Windows\System32\where.exe</Data><Data Name='TokenElevationType'>%%1936</Data><Data Name='ProcessId'>0x3fa8</Data><Data Name='CommandLine'>where  /Q repadmin </Data><Data Name='TargetUserSid'>NULL SID</Data><Data Name='TargetUserName'>-</Data><Data Name='TargetDomainName'>-</Data><Data Name='TargetLogonId'>0x0</Data><Data Name='ParentProcessName'>C:\Windows\System32\cmd.exe</Data><Data Name='MandatoryLabel'>Mandatory Label\System Mandatory Level</Data>,4688.0,999428980,,,,,,,,,,,0x8020000000000000,0,,,,0x3e7,,Mandatory Label\System Mandatory Level,,,,,'Microsoft-Windows-Security-Auditing',0xfbc,C:\Windows\System32\where.exe,,,,,,0,C:\Windows\System32\cmd.exe,,,,'4',0x3fa8,,where  /Q repadmin,,999428980,,,,,,,MMM,0x3e7,ppppPWBADDC03$,NT AUTHORITY\SYSTEM,,'2026-05-19T07:30:54.6146848Z',<Provider Name='Microsoft-Windows-Security-Auditing' Guid='{54849625-5478-4994-a5ba-3e3b0328c30d}'/><EventID>4688</EventID><Version>2</Version><Level>0</Level><Task>13312</Task><Opcode>0</Opcode><Keywords>0x8020000000000000</Keywords><TimeCreated SystemTime='2026-05-19T07:30:54.6146848Z'/><EventRecordID>999428980</EventRecordID><Correlation/><Execution ProcessID='4' ThreadID='1080'/><Channel>Security</Channel><Computer>ppppPWBADDC03.mmm.hhh.ggg</Computer><Security/>,-,0x0,,,-,NULL SID,,,-,,-,13312,'1080',%%1936,%%1936,1936.0,,,,,2,,,,,2026-05-19T03:30:54.614-0400,allowed,win:unknown,,,,,ppppPWBADDC03.mmm.hhh.ggg,,ppppPWBADDC03.mmm.hhh.ggg,ppppPWBADDC03,999428980,endpoint_services_processes windows_endpoint_processes windows_event_signature windows_process_new wineventlog_security wineventlog_windows winsec,,,ppppPWBADDC03,999428980,occs-sss-windows,1,A new process has been created,C:\Windows\System32\where.exe,0xfbc,where.exe,,,,,,,C:\Windows\System32\cmd.exe,0x3fa8,cmd.exe,C:\Windows\System32\cmd.exe,C:\Windows\System32\where.exe /Q repadmin,/Q repadmin,where,where.exe,0xfbc,where.exe,C:\Windows\System32\where.exe,Windows,<_='://../////'><><_='---'_='{----}'/><></><></><>,,,,,,,,0x3e7,,,A new process has been created,4688,XmlWinEventLog:Security,XmlWinEventLog,bbbbbsplunkes02,,,MMM,,ppppPWBADDC03$,,success,A new process has been created,failure,,,"execute
os
process
report
security
start
track_event_signatures
windows",,,,"execute
os
process
report
security
start
track_event_signatures
windows",,,ppppPWBADDC03$,-,,,,,Microsoft,,Microsoft Windows
,,,,,MMM,,,ppppPWBADDC03$,,,Security,,,,,,where  /Q repadmin,ppppPWBADDC03.mmm.hhh.ggg,,,,-,4688,<Data Name='SubjectUserSid'>NT AUTHORITY\SYSTEM</Data><Data Name='SubjectUserName'>ppppPWBADDC03$</Data><Data Name='SubjectDomainName'>MMM</Data><Data Name='SubjectLogonId'>0x3e7</Data><Data Name='NewProcessId'>0x3cf0</Data><Data Name='NewProcessName'>C:\Windows\System32\where.exe</Data><Data Name='TokenElevationType'>%%1936</Data><Data Name='ProcessId'>0x4398</Data><Data Name='CommandLine'>where  /Q repadmin </Data><Data Name='TargetUserSid'>NULL SID</Data><Data Name='TargetUserName'>-</Data><Data Name='TargetDomainName'>-</Data><Data Name='TargetLogonId'>0x0</Data><Data Name='ParentProcessName'>C:\Windows\System32\cmd.exe</Data><Data Name='MandatoryLabel'>Mandatory Label\System Mandatory Level</Data>,4688.0,999426413,,,,,,,,,,,0x8020000000000000,0,,,,0x3e7,,Mandatory Label\System Mandatory Level,,,,,'Microsoft-Windows-Security-Auditing',0x3cf0,C:\Windows\System32\where.exe,,,,,,0,C:\Windows\System32\cmd.exe,,,,'4',0x4398,,where  /Q repadmin,,999426413,,,,,,,MMM,0x3e7,ppppPWBADDC03$,NT AUTHORITY\SYSTEM,,'2026-05-19T07:25:51.3328467Z',<Provider Name='Microsoft-Windows-Security-Auditing' Guid='{54849625-5478-4994-a5ba-3e3b0328c30d}'/><EventID>4688</EventID><Version>2</Version><Level>0</Level><Task>13312</Task><Opcode>0</Opcode><Keywords>0x8020000000000000</Keywords><TimeCreated SystemTime='2026-05-19T07:25:51.3328467Z'/><EventRecordID>999426413</EventRecordID><Correlation/><Execution ProcessID='4' ThreadID='2716'/><Channel>Security</Channel><Computer>ppppPWBADDC03.mmm.hhh.ggg</Computer><Security/>,-,0x0,,,-,NULL SID,,,-,,-,13312,'2716',%%1936,%%1936,1936.0,,,,,2,,,,,2026-05-19T03:25:51.332-0400,allowed,win:unknown,,,,,ppppPWBADDC03.mmm.hhh.ggg,,ppppPWBADDC03.mmm.hhh.ggg,ppppPWBADDC03,999426413,endpoint_services_processes windows_endpoint_processes windows_event_signature windows_process_new wineventlog_security wineventlog_windows winsec,,,ppppPWBADDC03,999426413,occs-sss-windows,1,A new process has been created,C:\Windows\System32\where.exe,0x3cf0,where.exe,,,,,,,C:\Windows\System32\cmd.exe,0x4398,cmd.exe,C:\Windows\System32\cmd.exe,C:\Windows\System32\where.exe /Q repadmin,/Q repadmin,where,where.exe,0x3cf0,where.exe,C:\Windows\System32\where.exe,Windows,<_='://../////'><><_='---'_='{----}'/><></><></><>,,,,,,,,0x3e7,,,A new process has been created,4688,XmlWinEventLog:Security,XmlWinEventLog,bbbbbsplunkes02,,,MMM,,ppppPWBADDC03$,,success,A new process has been created,failure,,,"execute
os
process
report
security
start
track_event_signatures
windows",,,,"execute
os
process
report
security
start
track_event_signatures
windows",,,ppppPWBADDC03$,-,,,,,Microsoft,,Microsoft Windows
,,,,,MMM,,,ppppPWBADDC03$,,,Security,,,,,,where  /Q repadmin,ppppPWBADDC03.mmm.hhh.ggg,,,,-,4688,<Data Name='SubjectUserSid'>NT AUTHORITY\SYSTEM</Data><Data Name='SubjectUserName'>ppppPWBADDC03$</Data><Data Name='SubjectDomainName'>MMM</Data><Data Name='SubjectLogonId'>0x3e7</Data><Data Name='NewProcessId'>0x35f4</Data><Data Name='NewProcessName'>C:\Windows\System32\where.exe</Data><Data Name='TokenElevationType'>%%1936</Data><Data Name='ProcessId'>0x402c</Data><Data Name='CommandLine'>where  /Q repadmin </Data><Data Name='TargetUserSid'>NULL SID</Data><Data Name='TargetUserName'>-</Data><Data Name='TargetDomainName'>-</Data><Data Name='TargetLogonId'>0x0</Data><Data Name='ParentProcessName'>C:\Windows\System32\cmd.exe</Data><Data Name='MandatoryLabel'>Mandatory Label\System Mandatory Level</Data>,4688.0,999422609,,,,,,,,,,,0x8020000000000000,0,,,,0x3e7,,Mandatory Label\System Mandatory Level,,,,,'Microsoft-Windows-Security-Auditing',0x35f4,C:\Windows\System32\where.exe,,,,,,0,C:\Windows\System32\cmd.exe,,,,'4',0x402c,,where  /Q repadmin,,999422609,,,,,,,MMM,0x3e7,ppppPWBADDC03$,NT AUTHORITY\SYSTEM,,'2026-05-19T07:20:49.0061104Z',<Provider Name='Microsoft-Windows-Security-Auditing' Guid='{54849625-5478-4994-a5ba-3e3b0328c30d}'/><EventID>4688</EventID><Version>2</Version><Level>0</Level><Task>13312</Task><Opcode>0</Opcode><Keywords>0x8020000000000000</Keywords><TimeCreated SystemTime='2026-05-19T07:20:49.0061104Z'/><EventRecordID>999422609</EventRecordID><Correlation/><Execution ProcessID='4' ThreadID='15232'/><Channel>Security</Channel><Computer>ppppPWBADDC03.mmm.hhh.ggg</Computer><Security/>,-,0x0,,,-,NULL SID,,,-,,-,13312,'15232',%%1936,%%1936,1936.0,,,,,2,,,,,2026-05-19T03:20:49.006-0400,allowed,win:unknown,,,,,ppppPWBADDC03.mmm.hhh.ggg,,ppppPWBADDC03.mmm.hhh.ggg,ppppPWBADDC03,999422609,endpoint_services_processes windows_endpoint_processes windows_event_signature windows_process_new wineventlog_security wineventlog_windows winsec,,,ppppPWBADDC03,999422609,occs-sss-windows,1,A new process has been created,C:\Windows\System32\where.exe,0x35f4,where.exe,,,,,,,C:\Windows\System32\cmd.exe,0x402c,cmd.exe,C:\Windows\System32\cmd.exe,C:\Windows\System32\where.exe /Q repadmin,/Q repadmin,where,where.exe,0x35f4,where.exe,C:\Windows\System32\where.exe,Windows,<_='://../////'><><_='---'_='{----}'/><></><></><>,,,,,,,,0x3e7,,,A new process has been created,4688,XmlWinEventLog:Security,XmlWinEventLog,bbbbbsplunkes03,,,MMM,,ppppPWBADDC03$,,success,A new process has been created,failure,,,"execute
os
process
report
security
start
track_event_signatures
windows",,,,"execute
os
process
report
security
start
track_event_signatures
windows",,,ppppPWBADDC03$,-,,,,,Microsoft,,Microsoft Windows
,,,,,MMM,,,ppppPWBADDC03$,,,Security,,,,,,where  /Q repadmin,ppppPWBADDC03.mmm.hhh.ggg,,,,-,4688,<Data Name='SubjectUserSid'>NT AUTHORITY\SYSTEM</Data><Data Name='SubjectUserName'>ppppPWBADDC03$</Data><Data Name='SubjectDomainName'>MMM</Data><Data Name='SubjectLogonId'>0x3e7</Data><Data Name='NewProcessId'>0x41c8</Data><Data Name='NewProcessName'>C:\Windows\System32\where.exe</Data><Data Name='TokenElevationType'>%%1936</Data><Data Name='ProcessId'>0x3cb8</Data><Data Name='CommandLine'>where  /Q repadmin </Data><Data Name='TargetUserSid'>NULL SID</Data><Data Name='TargetUserName'>-</Data><Data Name='TargetDomainName'>-</Data><Data Name='TargetLogonId'>0x0</Data><Data Name='ParentProcessName'>C:\Windows\System32\cmd.exe</Data><Data Name='MandatoryLabel'>Mandatory Label\System Mandatory Level</Data>,4688.0,999419929,,,,,,,,,,,0x8020000000000000,0,,,,0x3e7,,Mandatory Label\System Mandatory Level,,,,,'Microsoft-Windows-Security-Auditing',0x41c8,C:\Windows\System32\where.exe,,,,,,0,C:\Windows\System32\cmd.exe,,,,'4',0x3cb8,,where  /Q repadmin,,999419929,,,,,,,MMM,0x3e7,ppppPWBADDC03$,NT AUTHORITY\SYSTEM,,'2026-05-19T07:15:46.6525397Z',<Provider Name='Microsoft-Windows-Security-Auditing' Guid='{54849625-5478-4994-a5ba-3e3b0328c30d}'/><EventID>4688</EventID><Version>2</Version><Level>0</Level><Task>13312</Task><Opcode>0</Opcode><Keywords>0x8020000000000000</Keywords><TimeCreated SystemTime='2026-05-19T07:15:46.6525397Z'/><EventRecordID>999419929</EventRecordID><Correlation/><Execution ProcessID='4' ThreadID='16732'/><Channel>Security</Channel><Computer>ppppPWBADDC03.mmm.hhh.ggg</Computer><Security/>,-,0x0,,,-,NULL SID,,,-,,-,13312,'16732',%%1936,%%1936,1936.0,,,,,2,,,,,2026-05-19T03:15:46.652-0400,allowed,win:unknown,,,,,ppppPWBADDC03.mmm.hhh.ggg,,ppppPWBADDC03.mmm.hhh.ggg,ppppPWBADDC03,999419929,endpoint_services_processes windows_endpoint_processes windows_event_signature windows_process_new wineventlog_security wineventlog_windows winsec,,,ppppPWBADDC03,999419929,occs-sss-windows,1,A new process has been created,C:\Windows\System32\where.exe,0x41c8,where.exe,,,,,,,C:\Windows\System32\cmd.exe,0x3cb8,cmd.exe,C:\Windows\System32\cmd.exe,C:\Windows\System32\where.exe /Q repadmin,/Q repadmin,where,where.exe,0x41c8,where.exe,C:\Windows\System32\where.exe,Windows,<_='://../////'><><_='---'_='{----}'/><></><></><>,,,,,,,,0x3e7,,,A new process has been created,4688,XmlWinEventLog:Security,XmlWinEventLog,bbbbbsplunkes03,,,MMM,,ppppPWBADDC03$,,success,A new process has been created,failure,,,"execute
os
process
report
security
start
track_event_signatures
windows",,,,"execute
os
process
report
security
start
track_event_signatures
windows",,,ppppPWBADDC03$,-,,,,,Microsoft,,Microsoft Windows
,,,,,MMM,,,ppppPWBADDC03$,,,Security,,,,,,where  /Q repadmin,ppppPWBADDC03.mmm.hhh.ggg,,,,-,4688,<Data Name='SubjectUserSid'>NT AUTHORITY\SYSTEM</Data><Data Name='SubjectUserName'>ppppPWBADDC03$</Data><Data Name='SubjectDomainName'>MMM</Data><Data Name='SubjectLogonId'>0x3e7</Data><Data Name='NewProcessId'>0x2a90</Data><Data Name='NewProcessName'>C:\Windows\System32\where.exe</Data><Data Name='TokenElevationType'>%%1936</Data><Data Name='ProcessId'>0x1230</Data><Data Name='CommandLine'>where  /Q repadmin </Data><Data Name='TargetUserSid'>NULL SID</Data><Data Name='TargetUserName'>-</Data><Data Name='TargetDomainName'>-</Data><Data Name='TargetLogonId'>0x0</Data><Data Name='ParentProcessName'>C:\Windows\System32\cmd.exe</Data><Data Name='MandatoryLabel'>Mandatory Label\System Mandatory Level</Data>,4688.0,999416923,,,,,,,,,,,0x8020000000000000,0,,,,0x3e7,,Mandatory Label\System Mandatory Level,,,,,'Microsoft-Windows-Security-Auditing',0x2a90,C:\Windows\System32\where.exe,,,,,,0,C:\Windows\System32\cmd.exe,,,,'4',0x1230,,where  /Q repadmin,,999416923,,,,,,,MMM,0x3e7,ppppPWBADDC03$,NT AUTHORITY\SYSTEM,,'2026-05-19T07:10:44.2569065Z',<Provider Name='Microsoft-Windows-Security-Auditing' Guid='{54849625-5478-4994-a5ba-3e3b0328c30d}'/><EventID>4688</EventID><Version>2</Version><Level>0</Level><Task>13312</Task><Opcode>0</Opcode><Keywords>0x8020000000000000</Keywords><TimeCreated SystemTime='2026-05-19T07:10:44.2569065Z'/><EventRecordID>999416923</EventRecordID><Correlation/><Execution ProcessID='4' ThreadID='12728'/><Channel>Security</Channel><Computer>ppppPWBADDC03.mmm.hhh.ggg</Computer><Security/>,-,0x0,,,-,NULL SID,,,-,,-,13312,'12728',%%1936,%%1936,1936.0,,,,,2,,,,,2026-05-19T03:10:44.256-0400,allowed,win:unknown,,,,,ppppPWBADDC03.mmm.hhh.ggg,,ppppPWBADDC03.mmm.hhh.ggg,ppppPWBADDC03,999416923,endpoint_services_processes windows_endpoint_processes windows_event_signature windows_process_new wineventlog_security wineventlog_windows winsec,,,ppppPWBADDC03,999416923,occs-sss-windows,1,A new process has been created,C:\Windows\System32\where.exe,0x2a90,where.exe,,,,,,,C:\Windows\System32\cmd.exe,0x1230,cmd.exe,C:\Windows\System32\cmd.exe,C:\Windows\System32\where.exe /Q repadmin,/Q repadmin,where,where.exe,0x2a90,where.exe,C:\Windows\System32\where.exe,Windows,<_='://../////'><><_='---'_='{----}'/><></><></><>,,,,,,,,0x3e7,,,A new process has been created,4688,XmlWinEventLog:Security,XmlWinEventLog,bbbbbsplunkes01,,,MMM,,ppppPWBADDC03$,,success,A new process has been created,failure,,,"execute
os
process
report
security
start
track_event_signatures
windows",,,,"execute
os
process
report
security
start
track_event_signatures
windows",,,ppppPWBADDC03$,-,,,,,Microsoft,,Microsoft Windows
,,,,,MMM,,,ppppPWBADDC03$,,,Security,,,,,,where  /Q repadmin,ppppPWBADDC03.mmm.hhh.ggg,,,,-,4688,<Data Name='SubjectUserSid'>NT AUTHORITY\SYSTEM</Data><Data Name='SubjectUserName'>ppppPWBADDC03$</Data><Data Name='SubjectDomainName'>MMM</Data><Data Name='SubjectLogonId'>0x3e7</Data><Data Name='NewProcessId'>0x37b8</Data><Data Name='NewProcessName'>C:\Windows\System32\where.exe</Data><Data Name='TokenElevationType'>%%1936</Data><Data Name='ProcessId'>0x118c</Data><Data Name='CommandLine'>where  /Q repadmin </Data><Data Name='TargetUserSid'>NULL SID</Data><Data Name='TargetUserName'>-</Data><Data Name='TargetDomainName'>-</Data><Data Name='TargetLogonId'>0x0</Data><Data Name='ParentProcessName'>C:\Windows\System32\cmd.exe</Data><Data Name='MandatoryLabel'>Mandatory Label\System Mandatory Level</Data>,4688.0,999414015,,,,,,,,,,,0x8020000000000000,0,,,,0x3e7,,Mandatory Label\System Mandatory Level,,,,,'Microsoft-Windows-Security-Auditing',0x37b8,C:\Windows\System32\where.exe,,,,,,0,C:\Windows\System32\cmd.exe,,,,'4',0x118c,,where  /Q repadmin,,999414015,,,,,,,MMM,0x3e7,ppppPWBADDC03$,NT AUTHORITY\SYSTEM,,'2026-05-19T07:05:41.0875427Z',<Provider Name='Microsoft-Windows-Security-Auditing' Guid='{54849625-5478-4994-a5ba-3e3b0328c30d}'/><EventID>4688</EventID><Version>2</Version><Level>0</Level><Task>13312</Task><Opcode>0</Opcode><Keywords>0x8020000000000000</Keywords><TimeCreated SystemTime='2026-05-19T07:05:41.0875427Z'/><EventRecordID>999414015</EventRecordID><Correlation/><Execution ProcessID='4' ThreadID='17336'/><Channel>Security</Channel><Computer>ppppPWBADDC03.mmm.hhh.ggg</Computer><Security/>,-,0x0,,,-,NULL SID,,,-,,-,13312,'17336',%%1936,%%1936,1936.0,,,,,2,,,,,2026-05-19T03:05:41.087-0400,allowed,win:unknown,,,,,ppppPWBADDC03.mmm.hhh.ggg,,ppppPWBADDC03.mmm.hhh.ggg,ppppPWBADDC03,999414015,endpoint_services_processes windows_endpoint_processes windows_event_signature windows_process_new wineventlog_security wineventlog_windows winsec,,,ppppPWBADDC03,999414015,occs-sss-windows,1,A new process has been created,C:\Windows\System32\where.exe,0x37b8,where.exe,,,,,,,C:\Windows\System32\cmd.exe,0x118c,cmd.exe,C:\Windows\System32\cmd.exe,C:\Windows\System32\where.exe /Q repadmin,/Q repadmin,where,where.exe,0x37b8,where.exe,C:\Windows\System32\where.exe,Windows,<_='://../////'><><_='---'_='{----}'/><></><></><>,,,,,,,,0x3e7,,,A new process has been created,4688,XmlWinEventLog:Security,XmlWinEventLog,bbbbbsplunkes03,,,MMM,,ppppPWBADDC03$,,success,A new process has been created,failure,,,"execute
os
process
report
security
start
track_event_signatures
windows",,,,"execute
os
process
report
security
start
track_event_signatures
windows",,,ppppPWBADDC03$,-,,,,,Microsoft,,Microsoft Windows
,,,,,MMM,,,ppppPWBADDC03$,,,Security,,,,,,where  /Q repadmin,ppppPWBADDC03.mmm.hhh.ggg,,,,-,4688,<Data Name='SubjectUserSid'>NT AUTHORITY\SYSTEM</Data><Data Name='SubjectUserName'>ppppPWBADDC03$</Data><Data Name='SubjectDomainName'>MMM</Data><Data Name='SubjectLogonId'>0x3e7</Data><Data Name='NewProcessId'>0x3a18</Data><Data Name='NewProcessName'>C:\Windows\System32\where.exe</Data><Data Name='TokenElevationType'>%%1936</Data><Data Name='ProcessId'>0x413c</Data><Data Name='CommandLine'>where  /Q repadmin </Data><Data Name='TargetUserSid'>NULL SID</Data><Data Name='TargetUserName'>-</Data><Data Name='TargetDomainName'>-</Data><Data Name='TargetLogonId'>0x0</Data><Data Name='ParentProcessName'>C:\Windows\System32\cmd.exe</Data><Data Name='MandatoryLabel'>Mandatory Label\System Mandatory Level</Data>,4688.0,999410299,,,,,,,,,,,0x8020000000000000,0,,,,0x3e7,,Mandatory Label\System Mandatory Level,,,,,'Microsoft-Windows-Security-Auditing',0x3a18,C:\Windows\System32\where.exe,,,,,,0,C:\Windows\System32\cmd.exe,,,,'4',0x413c,,where  /Q repadmin,,999410299,,,,,,,MMM,0x3e7,ppppPWBADDC03$,NT AUTHORITY\SYSTEM,,'2026-05-19T07:00:38.7648222Z',<Provider Name='Microsoft-Windows-Security-Auditing' Guid='{54849625-5478-4994-a5ba-3e3b0328c30d}'/><EventID>4688</EventID><Version>2</Version><Level>0</Level><Task>13312</Task><Opcode>0</Opcode><Keywords>0x8020000000000000</Keywords><TimeCreated SystemTime='2026-05-19T07:00:38.7648222Z'/><EventRecordID>999410299</EventRecordID><Correlation/><Execution ProcessID='4' ThreadID='9184'/><Channel>Security</Channel><Computer>ppppPWBADDC03.mmm.hhh.ggg</Computer><Security/>,-,0x0,,,-,NULL SID,,,-,,-,13312,'9184',%%1936,%%1936,1936.0,,,,,2,,,,,2026-05-19T03:00:38.764-0400,allowed,win:unknown,,,,,ppppPWBADDC03.mmm.hhh.ggg,,ppppPWBADDC03.mmm.hhh.ggg,ppppPWBADDC03,999410299,endpoint_services_processes windows_endpoint_processes windows_event_signature windows_process_new wineventlog_security wineventlog_windows winsec,,,ppppPWBADDC03,999410299,occs-sss-windows,1,A new process has been created,C:\Windows\System32\where.exe,0x3a18,where.exe,,,,,,,C:\Windows\System32\cmd.exe,0x413c,cmd.exe,C:\Windows\System32\cmd.exe,C:\Windows\System32\where.exe /Q repadmin,/Q repadmin,where,where.exe,0x3a18,where.exe,C:\Windows\System32\where.exe,Windows,<_='://../////'><><_='---'_='{----}'/><></><></><>,,,,,,,,0x3e7,,,A new process has been created,4688,XmlWinEventLog:Security,XmlWinEventLog,bbbbbsplunkes01,,,MMM,,ppppPWBADDC03$,,success,A new process has been created,failure,,,"execute
os
process
report
security
start
track_event_signatures
windows",,,,"execute
os
process
report
security
start
track_event_signatures
windows",,,ppppPWBADDC03$,-,,,,,Microsoft,,Microsoft Windows
,,,,,MMM,,,ppppPWBADDC03$,,,Security,,,,,,where  /Q repadmin,ppppPWBADDC03.mmm.hhh.ggg,,,,-,4688,<Data Name='SubjectUserSid'>NT AUTHORITY\SYSTEM</Data><Data Name='SubjectUserName'>ppppPWBADDC03$</Data><Data Name='SubjectDomainName'>MMM</Data><Data Name='SubjectLogonId'>0x3e7</Data><Data Name='NewProcessId'>0x2ae4</Data><Data Name='NewProcessName'>C:\Windows\System32\where.exe</Data><Data Name='TokenElevationType'>%%1936</Data><Data Name='ProcessId'>0x1118</Data><Data Name='CommandLine'>where  /Q repadmin </Data><Data Name='TargetUserSid'>NULL SID</Data><Data Name='TargetUserName'>-</Data><Data Name='TargetDomainName'>-</Data><Data Name='TargetLogonId'>0x0</Data><Data Name='ParentProcessName'>C:\Windows\System32\cmd.exe</Data><Data Name='MandatoryLabel'>Mandatory Label\System Mandatory Level</Data>,4688.0,999406543,,,,,,,,,,,0x8020000000000000,0,,,,0x3e7,,Mandatory Label\System Mandatory Level,,,,,'Microsoft-Windows-Security-Auditing',0x2ae4,C:\Windows\System32\where.exe,,,,,,0,C:\Windows\System32\cmd.exe,,,,'4',0x1118,,where  /Q repadmin,,999406543,,,,,,,MMM,0x3e7,ppppPWBADDC03$,NT AUTHORITY\SYSTEM,,'2026-05-19T06:55:36.4447804Z',<Provider Name='Microsoft-Windows-Security-Auditing' Guid='{54849625-5478-4994-a5ba-3e3b0328c30d}'/><EventID>4688</EventID><Version>2</Version><Level>0</Level><Task>13312</Task><Opcode>0</Opcode><Keywords>0x8020000000000000</Keywords><TimeCreated SystemTime='2026-05-19T06:55:36.4447804Z'/><EventRecordID>999406543</EventRecordID><Correlation/><Execution ProcessID='4' ThreadID='10104'/><Channel>Security</Channel><Computer>ppppPWBADDC03.mmm.hhh.ggg</Computer><Security/>,-,0x0,,,-,NULL SID,,,-,,-,13312,'10104',%%1936,%%1936,1936.0,,,,,2,,,,,2026-05-19T02:55:36.444-0400,allowed,win:unknown,,,,,ppppPWBADDC03.mmm.hhh.ggg,,ppppPWBADDC03.mmm.hhh.ggg,ppppPWBADDC03,999406543,endpoint_services_processes windows_endpoint_processes windows_event_signature windows_process_new wineventlog_security wineventlog_windows winsec,,,ppppPWBADDC03,999406543,occs-sss-windows,1,A new process has been created,C:\Windows\System32\where.exe,0x2ae4,where.exe,,,,,,,C:\Windows\System32\cmd.exe,0x1118,cmd.exe,C:\Windows\System32\cmd.exe,C:\Windows\System32\where.exe /Q repadmin,/Q repadmin,where,where.exe,0x2ae4,where.exe,C:\Windows\System32\where.exe,Windows,<_='://../////'><><_='---'_='{----}'/><></><></><>,,,,,,,,0x3e7,,,A new process has been created,4688,XmlWinEventLog:Security,XmlWinEventLog,bbbbbsplunkes01,,,MMM,,ppppPWBADDC03$,,success,A new process has been created,failure,,,"execute
os
process
report
security
start
track_event_signatures
windows",,,,"execute
os
process
report
security
start
track_event_signatures
windows",,,ppppPWBADDC03$,-,,,,,Microsoft,,Microsoft Windows
,,,,,MMM,,,ppppPWBADDC03$,,,Security,,,,,,where  /Q repadmin,ppppPWBADDC03.mmm.hhh.ggg,,,,-,4688,<Data Name='SubjectUserSid'>NT AUTHORITY\SYSTEM</Data><Data Name='SubjectUserName'>ppppPWBADDC03$</Data><Data Name='SubjectDomainName'>MMM</Data><Data Name='SubjectLogonId'>0x3e7</Data><Data Name='NewProcessId'>0x3290</Data><Data Name='NewProcessName'>C:\Windows\System32\where.exe</Data><Data Name='TokenElevationType'>%%1936</Data><Data Name='ProcessId'>0x3bf8</Data><Data Name='CommandLine'>where  /Q repadmin </Data><Data Name='TargetUserSid'>NULL SID</Data><Data Name='TargetUserName'>-</Data><Data Name='TargetDomainName'>-</Data><Data Name='TargetLogonId'>0x0</Data><Data Name='ParentProcessName'>C:\Windows\System32\cmd.exe</Data><Data Name='MandatoryLabel'>Mandatory Label\System Mandatory Level</Data>,4688.0,999403198,,,,,,,,,,,0x8020000000000000,0,,,,0x3e7,,Mandatory Label\System Mandatory Level,,,,,'Microsoft-Windows-Security-Auditing',0x3290,C:\Windows\System32\where.exe,,,,,,0,C:\Windows\System32\cmd.exe,,,,'4',0x3bf8,,where  /Q repadmin,,999403198,,,,,,,MMM,0x3e7,ppppPWBADDC03$,NT AUTHORITY\SYSTEM,,'2026-05-19T06:50:34.1192719Z',<Provider Name='Microsoft-Windows-Security-Auditing' Guid='{54849625-5478-4994-a5ba-3e3b0328c30d}'/><EventID>4688</EventID><Version>2</Version><Level>0</Level><Task>13312</Task><Opcode>0</Opcode><Keywords>0x8020000000000000</Keywords><TimeCreated SystemTime='2026-05-19T06:50:34.1192719Z'/><EventRecordID>999403198</EventRecordID><Correlation/><Execution ProcessID='4' ThreadID='4188'/><Channel>Security</Channel><Computer>ppppPWBADDC03.mmm.hhh.ggg</Computer><Security/>,-,0x0,,,-,NULL SID,,,-,,-,13312,'4188',%%1936,%%1936,1936.0,,,,,2,,,,,2026-05-19T02:50:34.119-0400,allowed,win:unknown,,,,,ppppPWBADDC03.mmm.hhh.ggg,,ppppPWBADDC03.mmm.hhh.ggg,ppppPWBADDC03,999403198,endpoint_services_processes windows_endpoint_processes windows_event_signature windows_process_new wineventlog_security wineventlog_windows winsec,,,ppppPWBADDC03,999403198,occs-sss-windows,1,A new process has been created,C:\Windows\System32\where.exe,0x3290,where.exe,,,,,,,C:\Windows\System32\cmd.exe,0x3bf8,cmd.exe,C:\Windows\System32\cmd.exe,C:\Windows\System32\where.exe /Q repadmin,/Q repadmin,where,where.exe,0x3290,where.exe,C:\Windows\System32\where.exe,Windows,<_='://../////'><><_='---'_='{----}'/><></><></><>,,,,,,,,0x3e7,,,A new process has been created,4688,XmlWinEventLog:Security,XmlWinEventLog,bbbbbsplunkes01,,,MMM,,ppppPWBADDC03$,,success,A new process has been created,failure,,,"execute
os
process
report
security
start
track_event_signatures
windows",,,,"execute
os
process
report
security
start
track_event_signatures
windows",,,ppppPWBADDC03$,-,,,,,Microsoft,,Microsoft Windows
,,,,,MMM,,,ppppPWBADDC03$,,,Security,,,,,,where  /Q repadmin,ppppPWBADDC03.mmm.hhh.ggg,,,,-,4688,<Data Name='SubjectUserSid'>NT AUTHORITY\SYSTEM</Data><Data Name='SubjectUserName'>ppppPWBADDC03$</Data><Data Name='SubjectDomainName'>MMM</Data><Data Name='SubjectLogonId'>0x3e7</Data><Data Name='NewProcessId'>0x3d9c</Data><Data Name='NewProcessName'>C:\Windows\System32\where.exe</Data><Data Name='TokenElevationType'>%%1936</Data><Data Name='ProcessId'>0x3fc0</Data><Data Name='CommandLine'>where  /Q repadmin </Data><Data Name='TargetUserSid'>NULL SID</Data><Data Name='TargetUserName'>-</Data><Data Name='TargetDomainName'>-</Data><Data Name='TargetLogonId'>0x0</Data><Data Name='ParentProcessName'>C:\Windows\System32\cmd.exe</Data><Data Name='MandatoryLabel'>Mandatory Label\System Mandatory Level</Data>,4688.0,999399801,,,,,,,,,,,0x8020000000000000,0,,,,0x3e7,,Mandatory Label\System Mandatory Level,,,,,'Microsoft-Windows-Security-Auditing',0x3d9c,C:\Windows\System32\where.exe,,,,,,0,C:\Windows\System32\cmd.exe,,,,'4',0x3fc0,,where  /Q repadmin,,999399801,,,,,,,MMM,0x3e7,ppppPWBADDC03$,NT AUTHORITY\SYSTEM,,'2026-05-19T06:45:30.9165355Z',<Provider Name='Microsoft-Windows-Security-Auditing' Guid='{54849625-5478-4994-a5ba-3e3b0328c30d}'/><EventID>4688</EventID><Version>2</Version><Level>0</Level><Task>13312</Task><Opcode>0</Opcode><Keywords>0x8020000000000000</Keywords><TimeCreated SystemTime='2026-05-19T06:45:30.9165355Z'/><EventRecordID>999399801</EventRecordID><Correlation/><Execution ProcessID='4' ThreadID='10104'/><Channel>Security</Channel><Computer>ppppPWBADDC03.mmm.hhh.ggg</Computer><Security/>,-,0x0,,,-,NULL SID,,,-,,-,13312,'10104',%%1936,%%1936,1936.0,,,,,2,,,,,2026-05-19T02:45:30.916-0400,allowed,win:unknown,,,,,ppppPWBADDC03.mmm.hhh.ggg,,ppppPWBADDC03.mmm.hhh.ggg,ppppPWBADDC03,999399801,endpoint_services_processes windows_endpoint_processes windows_event_signature windows_process_new wineventlog_security wineventlog_windows winsec,,,ppppPWBADDC03,999399801,occs-sss-windows,1,A new process has been created,C:\Windows\System32\where.exe,0x3d9c,where.exe,,,,,,,C:\Windows\System32\cmd.exe,0x3fc0,cmd.exe,C:\Windows\System32\cmd.exe,C:\Windows\System32\where.exe /Q repadmin,/Q repadmin,where,where.exe,0x3d9c,where.exe,C:\Windows\System32\where.exe,Windows,<_='://../////'><><_='---'_='{----}'/><></><></><>,,,,,,,,0x3e7,,,A new process has been created,4688,XmlWinEventLog:Security,XmlWinEventLog,bbbbbsplunkes03,,,MMM,,ppppPWBADDC03$,,success,A new process has been created,failure,,,"execute
os
process
report
security
start
track_event_signatures
windows",,,,"execute
os
process
report
security
start
track_event_signatures
windows",,,ppppPWBADDC03$,-,,,,,Microsoft,,Microsoft Windows
,,,,,MMM,,,ppppPWBADDC03$,,,Security,,,,,,where  /Q repadmin,ppppPWBADDC03.mmm.hhh.ggg,,,,-,4688,<Data Name='SubjectUserSid'>NT AUTHORITY\SYSTEM</Data><Data Name='SubjectUserName'>ppppPWBADDC03$</Data><Data Name='SubjectDomainName'>MMM</Data><Data Name='SubjectLogonId'>0x3e7</Data><Data Name='NewProcessId'>0x3640</Data><Data Name='NewProcessName'>C:\Windows\System32\where.exe</Data><Data Name='TokenElevationType'>%%1936</Data><Data Name='ProcessId'>0x2ff8</Data><Data Name='CommandLine'>where  /Q repadmin </Data><Data Name='TargetUserSid'>NULL SID</Data><Data Name='TargetUserName'>-</Data><Data Name='TargetDomainName'>-</Data><Data Name='TargetLogonId'>0x0</Data><Data Name='ParentProcessName'>C:\Windows\System32\cmd.exe</Data><Data Name='MandatoryLabel'>Mandatory Label\System Mandatory Level</Data>,4688.0,999395626,,,,,,,,,,,0x8020000000000000,0,,,,0x3e7,,Mandatory Label\System Mandatory Level,,,,,'Microsoft-Windows-Security-Auditing',0x3640,C:\Windows\System32\where.exe,,,,,,0,C:\Windows\System32\cmd.exe,,,,'4',0x2ff8,,where  /Q repadmin,,999395626,,,,,,,MMM,0x3e7,ppppPWBADDC03$,NT AUTHORITY\SYSTEM,,'2026-05-19T06:40:28.7802590Z',<Provider Name='Microsoft-Windows-Security-Auditing' Guid='{54849625-5478-4994-a5ba-3e3b0328c30d}'/><EventID>4688</EventID><Version>2</Version><Level>0</Level><Task>13312</Task><Opcode>0</Opcode><Keywords>0x8020000000000000</Keywords><TimeCreated SystemTime='2026-05-19T06:40:28.7802590Z'/><EventRecordID>999395626</EventRecordID><Correlation/><Execution ProcessID='4' ThreadID='1032'/><Channel>Security</Channel><Computer>ppppPWBADDC03.mmm.hhh.ggg</Computer><Security/>,-,0x0,,,-,NULL SID,,,-,,-,13312,'1032',%%1936,%%1936,1936.0,,,,,2,,,,,2026-05-19T02:40:28.780-0400,allowed,win:unknown,,,,,ppppPWBADDC03.mmm.hhh.ggg,,ppppPWBADDC03.mmm.hhh.ggg,ppppPWBADDC03,999395626,endpoint_services_processes windows_endpoint_processes windows_event_signature windows_process_new wineventlog_security wineventlog_windows winsec,,,ppppPWBADDC03,999395626,occs-sss-windows,1,A new process has been created,C:\Windows\System32\where.exe,0x3640,where.exe,,,,,,,C:\Windows\System32\cmd.exe,0x2ff8,cmd.exe,C:\Windows\System32\cmd.exe,C:\Windows\System32\where.exe /Q repadmin,/Q repadmin,where,where.exe,0x3640,where.exe,C:\Windows\System32\where.exe,Windows,<_='://../////'><><_='---'_='{----}'/><></><></><>,,,,,,,,0x3e7,,,A new process has been created,4688,XmlWinEventLog:Security,XmlWinEventLog,bbbbbsplunkes03,,,MMM,,ppppPWBADDC03$,,success,A new process has been created,failure,,,"execute
os
process
report
security
start
track_event_signatures
windows",,,,"execute
os
process
report
security
start
track_event_signatures
windows",,,ppppPWBADDC03$,-,,,,,Microsoft,,Microsoft Windows
,,,,,MMM,,,ppppPWBADDC03$,,,Security,,,,,,where  /Q repadmin,ppppPWBADDC03.mmm.hhh.ggg,,,,-,4688,<Data Name='SubjectUserSid'>NT AUTHORITY\SYSTEM</Data><Data Name='SubjectUserName'>ppppPWBADDC03$</Data><Data Name='SubjectDomainName'>MMM</Data><Data Name='SubjectLogonId'>0x3e7</Data><Data Name='NewProcessId'>0x3cac</Data><Data Name='NewProcessName'>C:\Windows\System32\where.exe</Data><Data Name='TokenElevationType'>%%1936</Data><Data Name='ProcessId'>0x3c18</Data><Data Name='CommandLine'>where  /Q repadmin </Data><Data Name='TargetUserSid'>NULL SID</Data><Data Name='TargetUserName'>-</Data><Data Name='TargetDomainName'>-</Data><Data Name='TargetLogonId'>0x0</Data><Data Name='ParentProcessName'>C:\Windows\System32\cmd.exe</Data><Data Name='MandatoryLabel'>Mandatory Label\System Mandatory Level</Data>,4688.0,999392482,,,,,,,,,,,0x8020000000000000,0,,,,0x3e7,,Mandatory Label\System Mandatory Level,,,,,'Microsoft-Windows-Security-Auditing',0x3cac,C:\Windows\System32\where.exe,,,,,,0,C:\Windows\System32\cmd.exe,,,,'4',0x3c18,,where  /Q repadmin,,999392482,,,,,,,MMM,0x3e7,ppppPWBADDC03$,NT AUTHORITY\SYSTEM,,'2026-05-19T06:35:26.4007118Z',<Provider Name='Microsoft-Windows-Security-Auditing' Guid='{54849625-5478-4994-a5ba-3e3b0328c30d}'/><EventID>4688</EventID><Version>2</Version><Level>0</Level><Task>13312</Task><Opcode>0</Opcode><Keywords>0x8020000000000000</Keywords><TimeCreated SystemTime='2026-05-19T06:35:26.4007118Z'/><EventRecordID>999392482</EventRecordID><Correlation/><Execution ProcessID='4' ThreadID='964'/><Channel>Security</Channel><Computer>ppppPWBADDC03.mmm.hhh.ggg</Computer><Security/>,-,0x0,,,-,NULL SID,,,-,,-,13312,'964',%%1936,%%1936,1936.0,,,,,2,,,,,2026-05-19T02:35:26.400-0400,allowed,win:unknown,,,,,ppppPWBADDC03.mmm.hhh.ggg,,ppppPWBADDC03.mmm.hhh.ggg,ppppPWBADDC03,999392482,endpoint_services_processes windows_endpoint_processes windows_event_signature windows_process_new wineventlog_security wineventlog_windows winsec,,,ppppPWBADDC03,999392482,occs-sss-windows,1,A new process has been created,C:\Windows\System32\where.exe,0x3cac,where.exe,,,,,,,C:\Windows\System32\cmd.exe,0x3c18,cmd.exe,C:\Windows\System32\cmd.exe,C:\Windows\System32\where.exe /Q repadmin,/Q repadmin,where,where.exe,0x3cac,where.exe,C:\Windows\System32\where.exe,Windows,<_='://../////'><><_='---'_='{----}'/><></><></><>,,,,,,,,0x3e7,,,A new process has been created,4688,XmlWinEventLog:Security,XmlWinEventLog,bbbbbsplunkes03,,,MMM,,ppppPWBADDC03$,,success,A new process has been created,failure,,,"execute
os
process
report
security
start
track_event_signatures
windows",,,,"execute
os
process
report
security
start
track_event_signatures
windows",,,ppppPWBADDC03$,-,,,,,Microsoft,,Microsoft Windows
,,,,,MMM,,,ppppPWBADDC03$,,,Security,,,,,,where  /Q repadmin,ppppPWBADDC03.mmm.hhh.ggg,,,,-,4688,<Data Name='SubjectUserSid'>NT AUTHORITY\SYSTEM</Data><Data Name='SubjectUserName'>ppppPWBADDC03$</Data><Data Name='SubjectDomainName'>MMM</Data><Data Name='SubjectLogonId'>0x3e7</Data><Data Name='NewProcessId'>0x379c</Data><Data Name='NewProcessName'>C:\Windows\System32\where.exe</Data><Data Name='TokenElevationType'>%%1936</Data><Data Name='ProcessId'>0x12cc</Data><Data Name='CommandLine'>where  /Q repadmin </Data><Data Name='TargetUserSid'>NULL SID</Data><Data Name='TargetUserName'>-</Data><Data Name='TargetDomainName'>-</Data><Data Name='TargetLogonId'>0x0</Data><Data Name='ParentProcessName'>C:\Windows\System32\cmd.exe</Data><Data Name='MandatoryLabel'>Mandatory Label\System Mandatory Level</Data>,4688.0,999388784,,,,,,,,,,,0x8020000000000000,0,,,,0x3e7,,Mandatory Label\System Mandatory Level,,,,,'Microsoft-Windows-Security-Auditing',0x379c,C:\Windows\System32\where.exe,,,,,,0,C:\Windows\System32\cmd.exe,,,,'4',0x12cc,,where  /Q repadmin,,999388784,,,,,,,MMM,0x3e7,ppppPWBADDC03$,NT AUTHORITY\SYSTEM,,'2026-05-19T06:30:23.7389019Z',<Provider Name='Microsoft-Windows-Security-Auditing' Guid='{54849625-5478-4994-a5ba-3e3b0328c30d}'/><EventID>4688</EventID><Version>2</Version><Level>0</Level><Task>13312</Task><Opcode>0</Opcode><Keywords>0x8020000000000000</Keywords><TimeCreated SystemTime='2026-05-19T06:30:23.7389019Z'/><EventRecordID>999388784</EventRecordID><Correlation/><Execution ProcessID='4' ThreadID='10088'/><Channel>Security</Channel><Computer>ppppPWBADDC03.mmm.hhh.ggg</Computer><Security/>,-,0x0,,,-,NULL SID,,,-,,-,13312,'10088',%%1936,%%1936,1936.0,,,,,2,,,,,2026-05-19T02:30:23.738-0400,allowed,win:unknown,,,,,ppppPWBADDC03.mmm.hhh.ggg,,ppppPWBADDC03.mmm.hhh.ggg,ppppPWBADDC03,999388784,endpoint_services_processes windows_endpoint_processes windows_event_signature windows_process_new wineventlog_security wineventlog_windows winsec,,,ppppPWBADDC03,999388784,occs-sss-windows,1,A new process has been created,C:\Windows\System32\where.exe,0x379c,where.exe,,,,,,,C:\Windows\System32\cmd.exe,0x12cc,cmd.exe,C:\Windows\System32\cmd.exe,C:\Windows\System32\where.exe /Q repadmin,/Q repadmin,where,where.exe,0x379c,where.exe,C:\Windows\System32\where.exe,Windows,<_='://../////'><><_='---'_='{----}'/><></><></><>,,,,,,,,0x3e7,,,A new process has been created,4688,XmlWinEventLog:Security,XmlWinEventLog,bbbbbsplunkes01,,,MMM,,ppppPWBADDC03$,,success,A new process has been created,failure,,,"execute
os
process
report
security
start
track_event_signatures
windows",,,,"execute
os
process
report
security
start
track_event_signatures
windows",,,ppppPWBADDC03$,-,,,,,Microsoft,,Microsoft Windows
,,,,,MMM,,,ppppPWBADDC03$,,,Security,,,,,,where  /Q repadmin,ppppPWBADDC03.mmm.hhh.ggg,,,,-,4688,<Data Name='SubjectUserSid'>NT AUTHORITY\SYSTEM</Data><Data Name='SubjectUserName'>ppppPWBADDC03$</Data><Data Name='SubjectDomainName'>MMM</Data><Data Name='SubjectLogonId'>0x3e7</Data><Data Name='NewProcessId'>0x1224</Data><Data Name='NewProcessName'>C:\Windows\System32\where.exe</Data><Data Name='TokenElevationType'>%%1936</Data><Data Name='ProcessId'>0x36fc</Data><Data Name='CommandLine'>where  /Q repadmin </Data><Data Name='TargetUserSid'>NULL SID</Data><Data Name='TargetUserName'>-</Data><Data Name='TargetDomainName'>-</Data><Data Name='TargetLogonId'>0x0</Data><Data Name='ParentProcessName'>C:\Windows\System32\cmd.exe</Data><Data Name='MandatoryLabel'>Mandatory Label\System Mandatory Level</Data>,4688.0,999385268,,,,,,,,,,,0x8020000000000000,0,,,,0x3e7,,Mandatory Label\System Mandatory Level,,,,,'Microsoft-Windows-Security-Auditing',0x1224,C:\Windows\System32\where.exe,,,,,,0,C:\Windows\System32\cmd.exe,,,,'4',0x36fc,,where  /Q repadmin,,999385268,,,,,,,MMM,0x3e7,ppppPWBADDC03$,NT AUTHORITY\SYSTEM,,'2026-05-19T06:25:20.1426303Z',<Provider Name='Microsoft-Windows-Security-Auditing' Guid='{54849625-5478-4994-a5ba-3e3b0328c30d}'/><EventID>4688</EventID><Version>2</Version><Level>0</Level><Task>13312</Task><Opcode>0</Opcode><Keywords>0x8020000000000000</Keywords><TimeCreated SystemTime='2026-05-19T06:25:20.1426303Z'/><EventRecordID>999385268</EventRecordID><Correlation/><Execution ProcessID='4' ThreadID='2608'/><Channel>Security</Channel><Computer>ppppPWBADDC03.mmm.hhh.ggg</Computer><Security/>,-,0x0,,,-,NULL SID,,,-,,-,13312,'2608',%%1936,%%1936,1936.0,,,,,2,,,,,2026-05-19T02:25:20.142-0400,allowed,win:unknown,,,,,ppppPWBADDC03.mmm.hhh.ggg,,ppppPWBADDC03.mmm.hhh.ggg,ppppPWBADDC03,999385268,endpoint_services_processes windows_endpoint_processes windows_event_signature windows_process_new wineventlog_security wineventlog_windows winsec,,,ppppPWBADDC03,999385268,occs-sss-windows,1,A new process has been created,C:\Windows\System32\where.exe,0x1224,where.exe,,,,,,,C:\Windows\System32\cmd.exe,0x36fc,cmd.exe,C:\Windows\System32\cmd.exe,C:\Windows\System32\where.exe /Q repadmin,/Q repadmin,where,where.exe,0x1224,where.exe,C:\Windows\System32\where.exe,Windows,<_='://../////'><><_='---'_='{----}'/><></><></><>,,,,,,,,0x3e7,,,A new process has been created,4688,XmlWinEventLog:Security,XmlWinEventLog,bbbbbsplunkes03,,,MMM,,ppppPWBADDC03$,,success,A new process has been created,failure,,,"execute
os
process
report
security
start
track_event_signatures
windows",,,,"execute
os
process
report
security
start
track_event_signatures
windows",,,ppppPWBADDC03$,-,,,,,Microsoft,,Microsoft Windows
,,,,,MMM,,,ppppPWBADDC03$,,,Security,,,,,,where  /Q repadmin,ppppPWBADDC03.mmm.hhh.ggg,,,,-,4688,<Data Name='SubjectUserSid'>NT AUTHORITY\SYSTEM</Data><Data Name='SubjectUserName'>ppppPWBADDC03$</Data><Data Name='SubjectDomainName'>MMM</Data><Data Name='SubjectLogonId'>0x3e7</Data><Data Name='NewProcessId'>0x1144</Data><Data Name='NewProcessName'>C:\Windows\System32\where.exe</Data><Data Name='TokenElevationType'>%%1936</Data><Data Name='ProcessId'>0x3ab8</Data><Data Name='CommandLine'>where  /Q repadmin </Data><Data Name='TargetUserSid'>NULL SID</Data><Data Name='TargetUserName'>-</Data><Data Name='TargetDomainName'>-</Data><Data Name='TargetLogonId'>0x0</Data><Data Name='ParentProcessName'>C:\Windows\System32\cmd.exe</Data><Data Name='MandatoryLabel'>Mandatory Label\System Mandatory Level</Data>,4688.0,999381747,,,,,,,,,,,0x8020000000000000,0,,,,0x3e7,,Mandatory Label\System Mandatory Level,,,,,'Microsoft-Windows-Security-Auditing',0x1144,C:\Windows\System32\where.exe,,,,,,0,C:\Windows\System32\cmd.exe,,,,'4',0x3ab8,,where  /Q repadmin,,999381747,,,,,,,MMM,0x3e7,ppppPWBADDC03$,NT AUTHORITY\SYSTEM,,'2026-05-19T06:20:17.8661175Z',<Provider Name='Microsoft-Windows-Security-Auditing' Guid='{54849625-5478-4994-a5ba-3e3b0328c30d}'/><EventID>4688</EventID><Version>2</Version><Level>0</Level><Task>13312</Task><Opcode>0</Opcode><Keywords>0x8020000000000000</Keywords><TimeCreated SystemTime='2026-05-19T06:20:17.8661175Z'/><EventRecordID>999381747</EventRecordID><Correlation/><Execution ProcessID='4' ThreadID='964'/><Channel>Security</Channel><Computer>ppppPWBADDC03.mmm.hhh.ggg</Computer><Security/>,-,0x0,,,-,NULL SID,,,-,,-,13312,'964',%%1936,%%1936,1936.0,,,,,2,,,,,2026-05-19T02:20:17.866-0400,allowed,win:unknown,,,,,ppppPWBADDC03.mmm.hhh.ggg,,ppppPWBADDC03.mmm.hhh.ggg,ppppPWBADDC03,999381747,endpoint_services_processes windows_endpoint_processes windows_event_signature windows_process_new wineventlog_security wineventlog_windows winsec,,,ppppPWBADDC03,999381747,occs-sss-windows,1,A new process has been created,C:\Windows\System32\where.exe,0x1144,where.exe,,,,,,,C:\Windows\System32\cmd.exe,0x3ab8,cmd.exe,C:\Windows\System32\cmd.exe,C:\Windows\System32\where.exe /Q repadmin,/Q repadmin,where,where.exe,0x1144,where.exe,C:\Windows\System32\where.exe,Windows,<_='://../////'><><_='---'_='{----}'/><></><></><>,,,,,,,,0x3e7,,,A new process has been created,4688,XmlWinEventLog:Security,XmlWinEventLog,bbbbbsplunkes01,,,MMM,,ppppPWBADDC03$,,success,A new process has been created,failure,,,"execute
os
process
report
security
start
track_event_signatures
windows",,,,"execute
os
process
report
security
start
track_event_signatures
windows",,,ppppPWBADDC03$,-,,,,,Microsoft,,Microsoft Windows
,,,,,MMM,,,ppppPWBADDC03$,,,Security,,,,,,where  /Q repadmin,ppppPWBADDC03.mmm.hhh.ggg,,,,-,4688,<Data Name='SubjectUserSid'>NT AUTHORITY\SYSTEM</Data><Data Name='SubjectUserName'>ppppPWBADDC03$</Data><Data Name='SubjectDomainName'>MMM</Data><Data Name='SubjectLogonId'>0x3e7</Data><Data Name='NewProcessId'>0x141c</Data><Data Name='NewProcessName'>C:\Windows\System32\where.exe</Data><Data Name='TokenElevationType'>%%1936</Data><Data Name='ProcessId'>0x39c0</Data><Data Name='CommandLine'>where  /Q repadmin </Data><Data Name='TargetUserSid'>NULL SID</Data><Data Name='TargetUserName'>-</Data><Data Name='TargetDomainName'>-</Data><Data Name='TargetLogonId'>0x0</Data><Data Name='ParentProcessName'>C:\Windows\System32\cmd.exe</Data><Data Name='MandatoryLabel'>Mandatory Label\System Mandatory Level</Data>,4688.0,999378748,,,,,,,,,,,0x8020000000000000,0,,,,0x3e7,,Mandatory Label\System Mandatory Level,,,,,'Microsoft-Windows-Security-Auditing',0x141c,C:\Windows\System32\where.exe,,,,,,0,C:\Windows\System32\cmd.exe,,,,'4',0x39c0,,where  /Q repadmin,,999378748,,,,,,,MMM,0x3e7,ppppPWBADDC03$,NT AUTHORITY\SYSTEM,,'2026-05-19T06:15:15.2379106Z',<Provider Name='Microsoft-Windows-Security-Auditing' Guid='{54849625-5478-4994-a5ba-3e3b0328c30d}'/><EventID>4688</EventID><Version>2</Version><Level>0</Level><Task>13312</Task><Opcode>0</Opcode><Keywords>0x8020000000000000</Keywords><TimeCreated SystemTime='2026-05-19T06:15:15.2379106Z'/><EventRecordID>999378748</EventRecordID><Correlation/><Execution ProcessID='4' ThreadID='764'/><Channel>Security</Channel><Computer>ppppPWBADDC03.mmm.hhh.ggg</Computer><Security/>,-,0x0,,,-,NULL SID,,,-,,-,13312,'764',%%1936,%%1936,1936.0,,,,,2,,,,,2026-05-19T02:15:15.237-0400,allowed,win:unknown,,,,,ppppPWBADDC03.mmm.hhh.ggg,,ppppPWBADDC03.mmm.hhh.ggg,ppppPWBADDC03,999378748,endpoint_services_processes windows_endpoint_processes windows_event_signature windows_process_new wineventlog_security wineventlog_windows winsec,,,ppppPWBADDC03,999378748,occs-sss-windows,1,A new process has been created,C:\Windows\System32\where.exe,0x141c,where.exe,,,,,,,C:\Windows\System32\cmd.exe,0x39c0,cmd.exe,C:\Windows\System32\cmd.exe,C:\Windows\System32\where.exe /Q repadmin,/Q repadmin,where,where.exe,0x141c,where.exe,C:\Windows\System32\where.exe,Windows,<_='://../////'><><_='---'_='{----}'/><></><></><>,,,,,,,,0x3e7,,,A new process has been created,4688,XmlWinEventLog:Security,XmlWinEventLog,bbbbbsplunkes01,,,MMM,,ppppPWBADDC03$,,success,A new process has been created,failure,,,"execute
os
process
report
security
start
track_event_signatures
windows",,,,"execute
os
process
report
security
start
track_event_signatures
windows",,,ppppPWBADDC03$,-,,,,,Microsoft,,Microsoft Windows
,,,,,MMM,,,ppppPWBADDC03$,,,Security,,,,,,where  /Q repadmin,ppppPWBADDC03.mmm.hhh.ggg,,,,-,4688,<Data Name='SubjectUserSid'>NT AUTHORITY\SYSTEM</Data><Data Name='SubjectUserName'>ppppPWBADDC03$</Data><Data Name='SubjectDomainName'>MMM</Data><Data Name='SubjectLogonId'>0x3e7</Data><Data Name='NewProcessId'>0x2fb0</Data><Data Name='NewProcessName'>C:\Windows\System32\where.exe</Data><Data Name='TokenElevationType'>%%1936</Data><Data Name='ProcessId'>0x10f4</Data><Data Name='CommandLine'>where  /Q repadmin </Data><Data Name='TargetUserSid'>NULL SID</Data><Data Name='TargetUserName'>-</Data><Data Name='TargetDomainName'>-</Data><Data Name='TargetLogonId'>0x0</Data><Data Name='ParentProcessName'>C:\Windows\System32\cmd.exe</Data><Data Name='MandatoryLabel'>Mandatory Label\System Mandatory Level</Data>,4688.0,999375728,,,,,,,,,,,0x8020000000000000,0,,,,0x3e7,,Mandatory Label\System Mandatory Level,,,,,'Microsoft-Windows-Security-Auditing',0x2fb0,C:\Windows\System32\where.exe,,,,,,0,C:\Windows\System32\cmd.exe,,,,'4',0x10f4,,where  /Q repadmin,,999375728,,,,,,,MMM,0x3e7,ppppPWBADDC03$,NT AUTHORITY\SYSTEM,,'2026-05-19T06:10:12.4798991Z',<Provider Name='Microsoft-Windows-Security-Auditing' Guid='{54849625-5478-4994-a5ba-3e3b0328c30d}'/><EventID>4688</EventID><Version>2</Version><Level>0</Level><Task>13312</Task><Opcode>0</Opcode><Keywords>0x8020000000000000</Keywords><TimeCreated SystemTime='2026-05-19T06:10:12.4798991Z'/><EventRecordID>999375728</EventRecordID><Correlation/><Execution ProcessID='4' ThreadID='1004'/><Channel>Security</Channel><Computer>ppppPWBADDC03.mmm.hhh.ggg</Computer><Security/>,-,0x0,,,-,NULL SID,,,-,,-,13312,'1004',%%1936,%%1936,1936.0,,,,,2,,,,,2026-05-19T02:10:12.479-0400,allowed,win:unknown,,,,,ppppPWBADDC03.mmm.hhh.ggg,,ppppPWBADDC03.mmm.hhh.ggg,ppppPWBADDC03,999375728,endpoint_services_processes windows_endpoint_processes windows_event_signature windows_process_new wineventlog_security wineventlog_windows winsec,,,ppppPWBADDC03,999375728,occs-sss-windows,1,A new process has been created,C:\Windows\System32\where.exe,0x2fb0,where.exe,,,,,,,C:\Windows\System32\cmd.exe,0x10f4,cmd.exe,C:\Windows\System32\cmd.exe,C:\Windows\System32\where.exe /Q repadmin,/Q repadmin,where,where.exe,0x2fb0,where.exe,C:\Windows\System32\where.exe,Windows,<_='://../////'><><_='---'_='{----}'/><></><></><>,,,,,,,,0x3e7,,,A new process has been created,4688,XmlWinEventLog:Security,XmlWinEventLog,bbbbbsplunkes01,,,MMM,,ppppPWBADDC03$,,success,A new process has been created,failure,,,"execute
os
process
report
security
start
track_event_signatures
windows",,,,"execute
os
process
report
security
start
track_event_signatures
windows",,,ppppPWBADDC03$,-,,,,,Microsoft,,Microsoft Windows
,,,,,MMM,,,ppppPWBADDC03$,,,Security,,,,,,where  /Q repadmin,ppppPWBADDC03.mmm.hhh.ggg,,,,-,4688,<Data Name='SubjectUserSid'>NT AUTHORITY\SYSTEM</Data><Data Name='SubjectUserName'>ppppPWBADDC03$</Data><Data Name='SubjectDomainName'>MMM</Data><Data Name='SubjectLogonId'>0x3e7</Data><Data Name='NewProcessId'>0x2c8c</Data><Data Name='NewProcessName'>C:\Windows\System32\where.exe</Data><Data Name='TokenElevationType'>%%1936</Data><Data Name='ProcessId'>0x297c</Data><Data Name='CommandLine'>where  /Q repadmin </Data><Data Name='TargetUserSid'>NULL SID</Data><Data Name='TargetUserName'>-</Data><Data Name='TargetDomainName'>-</Data><Data Name='TargetLogonId'>0x0</Data><Data Name='ParentProcessName'>C:\Windows\System32\cmd.exe</Data><Data Name='MandatoryLabel'>Mandatory Label\System Mandatory Level</Data>,4688.0,999372798,,,,,,,,,,,0x8020000000000000,0,,,,0x3e7,,Mandatory Label\System Mandatory Level,,,,,'Microsoft-Windows-Security-Auditing',0x2c8c,C:\Windows\System32\where.exe,,,,,,0,C:\Windows\System32\cmd.exe,,,,'4',0x297c,,where  /Q repadmin,,999372798,,,,,,,MMM,0x3e7,ppppPWBADDC03$,NT AUTHORITY\SYSTEM,,'2026-05-19T06:05:08.9308464Z',<Provider Name='Microsoft-Windows-Security-Auditing' Guid='{54849625-5478-4994-a5ba-3e3b0328c30d}'/><EventID>4688</EventID><Version>2</Version><Level>0</Level><Task>13312</Task><Opcode>0</Opcode><Keywords>0x8020000000000000</Keywords><TimeCreated SystemTime='2026-05-19T06:05:08.9308464Z'/><EventRecordID>999372798</EventRecordID><Correlation/><Execution ProcessID='4' ThreadID='4188'/><Channel>Security</Channel><Computer>ppppPWBADDC03.mmm.hhh.ggg</Computer><Security/>,-,0x0,,,-,NULL SID,,,-,,-,13312,'4188',%%1936,%%1936,1936.0,,,,,2,,,,,2026-05-19T02:05:08.930-0400,allowed,win:unknown,,,,,ppppPWBADDC03.mmm.hhh.ggg,,ppppPWBADDC03.mmm.hhh.ggg,ppppPWBADDC03,999372798,endpoint_services_processes windows_endpoint_processes windows_event_signature windows_process_new wineventlog_security wineventlog_windows winsec,,,ppppPWBADDC03,999372798,occs-sss-windows,1,A new process has been created,C:\Windows\System32\where.exe,0x2c8c,where.exe,,,,,,,C:\Windows\System32\cmd.exe,0x297c,cmd.exe,C:\Windows\System32\cmd.exe,C:\Windows\System32\where.exe /Q repadmin,/Q repadmin,where,where.exe,0x2c8c,where.exe,C:\Windows\System32\where.exe,Windows,<_='://../////'><><_='---'_='{----}'/><></><></><>,,,,,,,,0x3e7,,,A new process has been created,4688,XmlWinEventLog:Security,XmlWinEventLog,bbbbbsplunkes03,,,MMM,,ppppPWBADDC03$,,success,A new process has been created,failure,,,"execute
os
process
report
security
start
track_event_signatures
windows",,,,"execute
os
process
report
security
start
track_event_signatures
windows",,,ppppPWBADDC03$,-,,,,,Microsoft,,Microsoft Windows
,,,,,MMM,,,ppppPWBADDC03$,,,Security,,,,,,where  /Q repadmin,ppppPWBADDC03.mmm.hhh.ggg,,,,-,4688,<Data Name='SubjectUserSid'>NT AUTHORITY\SYSTEM</Data><Data Name='SubjectUserName'>ppppPWBADDC03$</Data><Data Name='SubjectDomainName'>MMM</Data><Data Name='SubjectLogonId'>0x3e7</Data><Data Name='NewProcessId'>0x3710</Data><Data Name='NewProcessName'>C:\Windows\System32\where.exe</Data><Data Name='TokenElevationType'>%%1936</Data><Data Name='ProcessId'>0x2750</Data><Data Name='CommandLine'>where  /Q repadmin </Data><Data Name='TargetUserSid'>NULL SID</Data><Data Name='TargetUserName'>-</Data><Data Name='TargetDomainName'>-</Data><Data Name='TargetLogonId'>0x0</Data><Data Name='ParentProcessName'>C:\Windows\System32\cmd.exe</Data><Data Name='MandatoryLabel'>Mandatory Label\System Mandatory Level</Data>,4688.0,999369313,,,,,,,,,,,0x8020000000000000,0,,,,0x3e7,,Mandatory Label\System Mandatory Level,,,,,'Microsoft-Windows-Security-Auditing',0x3710,C:\Windows\System32\where.exe,,,,,,0,C:\Windows\System32\cmd.exe,,,,'4',0x2750,,where  /Q repadmin,,999369313,,,,,,,MMM,0x3e7,ppppPWBADDC03$,NT AUTHORITY\SYSTEM,,'2026-05-19T06:00:06.2567724Z',<Provider Name='Microsoft-Windows-Security-Auditing' Guid='{54849625-5478-4994-a5ba-3e3b0328c30d}'/><EventID>4688</EventID><Version>2</Version><Level>0</Level><Task>13312</Task><Opcode>0</Opcode><Keywords>0x8020000000000000</Keywords><TimeCreated SystemTime='2026-05-19T06:00:06.2567724Z'/><EventRecordID>999369313</EventRecordID><Correlation/><Execution ProcessID='4' ThreadID='14720'/><Channel>Security</Channel><Computer>ppppPWBADDC03.mmm.hhh.ggg</Computer><Security/>,-,0x0,,,-,NULL SID,,,-,,-,13312,'14720',%%1936,%%1936,1936.0,,,,,2,,,,,2026-05-19T02:00:06.256-0400,allowed,win:unknown,,,,,ppppPWBADDC03.mmm.hhh.ggg,,ppppPWBADDC03.mmm.hhh.ggg,ppppPWBADDC03,999369313,endpoint_services_processes windows_endpoint_processes windows_event_signature windows_process_new wineventlog_security wineventlog_windows winsec,,,ppppPWBADDC03,999369313,occs-sss-windows,1,A new process has been created,C:\Windows\System32\where.exe,0x3710,where.exe,,,,,,,C:\Windows\System32\cmd.exe,0x2750,cmd.exe,C:\Windows\System32\cmd.exe,C:\Windows\System32\where.exe /Q repadmin,/Q repadmin,where,where.exe,0x3710,where.exe,C:\Windows\System32\where.exe,Windows,<_='://../////'><><_='---'_='{----}'/><></><></><>,,,,,,,,0x3e7,,,A new process has been created,4688,XmlWinEventLog:Security,XmlWinEventLog,bbbbbsplunkes02,,,MMM,,ppppPWBADDC03$,,success,A new process has been created,failure,,,"execute
os
process
report
security
start
track_event_signatures
windows",,,,"execute
os
process
report
security
start
track_event_signatures
windows",,,ppppPWBADDC03$,-,,,,,Microsoft,,Microsoft Windows
,,,,,MMM,,,ppppPWBADDC03$,,,Security,,,,,,where  /Q repadmin,ppppPWBADDC03.mmm.hhh.ggg,,,,-,4688,<Data Name='SubjectUserSid'>NT AUTHORITY\SYSTEM</Data><Data Name='SubjectUserName'>ppppPWBADDC03$</Data><Data Name='SubjectDomainName'>MMM</Data><Data Name='SubjectLogonId'>0x3e7</Data><Data Name='NewProcessId'>0x3a2c</Data><Data Name='NewProcessName'>C:\Windows\System32\where.exe</Data><Data Name='TokenElevationType'>%%1936</Data><Data Name='ProcessId'>0x3be4</Data><Data Name='CommandLine'>where  /Q repadmin </Data><Data Name='TargetUserSid'>NULL SID</Data><Data Name='TargetUserName'>-</Data><Data Name='TargetDomainName'>-</Data><Data Name='TargetLogonId'>0x0</Data><Data Name='ParentProcessName'>C:\Windows\System32\cmd.exe</Data><Data Name='MandatoryLabel'>Mandatory Label\System Mandatory Level</Data>,4688.0,999365916,,,,,,,,,,,0x8020000000000000,0,,,,0x3e7,,Mandatory Label\System Mandatory Level,,,,,'Microsoft-Windows-Security-Auditing',0x3a2c,C:\Windows\System32\where.exe,,,,,,0,C:\Windows\System32\cmd.exe,,,,'4',0x3be4,,where  /Q repadmin,,999365916,,,,,,,MMM,0x3e7,ppppPWBADDC03$,NT AUTHORITY\SYSTEM,,'2026-05-19T05:55:03.4964172Z',<Provider Name='Microsoft-Windows-Security-Auditing' Guid='{54849625-5478-4994-a5ba-3e3b0328c30d}'/><EventID>4688</EventID><Version>2</Version><Level>0</Level><Task>13312</Task><Opcode>0</Opcode><Keywords>0x8020000000000000</Keywords><TimeCreated SystemTime='2026-05-19T05:55:03.4964172Z'/><EventRecordID>999365916</EventRecordID><Correlation/><Execution ProcessID='4' ThreadID='1072'/><Channel>Security</Channel><Computer>ppppPWBADDC03.mmm.hhh.ggg</Computer><Security/>,-,0x0,,,-,NULL SID,,,-,,-,13312,'1072',%%1936,%%1936,1936.0,,,,,2,,,,,2026-05-19T01:55:03.496-0400,allowed,win:unknown,,,,,ppppPWBADDC03.mmm.hhh.ggg,,ppppPWBADDC03.mmm.hhh.ggg,ppppPWBADDC03,999365916,endpoint_services_processes windows_endpoint_processes windows_event_signature windows_process_new wineventlog_security wineventlog_windows winsec,,,ppppPWBADDC03,999365916,occs-sss-windows,1,A new process has been created,C:\Windows\System32\where.exe,0x3a2c,where.exe,,,,,,,C:\Windows\System32\cmd.exe,0x3be4,cmd.exe,C:\Windows\System32\cmd.exe,C:\Windows\System32\where.exe /Q repadmin,/Q repadmin,where,where.exe,0x3a2c,where.exe,C:\Windows\System32\where.exe,Windows,<_='://../////'><><_='---'_='{----}'/><></><></><>,,,,,,,,0x3e7,,,A new process has been created,4688,XmlWinEventLog:Security,XmlWinEventLog,bbbbbsplunkes03,,,MMM,,ppppPWBADDC03$,,success,A new process has been created,failure,,,"execute
os
process
report
security
start
track_event_signatures
windows",,,,"execute
os
process
report
security
start
track_event_signatures
windows",,,ppppPWBADDC03$,-,,,,,Microsoft,,Microsoft Windows
,,,,,MMM,,,ppppPWBADDC03$,,,Security,,,,,,where  /Q repadmin,ppppPWBADDC03.mmm.hhh.ggg,,,,-,4688,<Data Name='SubjectUserSid'>NT AUTHORITY\SYSTEM</Data><Data Name='SubjectUserName'>ppppPWBADDC03$</Data><Data Name='SubjectDomainName'>MMM</Data><Data Name='SubjectLogonId'>0x3e7</Data><Data Name='NewProcessId'>0x1aac</Data><Data Name='NewProcessName'>C:\Windows\System32\where.exe</Data><Data Name='TokenElevationType'>%%1936</Data><Data Name='ProcessId'>0x1fc0</Data><Data Name='CommandLine'>where  /Q repadmin </Data><Data Name='TargetUserSid'>NULL SID</Data><Data Name='TargetUserName'>-</Data><Data Name='TargetDomainName'>-</Data><Data Name='TargetLogonId'>0x0</Data><Data Name='ParentProcessName'>C:\Windows\System32\cmd.exe</Data><Data Name='MandatoryLabel'>Mandatory Label\System Mandatory Level</Data>,4688.0,999362391,,,,,,,,,,,0x8020000000000000,0,,,,0x3e7,,Mandatory Label\System Mandatory Level,,,,,'Microsoft-Windows-Security-Auditing',0x1aac,C:\Windows\System32\where.exe,,,,,,0,C:\Windows\System32\cmd.exe,,,,'4',0x1fc0,,where  /Q repadmin,,999362391,,,,,,,MMM,0x3e7,ppppPWBADDC03$,NT AUTHORITY\SYSTEM,,'2026-05-19T05:50:00.7701685Z',<Provider Name='Microsoft-Windows-Security-Auditing' Guid='{54849625-5478-4994-a5ba-3e3b0328c30d}'/><EventID>4688</EventID><Version>2</Version><Level>0</Level><Task>13312</Task><Opcode>0</Opcode><Keywords>0x8020000000000000</Keywords><TimeCreated SystemTime='2026-05-19T05:50:00.7701685Z'/><EventRecordID>999362391</EventRecordID><Correlation/><Execution ProcessID='4' ThreadID='4836'/><Channel>Security</Channel><Computer>ppppPWBADDC03.mmm.hhh.ggg</Computer><Security/>,-,0x0,,,-,NULL SID,,,-,,-,13312,'4836',%%1936,%%1936,1936.0,,,,,2,,,,,2026-05-19T01:50:00.770-0400,allowed,win:unknown,,,,,ppppPWBADDC03.mmm.hhh.ggg,,ppppPWBADDC03.mmm.hhh.ggg,ppppPWBADDC03,999362391,endpoint_services_processes windows_endpoint_processes windows_event_signature windows_process_new wineventlog_security wineventlog_windows winsec,,,ppppPWBADDC03,999362391,occs-sss-windows,1,A new process has been created,C:\Windows\System32\where.exe,0x1aac,where.exe,,,,,,,C:\Windows\System32\cmd.exe,0x1fc0,cmd.exe,C:\Windows\System32\cmd.exe,C:\Windows\System32\where.exe /Q repadmin,/Q repadmin,where,where.exe,0x1aac,where.exe,C:\Windows\System32\where.exe,Windows,<_='://../////'><><_='---'_='{----}'/><></><></><>,,,,,,,,0x3e7,,,A new process has been created,4688,XmlWinEventLog:Security,XmlWinEventLog,bbbbbsplunkes01,,,MMM,,ppppPWBADDC03$,,success,A new process has been created,failure,,,"execute
os
process
report
security
start
track_event_signatures
windows",,,,"execute
os
process
report
security
start
track_event_signatures
windows",,,ppppPWBADDC03$,-,,,,,Microsoft,,Microsoft Windows
,,,,,MMM,,,ppppPWBADDC03$,,,Security,,,,,,where  /Q repadmin,ppppPWBADDC03.mmm.hhh.ggg,,,,-,4688,<Data Name='SubjectUserSid'>NT AUTHORITY\SYSTEM</Data><Data Name='SubjectUserName'>ppppPWBADDC03$</Data><Data Name='SubjectDomainName'>MMM</Data><Data Name='SubjectLogonId'>0x3e7</Data><Data Name='NewProcessId'>0x36d0</Data><Data Name='NewProcessName'>C:\Windows\System32\where.exe</Data><Data Name='TokenElevationType'>%%1936</Data><Data Name='ProcessId'>0x3b64</Data><Data Name='CommandLine'>where  /Q repadmin </Data><Data Name='TargetUserSid'>NULL SID</Data><Data Name='TargetUserName'>-</Data><Data Name='TargetDomainName'>-</Data><Data Name='TargetLogonId'>0x0</Data><Data Name='ParentProcessName'>C:\Windows\System32\cmd.exe</Data><Data Name='MandatoryLabel'>Mandatory Label\System Mandatory Level</Data>,4688.0,999359284,,,,,,,,,,,0x8020000000000000,0,,,,0x3e7,,Mandatory Label\System Mandatory Level,,,,,'Microsoft-Windows-Security-Auditing',0x36d0,C:\Windows\System32\where.exe,,,,,,0,C:\Windows\System32\cmd.exe,,,,'4',0x3b64,,where  /Q repadmin,,999359284,,,,,,,MMM,0x3e7,ppppPWBADDC03$,NT AUTHORITY\SYSTEM,,'2026-05-19T05:44:57.1796138Z',<Provider Name='Microsoft-Windows-Security-Auditing' Guid='{54849625-5478-4994-a5ba-3e3b0328c30d}'/><EventID>4688</EventID><Version>2</Version><Level>0</Level><Task>13312</Task><Opcode>0</Opcode><Keywords>0x8020000000000000</Keywords><TimeCreated SystemTime='2026-05-19T05:44:57.1796138Z'/><EventRecordID>999359284</EventRecordID><Correlation/><Execution ProcessID='4' ThreadID='2608'/><Channel>Security</Channel><Computer>ppppPWBADDC03.mmm.hhh.ggg</Computer><Security/>,-,0x0,,,-,NULL SID,,,-,,-,13312,'2608',%%1936,%%1936,1936.0,,,,,2,,,,,2026-05-19T01:44:57.179-0400,allowed,win:unknown,,,,,ppppPWBADDC03.mmm.hhh.ggg,,ppppPWBADDC03.mmm.hhh.ggg,ppppPWBADDC03,999359284,endpoint_services_processes windows_endpoint_processes windows_event_signature windows_process_new wineventlog_security wineventlog_windows winsec,,,ppppPWBADDC03,999359284,occs-sss-windows,1,A new process has been created,C:\Windows\System32\where.exe,0x36d0,where.exe,,,,,,,C:\Windows\System32\cmd.exe,0x3b64,cmd.exe,C:\Windows\System32\cmd.exe,C:\Windows\System32\where.exe /Q repadmin,/Q repadmin,where,where.exe,0x36d0,where.exe,C:\Windows\System32\where.exe,Windows,<_='://../////'><><_='---'_='{----}'/><></><></><>,,,,,,,,0x3e7,,,A new process has been created,4688,XmlWinEventLog:Security,XmlWinEventLog,bbbbbsplunkes02,,,MMM,,ppppPWBADDC03$,,success,A new process has been created,failure,,,"execute
os
process
report
security
start
track_event_signatures
windows",,,,"execute
os
process
report
security
start
track_event_signatures
windows",,,ppppPWBADDC03$,-,,,,,Microsoft,,Microsoft Windows
,,,,,MMM,,,ppppPWBADDC03$,,,Security,,,,,,where  /Q repadmin,ppppPWBADDC03.mmm.hhh.ggg,,,,-,4688,<Data Name='SubjectUserSid'>NT AUTHORITY\SYSTEM</Data><Data Name='SubjectUserName'>ppppPWBADDC03$</Data><Data Name='SubjectDomainName'>MMM</Data><Data Name='SubjectLogonId'>0x3e7</Data><Data Name='NewProcessId'>0x6ec</Data><Data Name='NewProcessName'>C:\Windows\System32\where.exe</Data><Data Name='TokenElevationType'>%%1936</Data><Data Name='ProcessId'>0x20f4</Data><Data Name='CommandLine'>where  /Q repadmin </Data><Data Name='TargetUserSid'>NULL SID</Data><Data Name='TargetUserName'>-</Data><Data Name='TargetDomainName'>-</Data><Data Name='TargetLogonId'>0x0</Data><Data Name='ParentProcessName'>C:\Windows\System32\cmd.exe</Data><Data Name='MandatoryLabel'>Mandatory Label\System Mandatory Level</Data>,4688.0,999355341,,,,,,,,,,,0x8020000000000000,0,,,,0x3e7,,Mandatory Label\System Mandatory Level,,,,,'Microsoft-Windows-Security-Auditing',0x6ec,C:\Windows\System32\where.exe,,,,,,0,C:\Windows\System32\cmd.exe,,,,'4',0x20f4,,where  /Q repadmin,,999355341,,,,,,,MMM,0x3e7,ppppPWBADDC03$,NT AUTHORITY\SYSTEM,,'2026-05-19T05:39:54.4996905Z',<Provider Name='Microsoft-Windows-Security-Auditing' Guid='{54849625-5478-4994-a5ba-3e3b0328c30d}'/><EventID>4688</EventID><Version>2</Version><Level>0</Level><Task>13312</Task><Opcode>0</Opcode><Keywords>0x8020000000000000</Keywords><TimeCreated SystemTime='2026-05-19T05:39:54.4996905Z'/><EventRecordID>999355341</EventRecordID><Correlation/><Execution ProcessID='4' ThreadID='760'/><Channel>Security</Channel><Computer>ppppPWBADDC03.mmm.hhh.ggg</Computer><Security/>,-,0x0,,,-,NULL SID,,,-,,-,13312,'760',%%1936,%%1936,1936.0,,,,,2,,,,,2026-05-19T01:39:54.499-0400,allowed,win:unknown,,,,,ppppPWBADDC03.mmm.hhh.ggg,,ppppPWBADDC03.mmm.hhh.ggg,ppppPWBADDC03,999355341,endpoint_services_processes windows_endpoint_processes windows_event_signature windows_process_new wineventlog_security wineventlog_windows winsec,,,ppppPWBADDC03,999355341,occs-sss-windows,1,A new process has been created,C:\Windows\System32\where.exe,0x6ec,where.exe,,,,,,,C:\Windows\System32\cmd.exe,0x20f4,cmd.exe,C:\Windows\System32\cmd.exe,C:\Windows\System32\where.exe /Q repadmin,/Q repadmin,where,where.exe,0x6ec,where.exe,C:\Windows\System32\where.exe,Windows,<_='://../////'><><_='---'_='{----}'/><></><></><>,,,,,,,,0x3e7,,,A new process has been created,4688,XmlWinEventLog:Security,XmlWinEventLog,bbbbbsplunkes01,,,MMM,,ppppPWBADDC03$,,success,A new process has been created,failure,,,"execute
os
process
report
security
start
track_event_signatures
windows",,,,"execute
os
process
report
security
start
track_event_signatures
windows",,,ppppPWBADDC03$,-,,,,,Microsoft,,Microsoft Windows
,,,,,MMM,,,ppppPWBADDC03$,,,Security,,,,,,where  /Q repadmin,ppppPWBADDC03.mmm.hhh.ggg,,,,-,4688,<Data Name='SubjectUserSid'>NT AUTHORITY\SYSTEM</Data><Data Name='SubjectUserName'>ppppPWBADDC03$</Data><Data Name='SubjectDomainName'>MMM</Data><Data Name='SubjectLogonId'>0x3e7</Data><Data Name='NewProcessId'>0x1e60</Data><Data Name='NewProcessName'>C:\Windows\System32\where.exe</Data><Data Name='TokenElevationType'>%%1936</Data><Data Name='ProcessId'>0x24b4</Data><Data Name='CommandLine'>where  /Q repadmin </Data><Data Name='TargetUserSid'>NULL SID</Data><Data Name='TargetUserName'>-</Data><Data Name='TargetDomainName'>-</Data><Data Name='TargetLogonId'>0x0</Data><Data Name='ParentProcessName'>C:\Windows\System32\cmd.exe</Data><Data Name='MandatoryLabel'>Mandatory Label\System Mandatory Level</Data>,4688.0,999352694,,,,,,,,,,,0x8020000000000000,0,,,,0x3e7,,Mandatory Label\System Mandatory Level,,,,,'Microsoft-Windows-Security-Auditing',0x1e60,C:\Windows\System32\where.exe,,,,,,0,C:\Windows\System32\cmd.exe,,,,'4',0x24b4,,where  /Q repadmin,,999352694,,,,,,,MMM,0x3e7,ppppPWBADDC03$,NT AUTHORITY\SYSTEM,,'2026-05-19T05:34:51.8685871Z',<Provider Name='Microsoft-Windows-Security-Auditing' Guid='{54849625-5478-4994-a5ba-3e3b0328c30d}'/><EventID>4688</EventID><Version>2</Version><Level>0</Level><Task>13312</Task><Opcode>0</Opcode><Keywords>0x8020000000000000</Keywords><TimeCreated SystemTime='2026-05-19T05:34:51.8685871Z'/><EventRecordID>999352694</EventRecordID><Correlation/><Execution ProcessID='4' ThreadID='12508'/><Channel>Security</Channel><Computer>ppppPWBADDC03.mmm.hhh.ggg</Computer><Security/>,-,0x0,,,-,NULL SID,,,-,,-,13312,'12508',%%1936,%%1936,1936.0,,,,,2,,,,,2026-05-19T01:34:51.868-0400,allowed,win:unknown,,,,,ppppPWBADDC03.mmm.hhh.ggg,,ppppPWBADDC03.mmm.hhh.ggg,ppppPWBADDC03,999352694,endpoint_services_processes windows_endpoint_processes windows_event_signature windows_process_new wineventlog_security wineventlog_windows winsec,,,ppppPWBADDC03,999352694,occs-sss-windows,1,A new process has been created,C:\Windows\System32\where.exe,0x1e60,where.exe,,,,,,,C:\Windows\System32\cmd.exe,0x24b4,cmd.exe,C:\Windows\System32\cmd.exe,C:\Windows\System32\where.exe /Q repadmin,/Q repadmin,where,where.exe,0x1e60,where.exe,C:\Windows\System32\where.exe,Windows,<_='://../////'><><_='---'_='{----}'/><></><></><>,,,,,,,,0x3e7,,,A new process has been created,4688,XmlWinEventLog:Security,XmlWinEventLog,bbbbbsplunkes01,,,MMM,,ppppPWBADDC03$,,success,A new process has been created,failure,,,"execute
os
process
report
security
start
track_event_signatures
windows",,,,"execute
os
process
report
security
start
track_event_signatures
windows",,,ppppPWBADDC03$,-,,,,,Microsoft,,Microsoft Windows
,,,,,MMM,,,ppppPWBADDC03$,,,Security,,,,,,where  /Q repadmin,ppppPWBADDC03.mmm.hhh.ggg,,,,-,4688,<Data Name='SubjectUserSid'>NT AUTHORITY\SYSTEM</Data><Data Name='SubjectUserName'>ppppPWBADDC03$</Data><Data Name='SubjectDomainName'>MMM</Data><Data Name='SubjectLogonId'>0x3e7</Data><Data Name='NewProcessId'>0x3aec</Data><Data Name='NewProcessName'>C:\Windows\System32\where.exe</Data><Data Name='TokenElevationType'>%%1936</Data><Data Name='ProcessId'>0x2e48</Data><Data Name='CommandLine'>where  /Q repadmin </Data><Data Name='TargetUserSid'>NULL SID</Data><Data Name='TargetUserName'>-</Data><Data Name='TargetDomainName'>-</Data><Data Name='TargetLogonId'>0x0</Data><Data Name='ParentProcessName'>C:\Windows\System32\cmd.exe</Data><Data Name='MandatoryLabel'>Mandatory Label\System Mandatory Level</Data>,4688.0,999350262,,,,,,,,,,,0x8020000000000000,0,,,,0x3e7,,Mandatory Label\System Mandatory Level,,,,,'Microsoft-Windows-Security-Auditing',0x3aec,C:\Windows\System32\where.exe,,,,,,0,C:\Windows\System32\cmd.exe,,,,'4',0x2e48,,where  /Q repadmin,,999350262,,,,,,,MMM,0x3e7,ppppPWBADDC03$,NT AUTHORITY\SYSTEM,,'2026-05-19T05:29:49.2905825Z',<Provider Name='Microsoft-Windows-Security-Auditing' Guid='{54849625-5478-4994-a5ba-3e3b0328c30d}'/><EventID>4688</EventID><Version>2</Version><Level>0</Level><Task>13312</Task><Opcode>0</Opcode><Keywords>0x8020000000000000</Keywords><TimeCreated SystemTime='2026-05-19T05:29:49.2905825Z'/><EventRecordID>999350262</EventRecordID><Correlation/><Execution ProcessID='4' ThreadID='1040'/><Channel>Security</Channel><Computer>ppppPWBADDC03.mmm.hhh.ggg</Computer><Security/>,-,0x0,,,-,NULL SID,,,-,,-,13312,'1040',%%1936,%%1936,1936.0,,,,,2,,,,,2026-05-19T01:29:49.290-0400,allowed,win:unknown,,,,,ppppPWBADDC03.mmm.hhh.ggg,,ppppPWBADDC03.mmm.hhh.ggg,ppppPWBADDC03,999350262,endpoint_services_processes windows_endpoint_processes windows_event_signature windows_process_new wineventlog_security wineventlog_windows winsec,,,ppppPWBADDC03,999350262,occs-sss-windows,1,A new process has been created,C:\Windows\System32\where.exe,0x3aec,where.exe,,,,,,,C:\Windows\System32\cmd.exe,0x2e48,cmd.exe,C:\Windows\System32\cmd.exe,C:\Windows\System32\where.exe /Q repadmin,/Q repadmin,where,where.exe,0x3aec,where.exe,C:\Windows\System32\where.exe,Windows,<_='://../////'><><_='---'_='{----}'/><></><></><>,,,,,,,,0x3e7,,,A new process has been created,4688,XmlWinEventLog:Security,XmlWinEventLog,bbbbbsplunkes02,,,MMM,,ppppPWBADDC03$,,success,A new process has been created,failure,,,"execute
os
process
report
security
start
track_event_signatures
windows",,,,"execute
os
process
report
security
start
track_event_signatures
windows",,,ppppPWBADDC03$,-,,,,,Microsoft,,Microsoft Windows
,,,,,MMM,,,ppppPWBADDC03$,,,Security,,,,,,where  /Q repadmin,ppppPWBADDC03.mmm.hhh.ggg,,,,-,4688,<Data Name='SubjectUserSid'>NT AUTHORITY\SYSTEM</Data><Data Name='SubjectUserName'>ppppPWBADDC03$</Data><Data Name='SubjectDomainName'>MMM</Data><Data Name='SubjectLogonId'>0x3e7</Data><Data Name='NewProcessId'>0x2dac</Data><Data Name='NewProcessName'>C:\Windows\System32\where.exe</Data><Data Name='TokenElevationType'>%%1936</Data><Data Name='ProcessId'>0x2f18</Data><Data Name='CommandLine'>where  /Q repadmin </Data><Data Name='TargetUserSid'>NULL SID</Data><Data Name='TargetUserName'>-</Data><Data Name='TargetDomainName'>-</Data><Data Name='TargetLogonId'>0x0</Data><Data Name='ParentProcessName'>C:\Windows\System32\cmd.exe</Data><Data Name='MandatoryLabel'>Mandatory Label\System Mandatory Level</Data>,4688.0,999347719,,,,,,,,,,,0x8020000000000000,0,,,,0x3e7,,Mandatory Label\System Mandatory Level,,,,,'Microsoft-Windows-Security-Auditing',0x2dac,C:\Windows\System32\where.exe,,,,,,0,C:\Windows\System32\cmd.exe,,,,'4',0x2f18,,where  /Q repadmin,,999347719,,,,,,,MMM,0x3e7,ppppPWBADDC03$,NT AUTHORITY\SYSTEM,,'2026-05-19T05:24:45.8214477Z',<Provider Name='Microsoft-Windows-Security-Auditing' Guid='{54849625-5478-4994-a5ba-3e3b0328c30d}'/><EventID>4688</EventID><Version>2</Version><Level>0</Level><Task>13312</Task><Opcode>0</Opcode><Keywords>0x8020000000000000</Keywords><TimeCreated SystemTime='2026-05-19T05:24:45.8214477Z'/><EventRecordID>999347719</EventRecordID><Correlation/><Execution ProcessID='4' ThreadID='1032'/><Channel>Security</Channel><Computer>ppppPWBADDC03.mmm.hhh.ggg</Computer><Security/>,-,0x0,,,-,NULL SID,,,-,,-,13312,'1032',%%1936,%%1936,1936.0,,,,,2,,,,,2026-05-19T01:24:45.821-0400,allowed,win:unknown,,,,,ppppPWBADDC03.mmm.hhh.ggg,,ppppPWBADDC03.mmm.hhh.ggg,ppppPWBADDC03,999347719,endpoint_services_processes windows_endpoint_processes windows_event_signature windows_process_new wineventlog_security wineventlog_windows winsec,,,ppppPWBADDC03,999347719,occs-sss-windows,1,A new process has been created,C:\Windows\System32\where.exe,0x2dac,where.exe,,,,,,,C:\Windows\System32\cmd.exe,0x2f18,cmd.exe,C:\Windows\System32\cmd.exe,C:\Windows\System32\where.exe /Q repadmin,/Q repadmin,where,where.exe,0x2dac,where.exe,C:\Windows\System32\where.exe,Windows,<_='://../////'><><_='---'_='{----}'/><></><></><>,,,,,,,,0x3e7,,,A new process has been created,4688,XmlWinEventLog:Security,XmlWinEventLog,bbbbbsplunkes01,,,MMM,,ppppPWBADDC03$,,success,A new process has been created,failure,,,"execute
os
process
report
security
start
track_event_signatures
windows",,,,"execute
os
process
report
security
start
track_event_signatures
windows",,,ppppPWBADDC03$,-,,,,,Microsoft,,Microsoft Windows
,,,,,MMM,,,ppppPWBADDC03$,,,Security,,,,,,where  /Q repadmin,ppppPWBADDC03.mmm.hhh.ggg,,,,-,4688,<Data Name='SubjectUserSid'>NT AUTHORITY\SYSTEM</Data><Data Name='SubjectUserName'>ppppPWBADDC03$</Data><Data Name='SubjectDomainName'>MMM</Data><Data Name='SubjectLogonId'>0x3e7</Data><Data Name='NewProcessId'>0x38d0</Data><Data Name='NewProcessName'>C:\Windows\System32\where.exe</Data><Data Name='TokenElevationType'>%%1936</Data><Data Name='ProcessId'>0x2e54</Data><Data Name='CommandLine'>where  /Q repadmin </Data><Data Name='TargetUserSid'>NULL SID</Data><Data Name='TargetUserName'>-</Data><Data Name='TargetDomainName'>-</Data><Data Name='TargetLogonId'>0x0</Data><Data Name='ParentProcessName'>C:\Windows\System32\cmd.exe</Data><Data Name='MandatoryLabel'>Mandatory Label\System Mandatory Level</Data>,4688.0,999344798,,,,,,,,,,,0x8020000000000000,0,,,,0x3e7,,Mandatory Label\System Mandatory Level,,,,,'Microsoft-Windows-Security-Auditing',0x38d0,C:\Windows\System32\where.exe,,,,,,0,C:\Windows\System32\cmd.exe,,,,'4',0x2e54,,where  /Q repadmin,,999344798,,,,,,,MMM,0x3e7,ppppPWBADDC03$,NT AUTHORITY\SYSTEM,,'2026-05-19T05:19:43.1305092Z',<Provider Name='Microsoft-Windows-Security-Auditing' Guid='{54849625-5478-4994-a5ba-3e3b0328c30d}'/><EventID>4688</EventID><Version>2</Version><Level>0</Level><Task>13312</Task><Opcode>0</Opcode><Keywords>0x8020000000000000</Keywords><TimeCreated SystemTime='2026-05-19T05:19:43.1305092Z'/><EventRecordID>999344798</EventRecordID><Correlation/><Execution ProcessID='4' ThreadID='5716'/><Channel>Security</Channel><Computer>ppppPWBADDC03.mmm.hhh.ggg</Computer><Security/>,-,0x0,,,-,NULL SID,,,-,,-,13312,'5716',%%1936,%%1936,1936.0,,,,,2,,,,,2026-05-19T01:19:43.130-0400,allowed,win:unknown,,,,,ppppPWBADDC03.mmm.hhh.ggg,,ppppPWBADDC03.mmm.hhh.ggg,ppppPWBADDC03,999344798,endpoint_services_processes windows_endpoint_processes windows_event_signature windows_process_new wineventlog_security wineventlog_windows winsec,,,ppppPWBADDC03,999344798,occs-sss-windows,1,A new process has been created,C:\Windows\System32\where.exe,0x38d0,where.exe,,,,,,,C:\Windows\System32\cmd.exe,0x2e54,cmd.exe,C:\Windows\System32\cmd.exe,C:\Windows\System32\where.exe /Q repadmin,/Q repadmin,where,where.exe,0x38d0,where.exe,C:\Windows\System32\where.exe,Windows,<_='://../////'><><_='---'_='{----}'/><></><></><>,,,,,,,,0x3e7,,,A new process has been created,4688,XmlWinEventLog:Security,XmlWinEventLog,bbbbbsplunkes03,,,MMM,,ppppPWBADDC03$,,success,A new process has been created,failure,,,"execute
os
process
report
security
start
track_event_signatures
windows",,,,"execute
os
process
report
security
start
track_event_signatures
windows",,,ppppPWBADDC03$,-,,,,,Microsoft,,Microsoft Windows
,,,,,MMM,,,ppppPWBADDC03$,,,Security,,,,,,where  /Q repadmin,ppppPWBADDC03.mmm.hhh.ggg,,,,-,4688,<Data Name='SubjectUserSid'>NT AUTHORITY\SYSTEM</Data><Data Name='SubjectUserName'>ppppPWBADDC03$</Data><Data Name='SubjectDomainName'>MMM</Data><Data Name='SubjectLogonId'>0x3e7</Data><Data Name='NewProcessId'>0x9e0</Data><Data Name='NewProcessName'>C:\Windows\System32\where.exe</Data><Data Name='TokenElevationType'>%%1936</Data><Data Name='ProcessId'>0x134c</Data><Data Name='CommandLine'>where  /Q repadmin </Data><Data Name='TargetUserSid'>NULL SID</Data><Data Name='TargetUserName'>-</Data><Data Name='TargetDomainName'>-</Data><Data Name='TargetLogonId'>0x0</Data><Data Name='ParentProcessName'>C:\Windows\System32\cmd.exe</Data><Data Name='MandatoryLabel'>Mandatory Label\System Mandatory Level</Data>,4688.0,999341796,,,,,,,,,,,0x8020000000000000,0,,,,0x3e7,,Mandatory Label\System Mandatory Level,,,,,'Microsoft-Windows-Security-Auditing',0x9e0,C:\Windows\System32\where.exe,,,,,,0,C:\Windows\System32\cmd.exe,,,,'4',0x134c,,where  /Q repadmin,,999341796,,,,,,,MMM,0x3e7,ppppPWBADDC03$,NT AUTHORITY\SYSTEM,,'2026-05-19T05:14:40.7499577Z',<Provider Name='Microsoft-Windows-Security-Auditing' Guid='{54849625-5478-4994-a5ba-3e3b0328c30d}'/><EventID>4688</EventID><Version>2</Version><Level>0</Level><Task>13312</Task><Opcode>0</Opcode><Keywords>0x8020000000000000</Keywords><TimeCreated SystemTime='2026-05-19T05:14:40.7499577Z'/><EventRecordID>999341796</EventRecordID><Correlation/><Execution ProcessID='4' ThreadID='1032'/><Channel>Security</Channel><Computer>ppppPWBADDC03.mmm.hhh.ggg</Computer><Security/>,-,0x0,,,-,NULL SID,,,-,,-,13312,'1032',%%1936,%%1936,1936.0,,,,,2,,,,,2026-05-19T01:14:40.749-0400,allowed,win:unknown,,,,,ppppPWBADDC03.mmm.hhh.ggg,,ppppPWBADDC03.mmm.hhh.ggg,ppppPWBADDC03,999341796,endpoint_services_processes windows_endpoint_processes windows_event_signature windows_process_new wineventlog_security wineventlog_windows winsec,,,ppppPWBADDC03,999341796,occs-sss-windows,1,A new process has been created,C:\Windows\System32\where.exe,0x9e0,where.exe,,,,,,,C:\Windows\System32\cmd.exe,0x134c,cmd.exe,C:\Windows\System32\cmd.exe,C:\Windows\System32\where.exe /Q repadmin,/Q repadmin,where,where.exe,0x9e0,where.exe,C:\Windows\System32\where.exe,Windows,<_='://../////'><><_='---'_='{----}'/><></><></><>,,,,,,,,0x3e7,,,A new process has been created,4688,XmlWinEventLog:Security,XmlWinEventLog,bbbbbsplunkes01,,,MMM,,ppppPWBADDC03$,,success,A new process has been created,failure,,,"execute
os
process
report
security
start
track_event_signatures
windows",,,,"execute
os
process
report
security
start
track_event_signatures
windows",,,ppppPWBADDC03$,-,,,,,Microsoft,,Microsoft Windows
,,,,,MMM,,,ppppPWBADDC03$,,,Security,,,,,,where  /Q repadmin,ppppPWBADDC03.mmm.hhh.ggg,,,,-,4688,<Data Name='SubjectUserSid'>NT AUTHORITY\SYSTEM</Data><Data Name='SubjectUserName'>ppppPWBADDC03$</Data><Data Name='SubjectDomainName'>MMM</Data><Data Name='SubjectLogonId'>0x3e7</Data><Data Name='NewProcessId'>0x2894</Data><Data Name='NewProcessName'>C:\Windows\System32\where.exe</Data><Data Name='TokenElevationType'>%%1936</Data><Data Name='ProcessId'>0x39c8</Data><Data Name='CommandLine'>where  /Q repadmin </Data><Data Name='TargetUserSid'>NULL SID</Data><Data Name='TargetUserName'>-</Data><Data Name='TargetDomainName'>-</Data><Data Name='TargetLogonId'>0x0</Data><Data Name='ParentProcessName'>C:\Windows\System32\cmd.exe</Data><Data Name='MandatoryLabel'>Mandatory Label\System Mandatory Level</Data>,4688.0,999338215,,,,,,,,,,,0x8020000000000000,0,,,,0x3e7,,Mandatory Label\System Mandatory Level,,,,,'Microsoft-Windows-Security-Auditing',0x2894,C:\Windows\System32\where.exe,,,,,,0,C:\Windows\System32\cmd.exe,,,,'4',0x39c8,,where  /Q repadmin,,999338215,,,,,,,MMM,0x3e7,ppppPWBADDC03$,NT AUTHORITY\SYSTEM,,'2026-05-19T05:09:38.0324236Z',<Provider Name='Microsoft-Windows-Security-Auditing' Guid='{54849625-5478-4994-a5ba-3e3b0328c30d}'/><EventID>4688</EventID><Version>2</Version><Level>0</Level><Task>13312</Task><Opcode>0</Opcode><Keywords>0x8020000000000000</Keywords><TimeCreated SystemTime='2026-05-19T05:09:38.0324236Z'/><EventRecordID>999338215</EventRecordID><Correlation/><Execution ProcessID='4' ThreadID='960'/><Channel>Security</Channel><Computer>ppppPWBADDC03.mmm.hhh.ggg</Computer><Security/>,-,0x0,,,-,NULL SID,,,-,,-,13312,'960',%%1936,%%1936,1936.0,,,,,2,,,,,2026-05-19T01:09:38.032-0400,allowed,win:unknown,,,,,ppppPWBADDC03.mmm.hhh.ggg,,ppppPWBADDC03.mmm.hhh.ggg,ppppPWBADDC03,999338215,endpoint_services_processes windows_endpoint_processes windows_event_signature windows_process_new wineventlog_security wineventlog_windows winsec,,,ppppPWBADDC03,999338215,occs-sss-windows,1,A new process has been created,C:\Windows\System32\where.exe,0x2894,where.exe,,,,,,,C:\Windows\System32\cmd.exe,0x39c8,cmd.exe,C:\Windows\System32\cmd.exe,C:\Windows\System32\where.exe /Q repadmin,/Q repadmin,where,where.exe,0x2894,where.exe,C:\Windows\System32\where.exe,Windows,<_='://../////'><><_='---'_='{----}'/><></><></><>,,,,,,,,0x3e7,,,A new process has been created,4688,XmlWinEventLog:Security,XmlWinEventLog,bbbbbsplunkes03,,,MMM,,ppppPWBADDC03$,,success,A new process has been created,failure,,,"execute
os
process
report
security
start
track_event_signatures
windows",,,,"execute
os
process
report
security
start
track_event_signatures
windows",,,ppppPWBADDC03$,-,,,,,Microsoft,,Microsoft Windows
,,,,,MMM,,,ppppPWBADDC03$,,,Security,,,,,,where  /Q repadmin,ppppPWBADDC03.mmm.hhh.ggg,,,,-,4688,<Data Name='SubjectUserSid'>NT AUTHORITY\SYSTEM</Data><Data Name='SubjectUserName'>ppppPWBADDC03$</Data><Data Name='SubjectDomainName'>MMM</Data><Data Name='SubjectLogonId'>0x3e7</Data><Data Name='NewProcessId'>0x3178</Data><Data Name='NewProcessName'>C:\Windows\System32\where.exe</Data><Data Name='TokenElevationType'>%%1936</Data><Data Name='ProcessId'>0x3140</Data><Data Name='CommandLine'>where  /Q repadmin </Data><Data Name='TargetUserSid'>NULL SID</Data><Data Name='TargetUserName'>-</Data><Data Name='TargetDomainName'>-</Data><Data Name='TargetLogonId'>0x0</Data><Data Name='ParentProcessName'>C:\Windows\System32\cmd.exe</Data><Data Name='MandatoryLabel'>Mandatory Label\System Mandatory Level</Data>,4688.0,999334154,,,,,,,,,,,0x8020000000000000,0,,,,0x3e7,,Mandatory Label\System Mandatory Level,,,,,'Microsoft-Windows-Security-Auditing',0x3178,C:\Windows\System32\where.exe,,,,,,0,C:\Windows\System32\cmd.exe,,,,'4',0x3140,,where  /Q repadmin,,999334154,,,,,,,MMM,0x3e7,ppppPWBADDC03$,NT AUTHORITY\SYSTEM,,'2026-05-19T05:04:34.3601436Z',<Provider Name='Microsoft-Windows-Security-Auditing' Guid='{54849625-5478-4994-a5ba-3e3b0328c30d}'/><EventID>4688</EventID><Version>2</Version><Level>0</Level><Task>13312</Task><Opcode>0</Opcode><Keywords>0x8020000000000000</Keywords><TimeCreated SystemTime='2026-05-19T05:04:34.3601436Z'/><EventRecordID>999334154</EventRecordID><Correlation/><Execution ProcessID='4' ThreadID='964'/><Channel>Security</Channel><Computer>ppppPWBADDC03.mmm.hhh.ggg</Computer><Security/>,-,0x0,,,-,NULL SID,,,-,,-,13312,'964',%%1936,%%1936,1936.0,,,,,2,,,,,2026-05-19T01:04:34.360-0400,allowed,win:unknown,,,,,ppppPWBADDC03.mmm.hhh.ggg,,ppppPWBADDC03.mmm.hhh.ggg,ppppPWBADDC03,999334154,endpoint_services_processes windows_endpoint_processes windows_event_signature windows_process_new wineventlog_security wineventlog_windows winsec,,,ppppPWBADDC03,999334154,occs-sss-windows,1,A new process has been created,C:\Windows\System32\where.exe,0x3178,where.exe,,,,,,,C:\Windows\System32\cmd.exe,0x3140,cmd.exe,C:\Windows\System32\cmd.exe,C:\Windows\System32\where.exe /Q repadmin,/Q repadmin,where,where.exe,0x3178,where.exe,C:\Windows\System32\where.exe,Windows,<_='://../////'><><_='---'_='{----}'/><></><></><>,,,,,,,,0x3e7,,,A new process has been created,4688,XmlWinEventLog:Security,XmlWinEventLog,bbbbbsplunkes02,,,MMM,,ppppPWBADDC03$,,success,A new process has been created,failure,,,"execute
os
process
report
security
start
track_event_signatures
windows",,,,"execute
os
process
report
security
start
track_event_signatures
windows",,,ppppPWBADDC03$,-,,,,,Microsoft,,Microsoft Windows
,,,,,MMM,,,ppppPWBADDC03$,,,Security,,,,,,where  /Q repadmin,ppppPWBADDC03.mmm.hhh.ggg,,,,-,4688,<Data Name='SubjectUserSid'>NT AUTHORITY\SYSTEM</Data><Data Name='SubjectUserName'>ppppPWBADDC03$</Data><Data Name='SubjectDomainName'>MMM</Data><Data Name='SubjectLogonId'>0x3e7</Data><Data Name='NewProcessId'>0x3994</Data><Data Name='NewProcessName'>C:\Windows\System32\where.exe</Data><Data Name='TokenElevationType'>%%1936</Data><Data Name='ProcessId'>0x16f8</Data><Data Name='CommandLine'>where  /Q repadmin </Data><Data Name='TargetUserSid'>NULL SID</Data><Data Name='TargetUserName'>-</Data><Data Name='TargetDomainName'>-</Data><Data Name='TargetLogonId'>0x0</Data><Data Name='ParentProcessName'>C:\Windows\System32\cmd.exe</Data><Data Name='MandatoryLabel'>Mandatory Label\System Mandatory Level</Data>,4688.0,999327403,,,,,,,,,,,0x8020000000000000,0,,,,0x3e7,,Mandatory Label\System Mandatory Level,,,,,'Microsoft-Windows-Security-Auditing',0x3994,C:\Windows\System32\where.exe,,,,,,0,C:\Windows\System32\cmd.exe,,,,'4',0x16f8,,where  /Q repadmin,,999327403,,,,,,,MMM,0x3e7,ppppPWBADDC03$,NT AUTHORITY\SYSTEM,,'2026-05-19T04:59:31.9600306Z',<Provider Name='Microsoft-Windows-Security-Auditing' Guid='{54849625-5478-4994-a5ba-3e3b0328c30d}'/><EventID>4688</EventID><Version>2</Version><Level>0</Level><Task>13312</Task><Opcode>0</Opcode><Keywords>0x8020000000000000</Keywords><TimeCreated SystemTime='2026-05-19T04:59:31.9600306Z'/><EventRecordID>999327403</EventRecordID><Correlation/><Execution ProcessID='4' ThreadID='10088'/><Channel>Security</Channel><Computer>ppppPWBADDC03.mmm.hhh.ggg</Computer><Security/>,-,0x0,,,-,NULL SID,,,-,,-,13312,'10088',%%1936,%%1936,1936.0,,,,,2,,,,,2026-05-19T00:59:31.960-0400,allowed,win:unknown,,,,,ppppPWBADDC03.mmm.hhh.ggg,,ppppPWBADDC03.mmm.hhh.ggg,ppppPWBADDC03,999327403,endpoint_services_processes windows_endpoint_processes windows_event_signature windows_process_new wineventlog_security wineventlog_windows winsec,,,ppppPWBADDC03,999327403,occs-sss-windows,1,A new process has been created,C:\Windows\System32\where.exe,0x3994,where.exe,,,,,,,C:\Windows\System32\cmd.exe,0x16f8,cmd.exe,C:\Windows\System32\cmd.exe,C:\Windows\System32\where.exe /Q repadmin,/Q repadmin,where,where.exe,0x3994,where.exe,C:\Windows\System32\where.exe,Windows,<_='://../////'><><_='---'_='{----}'/><></><></><>,,,,,,,,0x3e7,,,A new process has been created,4688,XmlWinEventLog:Security,XmlWinEventLog,bbbbbsplunkes02,,,MMM,,ppppPWBADDC03$,,success,A new process has been created,failure,,,"execute
os
process
report
security
start
track_event_signatures
windows",,,,"execute
os
process
report
security
start
track_event_signatures
windows",,,ppppPWBADDC03$,-,,,,,Microsoft,,Microsoft Windows
,,,,,MMM,,,ppppPWBADDC03$,,,Security,,,,,,"""C:\Windows\system32\WindowsPowerShell\v1.0\PowerShell.exe"" -Nologo -Noninteractive -NoProfile -ExecutionPolicy Bypass; Get-DeliveryOptimizationStatus | where-object {($_.Sourceurl -CLike 'http://localhost:8005*') -AND (($_.FileSize -ge '52428800') -or ($_.BytesFromPeers -ne '0') -or (($_.BytesFromCacheServer -ne '0') -and ($_.BytesFromCacheServer -ne $null)))} | select-object -Property BytesFromHttp, FileId, BytesFromPeers,Status,BytesFromCacheServer,SourceURL | ConvertTo-Xml -as string -NoTypeInformation",ppppPWBADDC03.mmm.hhh.ggg,,,,-,4688,"<Data Name='SubjectUserSid'>NT AUTHORITY\SYSTEM</Data><Data Name='SubjectUserName'>ppppPWBADDC03$</Data><Data Name='SubjectDomainName'>MMM</Data><Data Name='SubjectLogonId'>0x3e7</Data><Data Name='NewProcessId'>0x3b28</Data><Data Name='NewProcessName'>C:\Windows\System32\WindowsPowerShell\v1.0\powershell.exe</Data><Data Name='TokenElevationType'>%%1936</Data><Data Name='ProcessId'>0x288c</Data><Data Name='CommandLine'>""C:\Windows\system32\WindowsPowerShell\v1.0\PowerShell.exe"" -Nologo -Noninteractive -NoProfile -ExecutionPolicy Bypass; Get-DeliveryOptimizationStatus | where-object {($_.Sourceurl -CLike 'http://localhost:8005*') -AND (($_.FileSize -ge '52428800') -or ($_.BytesFromPeers -ne '0') -or (($_.BytesFromCacheServer -ne '0') -and ($_.BytesFromCacheServer -ne $null)))} | select-object -Property BytesFromHttp, FileId, BytesFromPeers,Status,BytesFromCacheServer,SourceURL | ConvertTo-Xml -as string -NoTypeInformation</Data><Data Name='TargetUserSid'>NULL SID</Data><Data Name='TargetUserName'>-</Data><Data Name='TargetDomainName'>-</Data><Data Name='TargetLogonId'>0x0</Data><Data Name='ParentProcessName'>C:\Windows\CCM\CcmExec.exe</Data><Data Name='MandatoryLabel'>Mandatory Label\System Mandatory Level</Data>",4688.0,999324136,,,,,,,,,,,0x8020000000000000,0,,,,0x3e7,,Mandatory Label\System Mandatory Level,,,,,'Microsoft-Windows-Security-Auditing',0x3b28,C:\Windows\System32\WindowsPowerShell\v1.0\powershell.exe,,,,,,0,C:\Windows\CCM\CcmExec.exe,,,,'4',0x288c,,"""C:\Windows\system32\WindowsPowerShell\v1.0\PowerShell.exe"" -Nologo -Noninteractive -NoProfile -ExecutionPolicy Bypass; Get-DeliveryOptimizationStatus | where-object {($_.Sourceurl -CLike 'http://localhost:8005*') -AND (($_.FileSize -ge '52428800') -or ($_.BytesFromPeers -ne '0') -or (($_.BytesFromCacheServer -ne '0') -and ($_.BytesFromCacheServer -ne $null)))} | select-object -Property BytesFromHttp, FileId, BytesFromPeers,Status,BytesFromCacheServer,SourceURL | ConvertTo-Xml -as string -NoTypeInformation",,999324136,,,,,,,MMM,0x3e7,ppppPWBADDC03$,NT AUTHORITY\SYSTEM,,'2026-05-19T04:55:35.8674210Z',<Provider Name='Microsoft-Windows-Security-Auditing' Guid='{54849625-5478-4994-a5ba-3e3b0328c30d}'/><EventID>4688</EventID><Version>2</Version><Level>0</Level><Task>13312</Task><Opcode>0</Opcode><Keywords>0x8020000000000000</Keywords><TimeCreated SystemTime='2026-05-19T04:55:35.8674210Z'/><EventRecordID>999324136</EventRecordID><Correlation/><Execution ProcessID='4' ThreadID='10088'/><Channel>Security</Channel><Computer>ppppPWBADDC03.mmm.hhh.ggg</Computer><Security/>,-,0x0,,,-,NULL SID,,,-,,-,13312,'10088',%%1936,%%1936,1936.0,,,,,2,,,,,2026-05-19T00:55:35.867-0400,allowed,win:unknown,,,,,ppppPWBADDC03.mmm.hhh.ggg,,ppppPWBADDC03.mmm.hhh.ggg,ppppPWBADDC03,999324136,endpoint_services_processes windows_endpoint_processes windows_event_signature windows_process_new wineventlog_security wineventlog_windows winsec,,,ppppPWBADDC03,999324136,occs-sss-windows,1,A new process has been created,C:\Windows\System32\WindowsPowerShell\v1.0\powershell.exe,0x3b28,powershell.exe,,,,,,,C:\Windows\CCM\CcmExec.exe,0x288c,CcmExec.exe,C:\Windows\CCM\CcmExec.exe,"""C:\Windows\system32\WindowsPowerShell\v1.0\PowerShell.exe"" -Nologo -Noninteractive -NoProfile -ExecutionPolicy Bypass; Get-DeliveryOptimizationStatus | where-object {($_.Sourceurl -CLike 'http://localhost:8005*') -AND (($_.FileSize -ge '52428800') -or ($_.BytesFromPeers -ne '0') -or (($_.BytesFromCacheServer -ne '0') -and ($_.BytesFromCacheServer -ne $null)))} | select-object -Property BytesFromHttp, FileId, BytesFromPeers,Status,BytesFromCacheServer,SourceURL | ConvertTo-Xml -as string -NoTypeInformation","-Nologo -Noninteractive -NoProfile -ExecutionPolicy Bypass; Get-DeliveryOptimizationStatus | where-object {($_.Sourceurl -CLike 'http://localhost:8005*') -AND (($_.FileSize -ge '52428800') -or ($_.BytesFromPeers -ne '0') -or (($_.BytesFromCacheServer -ne '0') -and ($_.BytesFromCacheServer -ne $null)))} | select-object -Property BytesFromHttp, FileId, BytesFromPeers,Status,BytesFromCacheServer,SourceURL | ConvertTo-Xml -as string -NoTypeInformation","""C:\Windows\system32\WindowsPowerShell\v1.0\PowerShell.exe""",powershell.exe,0x3b28,powershell.exe,C:\Windows\System32\WindowsPowerShell\v1.0\powershell.exe,Windows,<_='://../////'><><_='---'_='{----}'/><></><></><>,,,,,,,,0x3e7,,,A new process has been created,4688,XmlWinEventLog:Security,XmlWinEventLog,bbbbbsplunkes01,,,MMM,,ppppPWBADDC03$,,success,A new process has been created,failure,,,"execute
os
process
report
security
start
track_event_signatures
windows",,,,"execute
os
process
report
security
start
track_event_signatures
windows",,,ppppPWBADDC03$,-,,,,,Microsoft,,Microsoft Windows
,,,,,MMM,,,ppppPWBADDC03$,,,Security,,,,,,where  /Q repadmin,ppppPWBADDC03.mmm.hhh.ggg,,,,-,4688,<Data Name='SubjectUserSid'>NT AUTHORITY\SYSTEM</Data><Data Name='SubjectUserName'>ppppPWBADDC03$</Data><Data Name='SubjectDomainName'>MMM</Data><Data Name='SubjectLogonId'>0x3e7</Data><Data Name='NewProcessId'>0x3930</Data><Data Name='NewProcessName'>C:\Windows\System32\where.exe</Data><Data Name='TokenElevationType'>%%1936</Data><Data Name='ProcessId'>0x2008</Data><Data Name='CommandLine'>where  /Q repadmin </Data><Data Name='TargetUserSid'>NULL SID</Data><Data Name='TargetUserName'>-</Data><Data Name='TargetDomainName'>-</Data><Data Name='TargetLogonId'>0x0</Data><Data Name='ParentProcessName'>C:\Windows\System32\cmd.exe</Data><Data Name='MandatoryLabel'>Mandatory Label\System Mandatory Level</Data>,4688.0,999322790,,,,,,,,,,,0x8020000000000000,0,,,,0x3e7,,Mandatory Label\System Mandatory Level,,,,,'Microsoft-Windows-Security-Auditing',0x3930,C:\Windows\System32\where.exe,,,,,,0,C:\Windows\System32\cmd.exe,,,,'4',0x2008,,where  /Q repadmin,,999322790,,,,,,,MMM,0x3e7,ppppPWBADDC03$,NT AUTHORITY\SYSTEM,,'2026-05-19T04:54:29.1705306Z',<Provider Name='Microsoft-Windows-Security-Auditing' Guid='{54849625-5478-4994-a5ba-3e3b0328c30d}'/><EventID>4688</EventID><Version>2</Version><Level>0</Level><Task>13312</Task><Opcode>0</Opcode><Keywords>0x8020000000000000</Keywords><TimeCreated SystemTime='2026-05-19T04:54:29.1705306Z'/><EventRecordID>999322790</EventRecordID><Correlation/><Execution ProcessID='4' ThreadID='5720'/><Channel>Security</Channel><Computer>ppppPWBADDC03.mmm.hhh.ggg</Computer><Security/>,-,0x0,,,-,NULL SID,,,-,,-,13312,'5720',%%1936,%%1936,1936.0,,,,,2,,,,,2026-05-19T00:54:29.170-0400,allowed,win:unknown,,,,,ppppPWBADDC03.mmm.hhh.ggg,,ppppPWBADDC03.mmm.hhh.ggg,ppppPWBADDC03,999322790,endpoint_services_processes windows_endpoint_processes windows_event_signature windows_process_new wineventlog_security wineventlog_windows winsec,,,ppppPWBADDC03,999322790,occs-sss-windows,1,A new process has been created,C:\Windows\System32\where.exe,0x3930,where.exe,,,,,,,C:\Windows\System32\cmd.exe,0x2008,cmd.exe,C:\Windows\System32\cmd.exe,C:\Windows\System32\where.exe /Q repadmin,/Q repadmin,where,where.exe,0x3930,where.exe,C:\Windows\System32\where.exe,Windows,<_='://../////'><><_='---'_='{----}'/><></><></><>,,,,,,,,0x3e7,,,A new process has been created,4688,XmlWinEventLog:Security,XmlWinEventLog,bbbbbsplunkes02,,,MMM,,ppppPWBADDC03$,,success,A new process has been created,failure,,,"execute
os
process
report
security
start
track_event_signatures
windows",,,,"execute
os
process
report
security
start
track_event_signatures
windows",,,ppppPWBADDC03$,-,,,,,Microsoft,,Microsoft Windows
,,,,,MMM,,,ppppPWBADDC03$,,,Security,,,,,,where  /Q repadmin,ppppPWBADDC03.mmm.hhh.ggg,,,,-,4688,<Data Name='SubjectUserSid'>NT AUTHORITY\SYSTEM</Data><Data Name='SubjectUserName'>ppppPWBADDC03$</Data><Data Name='SubjectDomainName'>MMM</Data><Data Name='SubjectLogonId'>0x3e7</Data><Data Name='NewProcessId'>0x36c4</Data><Data Name='NewProcessName'>C:\Windows\System32\where.exe</Data><Data Name='TokenElevationType'>%%1936</Data><Data Name='ProcessId'>0x3bd8</Data><Data Name='CommandLine'>where  /Q repadmin </Data><Data Name='TargetUserSid'>NULL SID</Data><Data Name='TargetUserName'>-</Data><Data Name='TargetDomainName'>-</Data><Data Name='TargetLogonId'>0x0</Data><Data Name='ParentProcessName'>C:\Windows\System32\cmd.exe</Data><Data Name='MandatoryLabel'>Mandatory Label\System Mandatory Level</Data>,4688.0,999316192,,,,,,,,,,,0x8020000000000000,0,,,,0x3e7,,Mandatory Label\System Mandatory Level,,,,,'Microsoft-Windows-Security-Auditing',0x36c4,C:\Windows\System32\where.exe,,,,,,0,C:\Windows\System32\cmd.exe,,,,'4',0x3bd8,,where  /Q repadmin,,999316192,,,,,,,MMM,0x3e7,ppppPWBADDC03$,NT AUTHORITY\SYSTEM,,'2026-05-19T04:49:26.3699904Z',<Provider Name='Microsoft-Windows-Security-Auditing' Guid='{54849625-5478-4994-a5ba-3e3b0328c30d}'/><EventID>4688</EventID><Version>2</Version><Level>0</Level><Task>13312</Task><Opcode>0</Opcode><Keywords>0x8020000000000000</Keywords><TimeCreated SystemTime='2026-05-19T04:49:26.3699904Z'/><EventRecordID>999316192</EventRecordID><Correlation/><Execution ProcessID='4' ThreadID='764'/><Channel>Security</Channel><Computer>ppppPWBADDC03.mmm.hhh.ggg</Computer><Security/>,-,0x0,,,-,NULL SID,,,-,,-,13312,'764',%%1936,%%1936,1936.0,,,,,2,,,,,2026-05-19T00:49:26.369-0400,allowed,win:unknown,,,,,ppppPWBADDC03.mmm.hhh.ggg,,ppppPWBADDC03.mmm.hhh.ggg,ppppPWBADDC03,999316192,endpoint_services_processes windows_endpoint_processes windows_event_signature windows_process_new wineventlog_security wineventlog_windows winsec,,,ppppPWBADDC03,999316192,occs-sss-windows,1,A new process has been created,C:\Windows\System32\where.exe,0x36c4,where.exe,,,,,,,C:\Windows\System32\cmd.exe,0x3bd8,cmd.exe,C:\Windows\System32\cmd.exe,C:\Windows\System32\where.exe /Q repadmin,/Q repadmin,where,where.exe,0x36c4,where.exe,C:\Windows\System32\where.exe,Windows,<_='://../////'><><_='---'_='{----}'/><></><></><>,,,,,,,,0x3e7,,,A new process has been created,4688,XmlWinEventLog:Security,XmlWinEventLog,bbbbbsplunkes02,,,MMM,,ppppPWBADDC03$,,success,A new process has been created,failure,,,"execute
os
process
report
security
start
track_event_signatures
windows",,,,"execute
os
process
report
security
start
track_event_signatures
windows",,,ppppPWBADDC03$,-,,,,,Microsoft,,Microsoft Windows
,,,,,MMM,,,ppppPWBADDC03$,,,Security,,,,,,where  /Q repadmin,ppppPWBADDC03.mmm.hhh.ggg,,,,-,4688,<Data Name='SubjectUserSid'>NT AUTHORITY\SYSTEM</Data><Data Name='SubjectUserName'>ppppPWBADDC03$</Data><Data Name='SubjectDomainName'>MMM</Data><Data Name='SubjectLogonId'>0x3e7</Data><Data Name='NewProcessId'>0x3950</Data><Data Name='NewProcessName'>C:\Windows\System32\where.exe</Data><Data Name='TokenElevationType'>%%1936</Data><Data Name='ProcessId'>0x3b04</Data><Data Name='CommandLine'>where  /Q repadmin </Data><Data Name='TargetUserSid'>NULL SID</Data><Data Name='TargetUserName'>-</Data><Data Name='TargetDomainName'>-</Data><Data Name='TargetLogonId'>0x0</Data><Data Name='ParentProcessName'>C:\Windows\System32\cmd.exe</Data><Data Name='MandatoryLabel'>Mandatory Label\System Mandatory Level</Data>,4688.0,999308621,,,,,,,,,,,0x8020000000000000,0,,,,0x3e7,,Mandatory Label\System Mandatory Level,,,,,'Microsoft-Windows-Security-Auditing',0x3950,C:\Windows\System32\where.exe,,,,,,0,C:\Windows\System32\cmd.exe,,,,'4',0x3b04,,where  /Q repadmin,,999308621,,,,,,,MMM,0x3e7,ppppPWBADDC03$,NT AUTHORITY\SYSTEM,,'2026-05-19T04:44:22.7300067Z',<Provider Name='Microsoft-Windows-Security-Auditing' Guid='{54849625-5478-4994-a5ba-3e3b0328c30d}'/><EventID>4688</EventID><Version>2</Version><Level>0</Level><Task>13312</Task><Opcode>0</Opcode><Keywords>0x8020000000000000</Keywords><TimeCreated SystemTime='2026-05-19T04:44:22.7300067Z'/><EventRecordID>999308621</EventRecordID><Correlation/><Execution ProcessID='4' ThreadID='4208'/><Channel>Security</Channel><Computer>ppppPWBADDC03.mmm.hhh.ggg</Computer><Security/>,-,0x0,,,-,NULL SID,,,-,,-,13312,'4208',%%1936,%%1936,1936.0,,,,,2,,,,,2026-05-19T00:44:22.730-0400,allowed,win:unknown,,,,,ppppPWBADDC03.mmm.hhh.ggg,,ppppPWBADDC03.mmm.hhh.ggg,ppppPWBADDC03,999308621,endpoint_services_processes windows_endpoint_processes windows_event_signature windows_process_new wineventlog_security wineventlog_windows winsec,,,ppppPWBADDC03,999308621,occs-sss-windows,1,A new process has been created,C:\Windows\System32\where.exe,0x3950,where.exe,,,,,,,C:\Windows\System32\cmd.exe,0x3b04,cmd.exe,C:\Windows\System32\cmd.exe,C:\Windows\System32\where.exe /Q repadmin,/Q repadmin,where,where.exe,0x3950,where.exe,C:\Windows\System32\where.exe,Windows,<_='://../////'><><_='---'_='{----}'/><></><></><>,,,,,,,,0x3e7,,,A new process has been created,4688,XmlWinEventLog:Security,XmlWinEventLog,bbbbbsplunkes01,,,MMM,,ppppPWBADDC03$,,success,A new process has been created,failure,,,"execute
os
process
report
security
start
track_event_signatures
windows",,,,"execute
os
process
report
security
start
track_event_signatures
windows",,,ppppPWBADDC03$,-,,,,,Microsoft,,Microsoft Windows
,,,,,MMM,,,ppppPWBADDC03$,,,Security,,,,,,where  /Q repadmin,ppppPWBADDC03.mmm.hhh.ggg,,,,-,4688,<Data Name='SubjectUserSid'>NT AUTHORITY\SYSTEM</Data><Data Name='SubjectUserName'>ppppPWBADDC03$</Data><Data Name='SubjectDomainName'>MMM</Data><Data Name='SubjectLogonId'>0x3e7</Data><Data Name='NewProcessId'>0x2fbc</Data><Data Name='NewProcessName'>C:\Windows\System32\where.exe</Data><Data Name='TokenElevationType'>%%1936</Data><Data Name='ProcessId'>0x2d78</Data><Data Name='CommandLine'>where  /Q repadmin </Data><Data Name='TargetUserSid'>NULL SID</Data><Data Name='TargetUserName'>-</Data><Data Name='TargetDomainName'>-</Data><Data Name='TargetLogonId'>0x0</Data><Data Name='ParentProcessName'>C:\Windows\System32\cmd.exe</Data><Data Name='MandatoryLabel'>Mandatory Label\System Mandatory Level</Data>,4688.0,999299457,,,,,,,,,,,0x8020000000000000,0,,,,0x3e7,,Mandatory Label\System Mandatory Level,,,,,'Microsoft-Windows-Security-Auditing',0x2fbc,C:\Windows\System32\where.exe,,,,,,0,C:\Windows\System32\cmd.exe,,,,'4',0x2d78,,where  /Q repadmin,,999299457,,,,,,,MMM,0x3e7,ppppPWBADDC03$,NT AUTHORITY\SYSTEM,,'2026-05-19T04:39:19.8646232Z',<Provider Name='Microsoft-Windows-Security-Auditing' Guid='{54849625-5478-4994-a5ba-3e3b0328c30d}'/><EventID>4688</EventID><Version>2</Version><Level>0</Level><Task>13312</Task><Opcode>0</Opcode><Keywords>0x8020000000000000</Keywords><TimeCreated SystemTime='2026-05-19T04:39:19.8646232Z'/><EventRecordID>999299457</EventRecordID><Correlation/><Execution ProcessID='4' ThreadID='1004'/><Channel>Security</Channel><Computer>ppppPWBADDC03.mmm.hhh.ggg</Computer><Security/>,-,0x0,,,-,NULL SID,,,-,,-,13312,'1004',%%1936,%%1936,1936.0,,,,,2,,,,,2026-05-19T00:39:19.864-0400,allowed,win:unknown,,,,,ppppPWBADDC03.mmm.hhh.ggg,,ppppPWBADDC03.mmm.hhh.ggg,ppppPWBADDC03,999299457,endpoint_services_processes windows_endpoint_processes windows_event_signature windows_process_new wineventlog_security wineventlog_windows winsec,,,ppppPWBADDC03,999299457,occs-sss-windows,1,A new process has been created,C:\Windows\System32\where.exe,0x2fbc,where.exe,,,,,,,C:\Windows\System32\cmd.exe,0x2d78,cmd.exe,C:\Windows\System32\cmd.exe,C:\Windows\System32\where.exe /Q repadmin,/Q repadmin,where,where.exe,0x2fbc,where.exe,C:\Windows\System32\where.exe,Windows,<_='://../////'><><_='---'_='{----}'/><></><></><>,,,,,,,,0x3e7,,,A new process has been created,4688,XmlWinEventLog:Security,XmlWinEventLog,bbbbbsplunkes03,,,MMM,,ppppPWBADDC03$,,success,A new process has been created,failure,,,"execute
os
process
report
security
start
track_event_signatures
windows",,,,"execute
os
process
report
security
start
track_event_signatures
windows",,,ppppPWBADDC03$,-,,,,,Microsoft,,Microsoft Windows
,,,,,MMM,,,ppppPWBADDC03$,,,Security,,,,,,where  /Q repadmin,ppppPWBADDC03.mmm.hhh.ggg,,,,-,4688,<Data Name='SubjectUserSid'>NT AUTHORITY\SYSTEM</Data><Data Name='SubjectUserName'>ppppPWBADDC03$</Data><Data Name='SubjectDomainName'>MMM</Data><Data Name='SubjectLogonId'>0x3e7</Data><Data Name='NewProcessId'>0x2ef4</Data><Data Name='NewProcessName'>C:\Windows\System32\where.exe</Data><Data Name='TokenElevationType'>%%1936</Data><Data Name='ProcessId'>0x2e14</Data><Data Name='CommandLine'>where  /Q repadmin </Data><Data Name='TargetUserSid'>NULL SID</Data><Data Name='TargetUserName'>-</Data><Data Name='TargetDomainName'>-</Data><Data Name='TargetLogonId'>0x0</Data><Data Name='ParentProcessName'>C:\Windows\System32\cmd.exe</Data><Data Name='MandatoryLabel'>Mandatory Label\System Mandatory Level</Data>,4688.0,999291602,,,,,,,,,,,0x8020000000000000,0,,,,0x3e7,,Mandatory Label\System Mandatory Level,,,,,'Microsoft-Windows-Security-Auditing',0x2ef4,C:\Windows\System32\where.exe,,,,,,0,C:\Windows\System32\cmd.exe,,,,'4',0x2e14,,where  /Q repadmin,,999291602,,,,,,,MMM,0x3e7,ppppPWBADDC03$,NT AUTHORITY\SYSTEM,,'2026-05-19T04:34:15.9126495Z',<Provider Name='Microsoft-Windows-Security-Auditing' Guid='{54849625-5478-4994-a5ba-3e3b0328c30d}'/><EventID>4688</EventID><Version>2</Version><Level>0</Level><Task>13312</Task><Opcode>0</Opcode><Keywords>0x8020000000000000</Keywords><TimeCreated SystemTime='2026-05-19T04:34:15.9126495Z'/><EventRecordID>999291602</EventRecordID><Correlation/><Execution ProcessID='4' ThreadID='10092'/><Channel>Security</Channel><Computer>ppppPWBADDC03.mmm.hhh.ggg</Computer><Security/>,-,0x0,,,-,NULL SID,,,-,,-,13312,'10092',%%1936,%%1936,1936.0,,,,,2,,,,,2026-05-19T00:34:15.912-0400,allowed,win:unknown,,,,,ppppPWBADDC03.mmm.hhh.ggg,,ppppPWBADDC03.mmm.hhh.ggg,ppppPWBADDC03,999291602,endpoint_services_processes windows_endpoint_processes windows_event_signature windows_process_new wineventlog_security wineventlog_windows winsec,,,ppppPWBADDC03,999291602,occs-sss-windows,1,A new process has been created,C:\Windows\System32\where.exe,0x2ef4,where.exe,,,,,,,C:\Windows\System32\cmd.exe,0x2e14,cmd.exe,C:\Windows\System32\cmd.exe,C:\Windows\System32\where.exe /Q repadmin,/Q repadmin,where,where.exe,0x2ef4,where.exe,C:\Windows\System32\where.exe,Windows,<_='://../////'><><_='---'_='{----}'/><></><></><>,,,,,,,,0x3e7,,,A new process has been created,4688,XmlWinEventLog:Security,XmlWinEventLog,bbbbbsplunkes03,,,MMM,,ppppPWBADDC03$,,success,A new process has been created,failure,,,"execute
os
process
report
security
start
track_event_signatures
windows",,,,"execute
os
process
report
security
start
track_event_signatures
windows",,,ppppPWBADDC03$,-,,,,,Microsoft,,Microsoft Windows
%%4420,0x10,,,,MMM,,,ppppPWBADDC03$,,,Security,,,,,,,ppppPWBADDC03.mmm.hhh.ggg,,,,-,4663,"<Data Name='SubjectUserSid'>NT AUTHORITY\SYSTEM</Data><Data Name='SubjectUserName'>ppppPWBADDC03$</Data><Data Name='SubjectDomainName'>MMM</Data><Data Name='SubjectLogonId'>0x3e7</Data><Data Name='ObjectServer'>Security</Data><Data Name='ObjectType'>File</Data><Data Name='ObjectName'>C:\Windows\WinSxS\wow64_microsoft-windows-where_31bf3856ad364e35_10.0.20348.1_none_f196e0f5db91eb7b\where.exe</Data><Data Name='HandleId'>0x29cc</Data><Data Name='AccessList'>%%4420
				</Data><Data Name='AccessMask'>0x10</Data><Data Name='ProcessId'>0x45f8</Data><Data Name='ProcessName'>C:\Windows\WinSxS\amd64_microsoft-windows-servicingstack_31bf3856ad364e35_10.0.20348.5120_none_b1ebbd8af970f26e\TiWorker.exe</Data><Data Name='ResourceAttributes'>S:AI</Data>",4663.0,999274499,,,,,,0x29cc,,,,,0x8020000000000000,0,,,,0x3e7,,,,,,,'Microsoft-Windows-Security-Auditing',,,,,C:\Windows\WinSxS\wow64_microsoft-windows-where_31bf3856ad364e35_10.0.20348.1_none_f196e0f5db91eb7b\where.exe,Security,File,0,,,,,'4',0x45f8,C:\Windows\WinSxS\amd64_microsoft-windows-servicingstack_31bf3856ad364e35_10.0.20348.5120_none_b1ebbd8af970f26e\TiWorker.exe,,,999274499,,S:AI,,,,,MMM,0x3e7,ppppPWBADDC03$,NT AUTHORITY\SYSTEM,,'2026-05-19T04:24:46.9573705Z',<Provider Name='Microsoft-Windows-Security-Auditing' Guid='{54849625-5478-4994-a5ba-3e3b0328c30d}'/><EventID>4663</EventID><Version>1</Version><Level>0</Level><Task>12800</Task><Opcode>0</Opcode><Keywords>0x8020000000000000</Keywords><TimeCreated SystemTime='2026-05-19T04:24:46.9573705Z'/><EventRecordID>999274499</EventRecordID><Correlation/><Execution ProcessID='4' ThreadID='11248'/><Channel>Security</Channel><Computer>ppppPWBADDC03.mmm.hhh.ggg</Computer><Security/>,,,,,,,,,,,,12800,'11248',,,,,,,,1,,,,,2026-05-19T00:24:46.957-0400,success,win:unknown,,,,,ppppPWBADDC03.mmm.hhh.ggg,,ppppPWBADDC03.mmm.hhh.ggg,ppppPWBADDC03,999274499,endpoint_services_processes windows_event_signature wineventlog_security wineventlog_windows winsec,where.exe,C:\Windows\WinSxS\wow64_microsoft-windows-where_31bf3856ad364e35_10.0.20348.1_none_f196e0f5db91eb7b\where.exe,ppppPWBADDC03,999274499,occs-sss-windows,2,An attempt was made to access an object,,,,,,,where.exe,C:\Windows\WinSxS\wow64_microsoft-windows-where_31bf3856ad364e35_10.0.20348.1_none_f196e0f5db91eb7b\where.exe,,,,,,C:\Windows\WinSxS\amd64_microsoft-windows-servicingstack_31bf3856ad364e35_10.0.20348.5120_none_b1ebbd8af970f26e\TiWorker.exe,,,,0x45f8,C:\Windows\WinSxS\amd64_microsoft-windows-servicingstack_31bf3856ad364e35_10.0.20348.5120_none_b1ebbd8af970f26e\TiWorker.exe,C:\Windows\WinSxS\amd64_microsoft-windows-servicingstack_31bf3856ad364e35_10.0.20348.5120_none_b1ebbd8af970f26e\TiWorker.exe,Windows,<_='://../////'><><_='---'_='{----}'/><></><></><>,,,,,,,,0x3e7,,,An attempt was made to access an object,4663,XmlWinEventLog:Security,XmlWinEventLog,bbbbbsplunkes01,,,MMM,,ppppPWBADDC03$,,success,An attempt was made to access an object,failure,,,"os
security
success
track_event_signatures
windows",,success,,"os
security
track_event_signatures
windows",,,,,,,,,Microsoft,,Microsoft Windows
%%4420,0x10,,,,MMM,,,ppppPWBADDC03$,,,Security,,,,,,,ppppPWBADDC03.mmm.hhh.ggg,,,,-,4663,"<Data Name='SubjectUserSid'>NT AUTHORITY\SYSTEM</Data><Data Name='SubjectUserName'>ppppPWBADDC03$</Data><Data Name='SubjectDomainName'>MMM</Data><Data Name='SubjectLogonId'>0x3e7</Data><Data Name='ObjectServer'>Security</Data><Data Name='ObjectType'>File</Data><Data Name='ObjectName'>C:\Windows\WinSxS\wow64_microsoft-windows-where_31bf3856ad364e35_10.0.20348.1_none_f196e0f5db91eb7b\where.exe</Data><Data Name='HandleId'>0x39b8</Data><Data Name='AccessList'>%%4420
				</Data><Data Name='AccessMask'>0x10</Data><Data Name='ProcessId'>0x45f8</Data><Data Name='ProcessName'>C:\Windows\WinSxS\amd64_microsoft-windows-servicingstack_31bf3856ad364e35_10.0.20348.5120_none_b1ebbd8af970f26e\TiWorker.exe</Data><Data Name='ResourceAttributes'>S:AI</Data>",4663.0,999272834,,,,,,0x39b8,,,,,0x8020000000000000,0,,,,0x3e7,,,,,,,'Microsoft-Windows-Security-Auditing',,,,,C:\Windows\WinSxS\wow64_microsoft-windows-where_31bf3856ad364e35_10.0.20348.1_none_f196e0f5db91eb7b\where.exe,Security,File,0,,,,,'4',0x45f8,C:\Windows\WinSxS\amd64_microsoft-windows-servicingstack_31bf3856ad364e35_10.0.20348.5120_none_b1ebbd8af970f26e\TiWorker.exe,,,999272834,,S:AI,,,,,MMM,0x3e7,ppppPWBADDC03$,NT AUTHORITY\SYSTEM,,'2026-05-19T04:24:46.2589848Z',<Provider Name='Microsoft-Windows-Security-Auditing' Guid='{54849625-5478-4994-a5ba-3e3b0328c30d}'/><EventID>4663</EventID><Version>1</Version><Level>0</Level><Task>12800</Task><Opcode>0</Opcode><Keywords>0x8020000000000000</Keywords><TimeCreated SystemTime='2026-05-19T04:24:46.2589848Z'/><EventRecordID>999272834</EventRecordID><Correlation/><Execution ProcessID='4' ThreadID='11248'/><Channel>Security</Channel><Computer>ppppPWBADDC03.mmm.hhh.ggg</Computer><Security/>,,,,,,,,,,,,12800,'11248',,,,,,,,1,,,,,2026-05-19T00:24:46.258-0400,success,win:unknown,,,,,ppppPWBADDC03.mmm.hhh.ggg,,ppppPWBADDC03.mmm.hhh.ggg,ppppPWBADDC03,999272834,endpoint_services_processes windows_event_signature wineventlog_security wineventlog_windows winsec,where.exe,C:\Windows\WinSxS\wow64_microsoft-windows-where_31bf3856ad364e35_10.0.20348.1_none_f196e0f5db91eb7b\where.exe,ppppPWBADDC03,999272834,occs-sss-windows,2,An attempt was made to access an object,,,,,,,where.exe,C:\Windows\WinSxS\wow64_microsoft-windows-where_31bf3856ad364e35_10.0.20348.1_none_f196e0f5db91eb7b\where.exe,,,,,,C:\Windows\WinSxS\amd64_microsoft-windows-servicingstack_31bf3856ad364e35_10.0.20348.5120_none_b1ebbd8af970f26e\TiWorker.exe,,,,0x45f8,C:\Windows\WinSxS\amd64_microsoft-windows-servicingstack_31bf3856ad364e35_10.0.20348.5120_none_b1ebbd8af970f26e\TiWorker.exe,C:\Windows\WinSxS\amd64_microsoft-windows-servicingstack_31bf3856ad364e35_10.0.20348.5120_none_b1ebbd8af970f26e\TiWorker.exe,Windows,<_='://../////'><><_='---'_='{----}'/><></><></><>,,,,,,,,0x3e7,,,An attempt was made to access an object,4663,XmlWinEventLog:Security,XmlWinEventLog,bbbbbsplunkes01,,,MMM,,ppppPWBADDC03$,,success,An attempt was made to access an object,failure,,,"os
security
success
track_event_signatures
windows",,success,,"os
security
track_event_signatures
windows",,,,,,,,,Microsoft,,Microsoft Windows
%%4420,0x10,,,,MMM,,,ppppPWBADDC03$,,,Security,,,,,,,ppppPWBADDC03.mmm.hhh.ggg,,,,-,4663,"<Data Name='SubjectUserSid'>NT AUTHORITY\SYSTEM</Data><Data Name='SubjectUserName'>ppppPWBADDC03$</Data><Data Name='SubjectDomainName'>MMM</Data><Data Name='SubjectLogonId'>0x3e7</Data><Data Name='ObjectServer'>Security</Data><Data Name='ObjectType'>File</Data><Data Name='ObjectName'>C:\Windows\WinSxS\wow64_microsoft-windows-where_31bf3856ad364e35_10.0.20348.1_none_f196e0f5db91eb7b\where.exe</Data><Data Name='HandleId'>0x39b8</Data><Data Name='AccessList'>%%4420
				</Data><Data Name='AccessMask'>0x10</Data><Data Name='ProcessId'>0x45f8</Data><Data Name='ProcessName'>C:\Windows\WinSxS\amd64_microsoft-windows-servicingstack_31bf3856ad364e35_10.0.20348.5120_none_b1ebbd8af970f26e\TiWorker.exe</Data><Data Name='ResourceAttributes'>S:AI</Data>",4663.0,999272303,,,,,,0x39b8,,,,,0x8020000000000000,0,,,,0x3e7,,,,,,,'Microsoft-Windows-Security-Auditing',,,,,C:\Windows\WinSxS\wow64_microsoft-windows-where_31bf3856ad364e35_10.0.20348.1_none_f196e0f5db91eb7b\where.exe,Security,File,0,,,,,'4',0x45f8,C:\Windows\WinSxS\amd64_microsoft-windows-servicingstack_31bf3856ad364e35_10.0.20348.5120_none_b1ebbd8af970f26e\TiWorker.exe,,,999272303,,S:AI,,,,,MMM,0x3e7,ppppPWBADDC03$,NT AUTHORITY\SYSTEM,,'2026-05-19T04:24:46.2049298Z',<Provider Name='Microsoft-Windows-Security-Auditing' Guid='{54849625-5478-4994-a5ba-3e3b0328c30d}'/><EventID>4663</EventID><Version>1</Version><Level>0</Level><Task>12800</Task><Opcode>0</Opcode><Keywords>0x8020000000000000</Keywords><TimeCreated SystemTime='2026-05-19T04:24:46.2049298Z'/><EventRecordID>999272303</EventRecordID><Correlation/><Execution ProcessID='4' ThreadID='11904'/><Channel>Security</Channel><Computer>ppppPWBADDC03.mmm.hhh.ggg</Computer><Security/>,,,,,,,,,,,,12800,'11904',,,,,,,,1,,,,,2026-05-19T00:24:46.204-0400,success,win:unknown,,,,,ppppPWBADDC03.mmm.hhh.ggg,,ppppPWBADDC03.mmm.hhh.ggg,ppppPWBADDC03,999272303,endpoint_services_processes windows_event_signature wineventlog_security wineventlog_windows winsec,where.exe,C:\Windows\WinSxS\wow64_microsoft-windows-where_31bf3856ad364e35_10.0.20348.1_none_f196e0f5db91eb7b\where.exe,ppppPWBADDC03,999272303,occs-sss-windows,2,An attempt was made to access an object,,,,,,,where.exe,C:\Windows\WinSxS\wow64_microsoft-windows-where_31bf3856ad364e35_10.0.20348.1_none_f196e0f5db91eb7b\where.exe,,,,,,C:\Windows\WinSxS\amd64_microsoft-windows-servicingstack_31bf3856ad364e35_10.0.20348.5120_none_b1ebbd8af970f26e\TiWorker.exe,,,,0x45f8,C:\Windows\WinSxS\amd64_microsoft-windows-servicingstack_31bf3856ad364e35_10.0.20348.5120_none_b1ebbd8af970f26e\TiWorker.exe,C:\Windows\WinSxS\amd64_microsoft-windows-servicingstack_31bf3856ad364e35_10.0.20348.5120_none_b1ebbd8af970f26e\TiWorker.exe,Windows,<_='://../////'><><_='---'_='{----}'/><></><></><>,,,,,,,,0x3e7,,,An attempt was made to access an object,4663,XmlWinEventLog:Security,XmlWinEventLog,bbbbbsplunkes01,,,MMM,,ppppPWBADDC03$,,success,An attempt was made to access an object,failure,,,"os
security
success
track_event_signatures
windows",,success,,"os
security
track_event_signatures
windows",,,,,,,,,Microsoft,,Microsoft Windows
%%4420,0x10,,,,MMM,,,ppppPWBADDC03$,,,Security,,,,,,,ppppPWBADDC03.mmm.hhh.ggg,,,,-,4663,"<Data Name='SubjectUserSid'>NT AUTHORITY\SYSTEM</Data><Data Name='SubjectUserName'>ppppPWBADDC03$</Data><Data Name='SubjectDomainName'>MMM</Data><Data Name='SubjectLogonId'>0x3e7</Data><Data Name='ObjectServer'>Security</Data><Data Name='ObjectType'>File</Data><Data Name='ObjectName'>C:\Windows\WinSxS\amd64_microsoft-windows-where_31bf3856ad364e35_10.0.20348.1_none_e74236a3a7312980\where.exe</Data><Data Name='HandleId'>0x2238</Data><Data Name='AccessList'>%%4420
				</Data><Data Name='AccessMask'>0x10</Data><Data Name='ProcessId'>0x45f8</Data><Data Name='ProcessName'>C:\Windows\WinSxS\amd64_microsoft-windows-servicingstack_31bf3856ad364e35_10.0.20348.5120_none_b1ebbd8af970f26e\TiWorker.exe</Data><Data Name='ResourceAttributes'>S:AI</Data>",4663.0,999269274,,,,,,0x2238,,,,,0x8020000000000000,0,,,,0x3e7,,,,,,,'Microsoft-Windows-Security-Auditing',,,,,C:\Windows\WinSxS\amd64_microsoft-windows-where_31bf3856ad364e35_10.0.20348.1_none_e74236a3a7312980\where.exe,Security,File,0,,,,,'4',0x45f8,C:\Windows\WinSxS\amd64_microsoft-windows-servicingstack_31bf3856ad364e35_10.0.20348.5120_none_b1ebbd8af970f26e\TiWorker.exe,,,999269274,,S:AI,,,,,MMM,0x3e7,ppppPWBADDC03$,NT AUTHORITY\SYSTEM,,'2026-05-19T04:24:45.1846410Z',<Provider Name='Microsoft-Windows-Security-Auditing' Guid='{54849625-5478-4994-a5ba-3e3b0328c30d}'/><EventID>4663</EventID><Version>1</Version><Level>0</Level><Task>12800</Task><Opcode>0</Opcode><Keywords>0x8020000000000000</Keywords><TimeCreated SystemTime='2026-05-19T04:24:45.1846410Z'/><EventRecordID>999269274</EventRecordID><Correlation/><Execution ProcessID='4' ThreadID='11248'/><Channel>Security</Channel><Computer>ppppPWBADDC03.mmm.hhh.ggg</Computer><Security/>,,,,,,,,,,,,12800,'11248',,,,,,,,1,,,,,2026-05-19T00:24:45.184-0400,success,win:unknown,,,,,ppppPWBADDC03.mmm.hhh.ggg,,ppppPWBADDC03.mmm.hhh.ggg,ppppPWBADDC03,999269274,endpoint_services_processes windows_event_signature wineventlog_security wineventlog_windows winsec,where.exe,C:\Windows\WinSxS\amd64_microsoft-windows-where_31bf3856ad364e35_10.0.20348.1_none_e74236a3a7312980\where.exe,ppppPWBADDC03,999269274,occs-sss-windows,2,An attempt was made to access an object,,,,,,,where.exe,C:\Windows\WinSxS\amd64_microsoft-windows-where_31bf3856ad364e35_10.0.20348.1_none_e74236a3a7312980\where.exe,,,,,,C:\Windows\WinSxS\amd64_microsoft-windows-servicingstack_31bf3856ad364e35_10.0.20348.5120_none_b1ebbd8af970f26e\TiWorker.exe,,,,0x45f8,C:\Windows\WinSxS\amd64_microsoft-windows-servicingstack_31bf3856ad364e35_10.0.20348.5120_none_b1ebbd8af970f26e\TiWorker.exe,C:\Windows\WinSxS\amd64_microsoft-windows-servicingstack_31bf3856ad364e35_10.0.20348.5120_none_b1ebbd8af970f26e\TiWorker.exe,Windows,<_='://../////'><><_='---'_='{----}'/><></><></><>,,,,,,,,0x3e7,,,An attempt was made to access an object,4663,XmlWinEventLog:Security,XmlWinEventLog,bbbbbsplunkes01,,,MMM,,ppppPWBADDC03$,,success,An attempt was made to access an object,failure,,,"os
security
success
track_event_signatures
windows",,success,,"os
security
track_event_signatures
windows",,,,,,,,,Microsoft,,Microsoft Windows
%%4420,0x10,,,,MMM,,,ppppPWBADDC03$,,,Security,,,,,,,ppppPWBADDC03.mmm.hhh.ggg,,,,-,4663,"<Data Name='SubjectUserSid'>NT AUTHORITY\SYSTEM</Data><Data Name='SubjectUserName'>ppppPWBADDC03$</Data><Data Name='SubjectDomainName'>MMM</Data><Data Name='SubjectLogonId'>0x3e7</Data><Data Name='ObjectServer'>Security</Data><Data Name='ObjectType'>File</Data><Data Name='ObjectName'>C:\Windows\WinSxS\wow64_microsoft-windows-where_31bf3856ad364e35_10.0.20348.1_none_f196e0f5db91eb7b\where.exe</Data><Data Name='HandleId'>0x1074</Data><Data Name='AccessList'>%%4420
				</Data><Data Name='AccessMask'>0x10</Data><Data Name='ProcessId'>0x45f8</Data><Data Name='ProcessName'>C:\Windows\WinSxS\amd64_microsoft-windows-servicingstack_31bf3856ad364e35_10.0.20348.5120_none_b1ebbd8af970f26e\TiWorker.exe</Data><Data Name='ResourceAttributes'>S:AI</Data>",4663.0,999264266,,,,,,0x1074,,,,,0x8020000000000000,0,,,,0x3e7,,,,,,,'Microsoft-Windows-Security-Auditing',,,,,C:\Windows\WinSxS\wow64_microsoft-windows-where_31bf3856ad364e35_10.0.20348.1_none_f196e0f5db91eb7b\where.exe,Security,File,0,,,,,'4',0x45f8,C:\Windows\WinSxS\amd64_microsoft-windows-servicingstack_31bf3856ad364e35_10.0.20348.5120_none_b1ebbd8af970f26e\TiWorker.exe,,,999264266,,S:AI,,,,,MMM,0x3e7,ppppPWBADDC03$,NT AUTHORITY\SYSTEM,,'2026-05-19T04:24:42.9811512Z',<Provider Name='Microsoft-Windows-Security-Auditing' Guid='{54849625-5478-4994-a5ba-3e3b0328c30d}'/><EventID>4663</EventID><Version>1</Version><Level>0</Level><Task>12800</Task><Opcode>0</Opcode><Keywords>0x8020000000000000</Keywords><TimeCreated SystemTime='2026-05-19T04:24:42.9811512Z'/><EventRecordID>999264266</EventRecordID><Correlation/><Execution ProcessID='4' ThreadID='11904'/><Channel>Security</Channel><Computer>ppppPWBADDC03.mmm.hhh.ggg</Computer><Security/>,,,,,,,,,,,,12800,'11904',,,,,,,,1,,,,,2026-05-19T00:24:42.981-0400,success,win:unknown,,,,,ppppPWBADDC03.mmm.hhh.ggg,,ppppPWBADDC03.mmm.hhh.ggg,ppppPWBADDC03,999264266,endpoint_services_processes windows_event_signature wineventlog_security wineventlog_windows winsec,where.exe,C:\Windows\WinSxS\wow64_microsoft-windows-where_31bf3856ad364e35_10.0.20348.1_none_f196e0f5db91eb7b\where.exe,ppppPWBADDC03,999264266,occs-sss-windows,2,An attempt was made to access an object,,,,,,,where.exe,C:\Windows\WinSxS\wow64_microsoft-windows-where_31bf3856ad364e35_10.0.20348.1_none_f196e0f5db91eb7b\where.exe,,,,,,C:\Windows\WinSxS\amd64_microsoft-windows-servicingstack_31bf3856ad364e35_10.0.20348.5120_none_b1ebbd8af970f26e\TiWorker.exe,,,,0x45f8,C:\Windows\WinSxS\amd64_microsoft-windows-servicingstack_31bf3856ad364e35_10.0.20348.5120_none_b1ebbd8af970f26e\TiWorker.exe,C:\Windows\WinSxS\amd64_microsoft-windows-servicingstack_31bf3856ad364e35_10.0.20348.5120_none_b1ebbd8af970f26e\TiWorker.exe,Windows,<_='://../////'><><_='---'_='{----}'/><></><></><>,,,,,,,,0x3e7,,,An attempt was made to access an object,4663,XmlWinEventLog:Security,XmlWinEventLog,bbbbbsplunkes01,,,MMM,,ppppPWBADDC03$,,success,An attempt was made to access an object,failure,,,"os
security
success
track_event_signatures
windows",,success,,"os
security
track_event_signatures
windows",,,,,,,,,Microsoft,,Microsoft Windows
%%4420,0x10,,,,MMM,,,ppppPWBADDC03$,,,Security,,,,,,,ppppPWBADDC03.mmm.hhh.ggg,,,,-,4663,"<Data Name='SubjectUserSid'>NT AUTHORITY\SYSTEM</Data><Data Name='SubjectUserName'>ppppPWBADDC03$</Data><Data Name='SubjectDomainName'>MMM</Data><Data Name='SubjectLogonId'>0x3e7</Data><Data Name='ObjectServer'>Security</Data><Data Name='ObjectType'>File</Data><Data Name='ObjectName'>C:\Windows\WinSxS\amd64_microsoft-windows-where_31bf3856ad364e35_10.0.20348.1_none_e74236a3a7312980\where.exe</Data><Data Name='HandleId'>0x1efc</Data><Data Name='AccessList'>%%4420
				</Data><Data Name='AccessMask'>0x10</Data><Data Name='ProcessId'>0x45f8</Data><Data Name='ProcessName'>C:\Windows\WinSxS\amd64_microsoft-windows-servicingstack_31bf3856ad364e35_10.0.20348.5120_none_b1ebbd8af970f26e\TiWorker.exe</Data><Data Name='ResourceAttributes'>S:AI</Data>",4663.0,999262878,,,,,,0x1efc,,,,,0x8020000000000000,0,,,,0x3e7,,,,,,,'Microsoft-Windows-Security-Auditing',,,,,C:\Windows\WinSxS\amd64_microsoft-windows-where_31bf3856ad364e35_10.0.20348.1_none_e74236a3a7312980\where.exe,Security,File,0,,,,,'4',0x45f8,C:\Windows\WinSxS\amd64_microsoft-windows-servicingstack_31bf3856ad364e35_10.0.20348.5120_none_b1ebbd8af970f26e\TiWorker.exe,,,999262878,,S:AI,,,,,MMM,0x3e7,ppppPWBADDC03$,NT AUTHORITY\SYSTEM,,'2026-05-19T04:24:42.3016434Z',<Provider Name='Microsoft-Windows-Security-Auditing' Guid='{54849625-5478-4994-a5ba-3e3b0328c30d}'/><EventID>4663</EventID><Version>1</Version><Level>0</Level><Task>12800</Task><Opcode>0</Opcode><Keywords>0x8020000000000000</Keywords><TimeCreated SystemTime='2026-05-19T04:24:42.3016434Z'/><EventRecordID>999262878</EventRecordID><Correlation/><Execution ProcessID='4' ThreadID='11248'/><Channel>Security</Channel><Computer>ppppPWBADDC03.mmm.hhh.ggg</Computer><Security/>,,,,,,,,,,,,12800,'11248',,,,,,,,1,,,,,2026-05-19T00:24:42.301-0400,success,win:unknown,,,,,ppppPWBADDC03.mmm.hhh.ggg,,ppppPWBADDC03.mmm.hhh.ggg,ppppPWBADDC03,999262878,endpoint_services_processes windows_event_signature wineventlog_security wineventlog_windows winsec,where.exe,C:\Windows\WinSxS\amd64_microsoft-windows-where_31bf3856ad364e35_10.0.20348.1_none_e74236a3a7312980\where.exe,ppppPWBADDC03,999262878,occs-sss-windows,2,An attempt was made to access an object,,,,,,,where.exe,C:\Windows\WinSxS\amd64_microsoft-windows-where_31bf3856ad364e35_10.0.20348.1_none_e74236a3a7312980\where.exe,,,,,,C:\Windows\WinSxS\amd64_microsoft-windows-servicingstack_31bf3856ad364e35_10.0.20348.5120_none_b1ebbd8af970f26e\TiWorker.exe,,,,0x45f8,C:\Windows\WinSxS\amd64_microsoft-windows-servicingstack_31bf3856ad364e35_10.0.20348.5120_none_b1ebbd8af970f26e\TiWorker.exe,C:\Windows\WinSxS\amd64_microsoft-windows-servicingstack_31bf3856ad364e35_10.0.20348.5120_none_b1ebbd8af970f26e\TiWorker.exe,Windows,<_='://../////'><><_='---'_='{----}'/><></><></><>,,,,,,,,0x3e7,,,An attempt was made to access an object,4663,XmlWinEventLog:Security,XmlWinEventLog,bbbbbsplunkes01,,,MMM,,ppppPWBADDC03$,,success,An attempt was made to access an object,failure,,,"os
security
success
track_event_signatures
windows",,success,,"os
security
track_event_signatures
windows",,,,,,,,,Microsoft,,Microsoft Windows
%%4420,0x10,,,,MMM,,,ppppPWBADDC03$,,,Security,,,,,,,ppppPWBADDC03.mmm.hhh.ggg,,,,-,4663,"<Data Name='SubjectUserSid'>NT AUTHORITY\SYSTEM</Data><Data Name='SubjectUserName'>ppppPWBADDC03$</Data><Data Name='SubjectDomainName'>MMM</Data><Data Name='SubjectLogonId'>0x3e7</Data><Data Name='ObjectServer'>Security</Data><Data Name='ObjectType'>File</Data><Data Name='ObjectName'>C:\Windows\WinSxS\wow64_microsoft-windows-where_31bf3856ad364e35_10.0.20348.1_none_f196e0f5db91eb7b\where.exe</Data><Data Name='HandleId'>0x1efc</Data><Data Name='AccessList'>%%4420
				</Data><Data Name='AccessMask'>0x10</Data><Data Name='ProcessId'>0x45f8</Data><Data Name='ProcessName'>C:\Windows\WinSxS\amd64_microsoft-windows-servicingstack_31bf3856ad364e35_10.0.20348.5120_none_b1ebbd8af970f26e\TiWorker.exe</Data><Data Name='ResourceAttributes'>S:AI</Data>",4663.0,999261871,,,,,,0x1efc,,,,,0x8020000000000000,0,,,,0x3e7,,,,,,,'Microsoft-Windows-Security-Auditing',,,,,C:\Windows\WinSxS\wow64_microsoft-windows-where_31bf3856ad364e35_10.0.20348.1_none_f196e0f5db91eb7b\where.exe,Security,File,0,,,,,'4',0x45f8,C:\Windows\WinSxS\amd64_microsoft-windows-servicingstack_31bf3856ad364e35_10.0.20348.5120_none_b1ebbd8af970f26e\TiWorker.exe,,,999261871,,S:AI,,,,,MMM,0x3e7,ppppPWBADDC03$,NT AUTHORITY\SYSTEM,,'2026-05-19T04:24:41.6914175Z',<Provider Name='Microsoft-Windows-Security-Auditing' Guid='{54849625-5478-4994-a5ba-3e3b0328c30d}'/><EventID>4663</EventID><Version>1</Version><Level>0</Level><Task>12800</Task><Opcode>0</Opcode><Keywords>0x8020000000000000</Keywords><TimeCreated SystemTime='2026-05-19T04:24:41.6914175Z'/><EventRecordID>999261871</EventRecordID><Correlation/><Execution ProcessID='4' ThreadID='11248'/><Channel>Security</Channel><Computer>ppppPWBADDC03.mmm.hhh.ggg</Computer><Security/>,,,,,,,,,,,,12800,'11248',,,,,,,,1,,,,,2026-05-19T00:24:41.691-0400,success,win:unknown,,,,,ppppPWBADDC03.mmm.hhh.ggg,,ppppPWBADDC03.mmm.hhh.ggg,ppppPWBADDC03,999261871,endpoint_services_processes windows_event_signature wineventlog_security wineventlog_windows winsec,where.exe,C:\Windows\WinSxS\wow64_microsoft-windows-where_31bf3856ad364e35_10.0.20348.1_none_f196e0f5db91eb7b\where.exe,ppppPWBADDC03,999261871,occs-sss-windows,2,An attempt was made to access an object,,,,,,,where.exe,C:\Windows\WinSxS\wow64_microsoft-windows-where_31bf3856ad364e35_10.0.20348.1_none_f196e0f5db91eb7b\where.exe,,,,,,C:\Windows\WinSxS\amd64_microsoft-windows-servicingstack_31bf3856ad364e35_10.0.20348.5120_none_b1ebbd8af970f26e\TiWorker.exe,,,,0x45f8,C:\Windows\WinSxS\amd64_microsoft-windows-servicingstack_31bf3856ad364e35_10.0.20348.5120_none_b1ebbd8af970f26e\TiWorker.exe,C:\Windows\WinSxS\amd64_microsoft-windows-servicingstack_31bf3856ad364e35_10.0.20348.5120_none_b1ebbd8af970f26e\TiWorker.exe,Windows,<_='://../////'><><_='---'_='{----}'/><></><></><>,,,,,,,,0x3e7,,,An attempt was made to access an object,4663,XmlWinEventLog:Security,XmlWinEventLog,bbbbbsplunkes01,,,MMM,,ppppPWBADDC03$,,success,An attempt was made to access an object,failure,,,"os
security
success
track_event_signatures
windows",,success,,"os
security
track_event_signatures
windows",,,,,,,,,Microsoft,,Microsoft Windows
%%4420,0x10,,,,MMM,,,ppppPWBADDC03$,,,Security,,,,,,,ppppPWBADDC03.mmm.hhh.ggg,,,,-,4663,"<Data Name='SubjectUserSid'>NT AUTHORITY\SYSTEM</Data><Data Name='SubjectUserName'>ppppPWBADDC03$</Data><Data Name='SubjectDomainName'>MMM</Data><Data Name='SubjectLogonId'>0x3e7</Data><Data Name='ObjectServer'>Security</Data><Data Name='ObjectType'>File</Data><Data Name='ObjectName'>C:\Windows\WinSxS\wow64_microsoft-windows-where_31bf3856ad364e35_10.0.20348.1_none_f196e0f5db91eb7b\where.exe</Data><Data Name='HandleId'>0x1efc</Data><Data Name='AccessList'>%%4420
				</Data><Data Name='AccessMask'>0x10</Data><Data Name='ProcessId'>0x45f8</Data><Data Name='ProcessName'>C:\Windows\WinSxS\amd64_microsoft-windows-servicingstack_31bf3856ad364e35_10.0.20348.5120_none_b1ebbd8af970f26e\TiWorker.exe</Data><Data Name='ResourceAttributes'>S:AI</Data>",4663.0,999261338,,,,,,0x1efc,,,,,0x8020000000000000,0,,,,0x3e7,,,,,,,'Microsoft-Windows-Security-Auditing',,,,,C:\Windows\WinSxS\wow64_microsoft-windows-where_31bf3856ad364e35_10.0.20348.1_none_f196e0f5db91eb7b\where.exe,Security,File,0,,,,,'4',0x45f8,C:\Windows\WinSxS\amd64_microsoft-windows-servicingstack_31bf3856ad364e35_10.0.20348.5120_none_b1ebbd8af970f26e\TiWorker.exe,,,999261338,,S:AI,,,,,MMM,0x3e7,ppppPWBADDC03$,NT AUTHORITY\SYSTEM,,'2026-05-19T04:24:41.6488892Z',<Provider Name='Microsoft-Windows-Security-Auditing' Guid='{54849625-5478-4994-a5ba-3e3b0328c30d}'/><EventID>4663</EventID><Version>1</Version><Level>0</Level><Task>12800</Task><Opcode>0</Opcode><Keywords>0x8020000000000000</Keywords><TimeCreated SystemTime='2026-05-19T04:24:41.6488892Z'/><EventRecordID>999261338</EventRecordID><Correlation/><Execution ProcessID='4' ThreadID='18332'/><Channel>Security</Channel><Computer>ppppPWBADDC03.mmm.hhh.ggg</Computer><Security/>,,,,,,,,,,,,12800,'18332',,,,,,,,1,,,,,2026-05-19T00:24:41.648-0400,success,win:unknown,,,,,ppppPWBADDC03.mmm.hhh.ggg,,ppppPWBADDC03.mmm.hhh.ggg,ppppPWBADDC03,999261338,endpoint_services_processes windows_event_signature wineventlog_security wineventlog_windows winsec,where.exe,C:\Windows\WinSxS\wow64_microsoft-windows-where_31bf3856ad364e35_10.0.20348.1_none_f196e0f5db91eb7b\where.exe,ppppPWBADDC03,999261338,occs-sss-windows,2,An attempt was made to access an object,,,,,,,where.exe,C:\Windows\WinSxS\wow64_microsoft-windows-where_31bf3856ad364e35_10.0.20348.1_none_f196e0f5db91eb7b\where.exe,,,,,,C:\Windows\WinSxS\amd64_microsoft-windows-servicingstack_31bf3856ad364e35_10.0.20348.5120_none_b1ebbd8af970f26e\TiWorker.exe,,,,0x45f8,C:\Windows\WinSxS\amd64_microsoft-windows-servicingstack_31bf3856ad364e35_10.0.20348.5120_none_b1ebbd8af970f26e\TiWorker.exe,C:\Windows\WinSxS\amd64_microsoft-windows-servicingstack_31bf3856ad364e35_10.0.20348.5120_none_b1ebbd8af970f26e\TiWorker.exe,Windows,<_='://../////'><><_='---'_='{----}'/><></><></><>,,,,,,,,0x3e7,,,An attempt was made to access an object,4663,XmlWinEventLog:Security,XmlWinEventLog,bbbbbsplunkes01,,,MMM,,ppppPWBADDC03$,,success,An attempt was made to access an object,failure,,,"os
security
success
track_event_signatures
windows",,success,,"os
security
track_event_signatures
windows",,,,,,,,,Microsoft,,Microsoft Windows
%%4420,0x10,,,,MMM,,,ppppPWBADDC03$,,,Security,,,,,,,ppppPWBADDC03.mmm.hhh.ggg,,,,-,4663,"<Data Name='SubjectUserSid'>NT AUTHORITY\SYSTEM</Data><Data Name='SubjectUserName'>ppppPWBADDC03$</Data><Data Name='SubjectDomainName'>MMM</Data><Data Name='SubjectLogonId'>0x3e7</Data><Data Name='ObjectServer'>Security</Data><Data Name='ObjectType'>File</Data><Data Name='ObjectName'>C:\Windows\WinSxS\amd64_microsoft-windows-where_31bf3856ad364e35_10.0.20348.1_none_e74236a3a7312980\where.exe</Data><Data Name='HandleId'>0x1258</Data><Data Name='AccessList'>%%4420
				</Data><Data Name='AccessMask'>0x10</Data><Data Name='ProcessId'>0x45f8</Data><Data Name='ProcessName'>C:\Windows\WinSxS\amd64_microsoft-windows-servicingstack_31bf3856ad364e35_10.0.20348.5120_none_b1ebbd8af970f26e\TiWorker.exe</Data><Data Name='ResourceAttributes'>S:AI</Data>",4663.0,999258355,,,,,,0x1258,,,,,0x8020000000000000,0,,,,0x3e7,,,,,,,'Microsoft-Windows-Security-Auditing',,,,,C:\Windows\WinSxS\amd64_microsoft-windows-where_31bf3856ad364e35_10.0.20348.1_none_e74236a3a7312980\where.exe,Security,File,0,,,,,'4',0x45f8,C:\Windows\WinSxS\amd64_microsoft-windows-servicingstack_31bf3856ad364e35_10.0.20348.5120_none_b1ebbd8af970f26e\TiWorker.exe,,,999258355,,S:AI,,,,,MMM,0x3e7,ppppPWBADDC03$,NT AUTHORITY\SYSTEM,,'2026-05-19T04:24:40.7048975Z',<Provider Name='Microsoft-Windows-Security-Auditing' Guid='{54849625-5478-4994-a5ba-3e3b0328c30d}'/><EventID>4663</EventID><Version>1</Version><Level>0</Level><Task>12800</Task><Opcode>0</Opcode><Keywords>0x8020000000000000</Keywords><TimeCreated SystemTime='2026-05-19T04:24:40.7048975Z'/><EventRecordID>999258355</EventRecordID><Correlation/><Execution ProcessID='4' ThreadID='11904'/><Channel>Security</Channel><Computer>ppppPWBADDC03.mmm.hhh.ggg</Computer><Security/>,,,,,,,,,,,,12800,'11904',,,,,,,,1,,,,,2026-05-19T00:24:40.704-0400,success,win:unknown,,,,,ppppPWBADDC03.mmm.hhh.ggg,,ppppPWBADDC03.mmm.hhh.ggg,ppppPWBADDC03,999258355,endpoint_services_processes windows_event_signature wineventlog_security wineventlog_windows winsec,where.exe,C:\Windows\WinSxS\amd64_microsoft-windows-where_31bf3856ad364e35_10.0.20348.1_none_e74236a3a7312980\where.exe,ppppPWBADDC03,999258355,occs-sss-windows,2,An attempt was made to access an object,,,,,,,where.exe,C:\Windows\WinSxS\amd64_microsoft-windows-where_31bf3856ad364e35_10.0.20348.1_none_e74236a3a7312980\where.exe,,,,,,C:\Windows\WinSxS\amd64_microsoft-windows-servicingstack_31bf3856ad364e35_10.0.20348.5120_none_b1ebbd8af970f26e\TiWorker.exe,,,,0x45f8,C:\Windows\WinSxS\amd64_microsoft-windows-servicingstack_31bf3856ad364e35_10.0.20348.5120_none_b1ebbd8af970f26e\TiWorker.exe,C:\Windows\WinSxS\amd64_microsoft-windows-servicingstack_31bf3856ad364e35_10.0.20348.5120_none_b1ebbd8af970f26e\TiWorker.exe,Windows,<_='://../////'><><_='---'_='{----}'/><></><></><>,,,,,,,,0x3e7,,,An attempt was made to access an object,4663,XmlWinEventLog:Security,XmlWinEventLog,bbbbbsplunkes01,,,MMM,,ppppPWBADDC03$,,success,An attempt was made to access an object,failure,,,"os
security
success
track_event_signatures
windows",,success,,"os
security
track_event_signatures
windows",,,,,,,,,Microsoft,,Microsoft Windows
%%4420,0x10,,,,MMM,,,ppppPWBADDC03$,,,Security,,,,,,,ppppPWBADDC03.mmm.hhh.ggg,,,,-,4663,"<Data Name='SubjectUserSid'>NT AUTHORITY\SYSTEM</Data><Data Name='SubjectUserName'>ppppPWBADDC03$</Data><Data Name='SubjectDomainName'>MMM</Data><Data Name='SubjectLogonId'>0x3e7</Data><Data Name='ObjectServer'>Security</Data><Data Name='ObjectType'>File</Data><Data Name='ObjectName'>C:\Windows\WinSxS\wow64_microsoft-windows-where_31bf3856ad364e35_10.0.20348.1_none_f196e0f5db91eb7b\where.exe</Data><Data Name='HandleId'>0x1f44</Data><Data Name='AccessList'>%%4420
				</Data><Data Name='AccessMask'>0x10</Data><Data Name='ProcessId'>0x45f8</Data><Data Name='ProcessName'>C:\Windows\WinSxS\amd64_microsoft-windows-servicingstack_31bf3856ad364e35_10.0.20348.5120_none_b1ebbd8af970f26e\TiWorker.exe</Data><Data Name='ResourceAttributes'>S:AI</Data>",4663.0,999253424,,,,,,0x1f44,,,,,0x8020000000000000,0,,,,0x3e7,,,,,,,'Microsoft-Windows-Security-Auditing',,,,,C:\Windows\WinSxS\wow64_microsoft-windows-where_31bf3856ad364e35_10.0.20348.1_none_f196e0f5db91eb7b\where.exe,Security,File,0,,,,,'4',0x45f8,C:\Windows\WinSxS\amd64_microsoft-windows-servicingstack_31bf3856ad364e35_10.0.20348.5120_none_b1ebbd8af970f26e\TiWorker.exe,,,999253424,,S:AI,,,,,MMM,0x3e7,ppppPWBADDC03$,NT AUTHORITY\SYSTEM,,'2026-05-19T04:24:38.8361215Z',<Provider Name='Microsoft-Windows-Security-Auditing' Guid='{54849625-5478-4994-a5ba-3e3b0328c30d}'/><EventID>4663</EventID><Version>1</Version><Level>0</Level><Task>12800</Task><Opcode>0</Opcode><Keywords>0x8020000000000000</Keywords><TimeCreated SystemTime='2026-05-19T04:24:38.8361215Z'/><EventRecordID>999253424</EventRecordID><Correlation/><Execution ProcessID='4' ThreadID='11904'/><Channel>Security</Channel><Computer>ppppPWBADDC03.mmm.hhh.ggg</Computer><Security/>,,,,,,,,,,,,12800,'11904',,,,,,,,1,,,,,2026-05-19T00:24:38.836-0400,success,win:unknown,,,,,ppppPWBADDC03.mmm.hhh.ggg,,ppppPWBADDC03.mmm.hhh.ggg,ppppPWBADDC03,999253424,endpoint_services_processes windows_event_signature wineventlog_security wineventlog_windows winsec,where.exe,C:\Windows\WinSxS\wow64_microsoft-windows-where_31bf3856ad364e35_10.0.20348.1_none_f196e0f5db91eb7b\where.exe,ppppPWBADDC03,999253424,occs-sss-windows,2,An attempt was made to access an object,,,,,,,where.exe,C:\Windows\WinSxS\wow64_microsoft-windows-where_31bf3856ad364e35_10.0.20348.1_none_f196e0f5db91eb7b\where.exe,,,,,,C:\Windows\WinSxS\amd64_microsoft-windows-servicingstack_31bf3856ad364e35_10.0.20348.5120_none_b1ebbd8af970f26e\TiWorker.exe,,,,0x45f8,C:\Windows\WinSxS\amd64_microsoft-windows-servicingstack_31bf3856ad364e35_10.0.20348.5120_none_b1ebbd8af970f26e\TiWorker.exe,C:\Windows\WinSxS\amd64_microsoft-windows-servicingstack_31bf3856ad364e35_10.0.20348.5120_none_b1ebbd8af970f26e\TiWorker.exe,Windows,<_='://../////'><><_='---'_='{----}'/><></><></><>,,,,,,,,0x3e7,,,An attempt was made to access an object,4663,XmlWinEventLog:Security,XmlWinEventLog,bbbbbsplunkes01,,,MMM,,ppppPWBADDC03$,,success,An attempt was made to access an object,failure,,,"os
security
success
track_event_signatures
windows",,success,,"os
security
track_event_signatures
windows",,,,,,,,,Microsoft,,Microsoft Windows
%%4420,0x10,,,,MMM,,,ppppPWBADDC03$,,,Security,,,,,,,ppppPWBADDC03.mmm.hhh.ggg,,,,-,4663,"<Data Name='SubjectUserSid'>NT AUTHORITY\SYSTEM</Data><Data Name='SubjectUserName'>ppppPWBADDC03$</Data><Data Name='SubjectDomainName'>MMM</Data><Data Name='SubjectLogonId'>0x3e7</Data><Data Name='ObjectServer'>Security</Data><Data Name='ObjectType'>File</Data><Data Name='ObjectName'>C:\Windows\WinSxS\amd64_microsoft-windows-where_31bf3856ad364e35_10.0.20348.1_none_e74236a3a7312980\where.exe</Data><Data Name='HandleId'>0x1f44</Data><Data Name='AccessList'>%%4420
				</Data><Data Name='AccessMask'>0x10</Data><Data Name='ProcessId'>0x45f8</Data><Data Name='ProcessName'>C:\Windows\WinSxS\amd64_microsoft-windows-servicingstack_31bf3856ad364e35_10.0.20348.5120_none_b1ebbd8af970f26e\TiWorker.exe</Data><Data Name='ResourceAttributes'>S:AI</Data>",4663.0,999251694,,,,,,0x1f44,,,,,0x8020000000000000,0,,,,0x3e7,,,,,,,'Microsoft-Windows-Security-Auditing',,,,,C:\Windows\WinSxS\amd64_microsoft-windows-where_31bf3856ad364e35_10.0.20348.1_none_e74236a3a7312980\where.exe,Security,File,0,,,,,'4',0x45f8,C:\Windows\WinSxS\amd64_microsoft-windows-servicingstack_31bf3856ad364e35_10.0.20348.5120_none_b1ebbd8af970f26e\TiWorker.exe,,,999251694,,S:AI,,,,,MMM,0x3e7,ppppPWBADDC03$,NT AUTHORITY\SYSTEM,,'2026-05-19T04:24:38.2181956Z',<Provider Name='Microsoft-Windows-Security-Auditing' Guid='{54849625-5478-4994-a5ba-3e3b0328c30d}'/><EventID>4663</EventID><Version>1</Version><Level>0</Level><Task>12800</Task><Opcode>0</Opcode><Keywords>0x8020000000000000</Keywords><TimeCreated SystemTime='2026-05-19T04:24:38.2181956Z'/><EventRecordID>999251694</EventRecordID><Correlation/><Execution ProcessID='4' ThreadID='11904'/><Channel>Security</Channel><Computer>ppppPWBADDC03.mmm.hhh.ggg</Computer><Security/>,,,,,,,,,,,,12800,'11904',,,,,,,,1,,,,,2026-05-19T00:24:38.218-0400,success,win:unknown,,,,,ppppPWBADDC03.mmm.hhh.ggg,,ppppPWBADDC03.mmm.hhh.ggg,ppppPWBADDC03,999251694,endpoint_services_processes windows_event_signature wineventlog_security wineventlog_windows winsec,where.exe,C:\Windows\WinSxS\amd64_microsoft-windows-where_31bf3856ad364e35_10.0.20348.1_none_e74236a3a7312980\where.exe,ppppPWBADDC03,999251694,occs-sss-windows,2,An attempt was made to access an object,,,,,,,where.exe,C:\Windows\WinSxS\amd64_microsoft-windows-where_31bf3856ad364e35_10.0.20348.1_none_e74236a3a7312980\where.exe,,,,,,C:\Windows\WinSxS\amd64_microsoft-windows-servicingstack_31bf3856ad364e35_10.0.20348.5120_none_b1ebbd8af970f26e\TiWorker.exe,,,,0x45f8,C:\Windows\WinSxS\amd64_microsoft-windows-servicingstack_31bf3856ad364e35_10.0.20348.5120_none_b1ebbd8af970f26e\TiWorker.exe,C:\Windows\WinSxS\amd64_microsoft-windows-servicingstack_31bf3856ad364e35_10.0.20348.5120_none_b1ebbd8af970f26e\TiWorker.exe,Windows,<_='://../////'><><_='---'_='{----}'/><></><></><>,,,,,,,,0x3e7,,,An attempt was made to access an object,4663,XmlWinEventLog:Security,XmlWinEventLog,bbbbbsplunkes01,,,MMM,,ppppPWBADDC03$,,success,An attempt was made to access an object,failure,,,"os
security
success
track_event_signatures
windows",,success,,"os
security
track_event_signatures
windows",,,,,,,,,Microsoft,,Microsoft Windows
%%4420,0x10,,,,MMM,,,ppppPWBADDC03$,,,Security,,,,,,,ppppPWBADDC03.mmm.hhh.ggg,,,,-,4663,"<Data Name='SubjectUserSid'>NT AUTHORITY\SYSTEM</Data><Data Name='SubjectUserName'>ppppPWBADDC03$</Data><Data Name='SubjectDomainName'>MMM</Data><Data Name='SubjectLogonId'>0x3e7</Data><Data Name='ObjectServer'>Security</Data><Data Name='ObjectType'>File</Data><Data Name='ObjectName'>C:\Windows\WinSxS\wow64_microsoft-windows-where_31bf3856ad364e35_10.0.20348.1_none_f196e0f5db91eb7b\where.exe</Data><Data Name='HandleId'>0x37f8</Data><Data Name='AccessList'>%%4420
				</Data><Data Name='AccessMask'>0x10</Data><Data Name='ProcessId'>0x45f8</Data><Data Name='ProcessName'>C:\Windows\WinSxS\amd64_microsoft-windows-servicingstack_31bf3856ad364e35_10.0.20348.5120_none_b1ebbd8af970f26e\TiWorker.exe</Data><Data Name='ResourceAttributes'>S:AI</Data>",4663.0,999250125,,,,,,0x37f8,,,,,0x8020000000000000,0,,,,0x3e7,,,,,,,'Microsoft-Windows-Security-Auditing',,,,,C:\Windows\WinSxS\wow64_microsoft-windows-where_31bf3856ad364e35_10.0.20348.1_none_f196e0f5db91eb7b\where.exe,Security,File,0,,,,,'4',0x45f8,C:\Windows\WinSxS\amd64_microsoft-windows-servicingstack_31bf3856ad364e35_10.0.20348.5120_none_b1ebbd8af970f26e\TiWorker.exe,,,999250125,,S:AI,,,,,MMM,0x3e7,ppppPWBADDC03$,NT AUTHORITY\SYSTEM,,'2026-05-19T04:24:37.5005258Z',<Provider Name='Microsoft-Windows-Security-Auditing' Guid='{54849625-5478-4994-a5ba-3e3b0328c30d}'/><EventID>4663</EventID><Version>1</Version><Level>0</Level><Task>12800</Task><Opcode>0</Opcode><Keywords>0x8020000000000000</Keywords><TimeCreated SystemTime='2026-05-19T04:24:37.5005258Z'/><EventRecordID>999250125</EventRecordID><Correlation/><Execution ProcessID='4' ThreadID='8084'/><Channel>Security</Channel><Computer>ppppPWBADDC03.mmm.hhh.ggg</Computer><Security/>,,,,,,,,,,,,12800,'8084',,,,,,,,1,,,,,2026-05-19T00:24:37.500-0400,success,win:unknown,,,,,ppppPWBADDC03.mmm.hhh.ggg,,ppppPWBADDC03.mmm.hhh.ggg,ppppPWBADDC03,999250125,endpoint_services_processes windows_event_signature wineventlog_security wineventlog_windows winsec,where.exe,C:\Windows\WinSxS\wow64_microsoft-windows-where_31bf3856ad364e35_10.0.20348.1_none_f196e0f5db91eb7b\where.exe,ppppPWBADDC03,999250125,occs-sss-windows,2,An attempt was made to access an object,,,,,,,where.exe,C:\Windows\WinSxS\wow64_microsoft-windows-where_31bf3856ad364e35_10.0.20348.1_none_f196e0f5db91eb7b\where.exe,,,,,,C:\Windows\WinSxS\amd64_microsoft-windows-servicingstack_31bf3856ad364e35_10.0.20348.5120_none_b1ebbd8af970f26e\TiWorker.exe,,,,0x45f8,C:\Windows\WinSxS\amd64_microsoft-windows-servicingstack_31bf3856ad364e35_10.0.20348.5120_none_b1ebbd8af970f26e\TiWorker.exe,C:\Windows\WinSxS\amd64_microsoft-windows-servicingstack_31bf3856ad364e35_10.0.20348.5120_none_b1ebbd8af970f26e\TiWorker.exe,Windows,<_='://../////'><><_='---'_='{----}'/><></><></><>,,,,,,,,0x3e7,,,An attempt was made to access an object,4663,XmlWinEventLog:Security,XmlWinEventLog,bbbbbsplunkes01,,,MMM,,ppppPWBADDC03$,,success,An attempt was made to access an object,failure,,,"os
security
success
track_event_signatures
windows",,success,,"os
security
track_event_signatures
windows",,,,,,,,,Microsoft,,Microsoft Windows
%%4420,0x10,,,,MMM,,,ppppPWBADDC03$,,,Security,,,,,,,ppppPWBADDC03.mmm.hhh.ggg,,,,-,4663,"<Data Name='SubjectUserSid'>NT AUTHORITY\SYSTEM</Data><Data Name='SubjectUserName'>ppppPWBADDC03$</Data><Data Name='SubjectDomainName'>MMM</Data><Data Name='SubjectLogonId'>0x3e7</Data><Data Name='ObjectServer'>Security</Data><Data Name='ObjectType'>File</Data><Data Name='ObjectName'>C:\Windows\WinSxS\wow64_microsoft-windows-where_31bf3856ad364e35_10.0.20348.1_none_f196e0f5db91eb7b\where.exe</Data><Data Name='HandleId'>0x1258</Data><Data Name='AccessList'>%%4420
				</Data><Data Name='AccessMask'>0x10</Data><Data Name='ProcessId'>0x45f8</Data><Data Name='ProcessName'>C:\Windows\WinSxS\amd64_microsoft-windows-servicingstack_31bf3856ad364e35_10.0.20348.5120_none_b1ebbd8af970f26e\TiWorker.exe</Data><Data Name='ResourceAttributes'>S:AI</Data>",4663.0,999249602,,,,,,0x1258,,,,,0x8020000000000000,0,,,,0x3e7,,,,,,,'Microsoft-Windows-Security-Auditing',,,,,C:\Windows\WinSxS\wow64_microsoft-windows-where_31bf3856ad364e35_10.0.20348.1_none_f196e0f5db91eb7b\where.exe,Security,File,0,,,,,'4',0x45f8,C:\Windows\WinSxS\amd64_microsoft-windows-servicingstack_31bf3856ad364e35_10.0.20348.5120_none_b1ebbd8af970f26e\TiWorker.exe,,,999249602,,S:AI,,,,,MMM,0x3e7,ppppPWBADDC03$,NT AUTHORITY\SYSTEM,,'2026-05-19T04:24:37.4443665Z',<Provider Name='Microsoft-Windows-Security-Auditing' Guid='{54849625-5478-4994-a5ba-3e3b0328c30d}'/><EventID>4663</EventID><Version>1</Version><Level>0</Level><Task>12800</Task><Opcode>0</Opcode><Keywords>0x8020000000000000</Keywords><TimeCreated SystemTime='2026-05-19T04:24:37.4443665Z'/><EventRecordID>999249602</EventRecordID><Correlation/><Execution ProcessID='4' ThreadID='15972'/><Channel>Security</Channel><Computer>ppppPWBADDC03.mmm.hhh.ggg</Computer><Security/>,,,,,,,,,,,,12800,'15972',,,,,,,,1,,,,,2026-05-19T00:24:37.444-0400,success,win:unknown,,,,,ppppPWBADDC03.mmm.hhh.ggg,,ppppPWBADDC03.mmm.hhh.ggg,ppppPWBADDC03,999249602,endpoint_services_processes windows_event_signature wineventlog_security wineventlog_windows winsec,where.exe,C:\Windows\WinSxS\wow64_microsoft-windows-where_31bf3856ad364e35_10.0.20348.1_none_f196e0f5db91eb7b\where.exe,ppppPWBADDC03,999249602,occs-sss-windows,2,An attempt was made to access an object,,,,,,,where.exe,C:\Windows\WinSxS\wow64_microsoft-windows-where_31bf3856ad364e35_10.0.20348.1_none_f196e0f5db91eb7b\where.exe,,,,,,C:\Windows\WinSxS\amd64_microsoft-windows-servicingstack_31bf3856ad364e35_10.0.20348.5120_none_b1ebbd8af970f26e\TiWorker.exe,,,,0x45f8,C:\Windows\WinSxS\amd64_microsoft-windows-servicingstack_31bf3856ad364e35_10.0.20348.5120_none_b1ebbd8af970f26e\TiWorker.exe,C:\Windows\WinSxS\amd64_microsoft-windows-servicingstack_31bf3856ad364e35_10.0.20348.5120_none_b1ebbd8af970f26e\TiWorker.exe,Windows,<_='://../////'><><_='---'_='{----}'/><></><></><>,,,,,,,,0x3e7,,,An attempt was made to access an object,4663,XmlWinEventLog:Security,XmlWinEventLog,bbbbbsplunkes01,,,MMM,,ppppPWBADDC03$,,success,An attempt was made to access an object,failure,,,"os
security
success
track_event_signatures
windows",,success,,"os
security
track_event_signatures
windows",,,,,,,,,Microsoft,,Microsoft Windows
%%4420,0x10,,,,MMM,,,ppppPWBADDC03$,,,Security,,,,,,,ppppPWBADDC03.mmm.hhh.ggg,,,,-,4663,"<Data Name='SubjectUserSid'>NT AUTHORITY\SYSTEM</Data><Data Name='SubjectUserName'>ppppPWBADDC03$</Data><Data Name='SubjectDomainName'>MMM</Data><Data Name='SubjectLogonId'>0x3e7</Data><Data Name='ObjectServer'>Security</Data><Data Name='ObjectType'>File</Data><Data Name='ObjectName'>C:\Windows\WinSxS\amd64_microsoft-windows-where_31bf3856ad364e35_10.0.20348.1_none_e74236a3a7312980\where.exe</Data><Data Name='HandleId'>0x1efc</Data><Data Name='AccessList'>%%4420
				</Data><Data Name='AccessMask'>0x10</Data><Data Name='ProcessId'>0x45f8</Data><Data Name='ProcessName'>C:\Windows\WinSxS\amd64_microsoft-windows-servicingstack_31bf3856ad364e35_10.0.20348.5120_none_b1ebbd8af970f26e\TiWorker.exe</Data><Data Name='ResourceAttributes'>S:AI</Data>",4663.0,999246671,,,,,,0x1efc,,,,,0x8020000000000000,0,,,,0x3e7,,,,,,,'Microsoft-Windows-Security-Auditing',,,,,C:\Windows\WinSxS\amd64_microsoft-windows-where_31bf3856ad364e35_10.0.20348.1_none_e74236a3a7312980\where.exe,Security,File,0,,,,,'4',0x45f8,C:\Windows\WinSxS\amd64_microsoft-windows-servicingstack_31bf3856ad364e35_10.0.20348.5120_none_b1ebbd8af970f26e\TiWorker.exe,,,999246671,,S:AI,,,,,MMM,0x3e7,ppppPWBADDC03$,NT AUTHORITY\SYSTEM,,'2026-05-19T04:24:36.2143770Z',<Provider Name='Microsoft-Windows-Security-Auditing' Guid='{54849625-5478-4994-a5ba-3e3b0328c30d}'/><EventID>4663</EventID><Version>1</Version><Level>0</Level><Task>12800</Task><Opcode>0</Opcode><Keywords>0x8020000000000000</Keywords><TimeCreated SystemTime='2026-05-19T04:24:36.2143770Z'/><EventRecordID>999246671</EventRecordID><Correlation/><Execution ProcessID='4' ThreadID='8228'/><Channel>Security</Channel><Computer>ppppPWBADDC03.mmm.hhh.ggg</Computer><Security/>,,,,,,,,,,,,12800,'8228',,,,,,,,1,,,,,2026-05-19T00:24:36.214-0400,success,win:unknown,,,,,ppppPWBADDC03.mmm.hhh.ggg,,ppppPWBADDC03.mmm.hhh.ggg,ppppPWBADDC03,999246671,endpoint_services_processes windows_event_signature wineventlog_security wineventlog_windows winsec,where.exe,C:\Windows\WinSxS\amd64_microsoft-windows-where_31bf3856ad364e35_10.0.20348.1_none_e74236a3a7312980\where.exe,ppppPWBADDC03,999246671,occs-sss-windows,2,An attempt was made to access an object,,,,,,,where.exe,C:\Windows\WinSxS\amd64_microsoft-windows-where_31bf3856ad364e35_10.0.20348.1_none_e74236a3a7312980\where.exe,,,,,,C:\Windows\WinSxS\amd64_microsoft-windows-servicingstack_31bf3856ad364e35_10.0.20348.5120_none_b1ebbd8af970f26e\TiWorker.exe,,,,0x45f8,C:\Windows\WinSxS\amd64_microsoft-windows-servicingstack_31bf3856ad364e35_10.0.20348.5120_none_b1ebbd8af970f26e\TiWorker.exe,C:\Windows\WinSxS\amd64_microsoft-windows-servicingstack_31bf3856ad364e35_10.0.20348.5120_none_b1ebbd8af970f26e\TiWorker.exe,Windows,<_='://../////'><><_='---'_='{----}'/><></><></><>,,,,,,,,0x3e7,,,An attempt was made to access an object,4663,XmlWinEventLog:Security,XmlWinEventLog,bbbbbsplunkes01,,,MMM,,ppppPWBADDC03$,,success,An attempt was made to access an object,failure,,,"os
security
success
track_event_signatures
windows",,success,,"os
security
track_event_signatures
windows",,,,,,,,,Microsoft,,Microsoft Windows
%%4420,0x10,,,,MMM,,,ppppPWBADDC03$,,,Security,,,,,,,ppppPWBADDC03.mmm.hhh.ggg,,,,-,4663,"<Data Name='SubjectUserSid'>NT AUTHORITY\SYSTEM</Data><Data Name='SubjectUserName'>ppppPWBADDC03$</Data><Data Name='SubjectDomainName'>MMM</Data><Data Name='SubjectLogonId'>0x3e7</Data><Data Name='ObjectServer'>Security</Data><Data Name='ObjectType'>File</Data><Data Name='ObjectName'>C:\Windows\WinSxS\amd64_microsoft-windows-where_31bf3856ad364e35_10.0.20348.1_none_e74236a3a7312980\where.exe</Data><Data Name='HandleId'>0x1efc</Data><Data Name='AccessList'>%%4420
				</Data><Data Name='AccessMask'>0x10</Data><Data Name='ProcessId'>0x45f8</Data><Data Name='ProcessName'>C:\Windows\WinSxS\amd64_microsoft-windows-servicingstack_31bf3856ad364e35_10.0.20348.5120_none_b1ebbd8af970f26e\TiWorker.exe</Data><Data Name='ResourceAttributes'>S:AI</Data>",4663.0,999246019,,,,,,0x1efc,,,,,0x8020000000000000,0,,,,0x3e7,,,,,,,'Microsoft-Windows-Security-Auditing',,,,,C:\Windows\WinSxS\amd64_microsoft-windows-where_31bf3856ad364e35_10.0.20348.1_none_e74236a3a7312980\where.exe,Security,File,0,,,,,'4',0x45f8,C:\Windows\WinSxS\amd64_microsoft-windows-servicingstack_31bf3856ad364e35_10.0.20348.5120_none_b1ebbd8af970f26e\TiWorker.exe,,,999246019,,S:AI,,,,,MMM,0x3e7,ppppPWBADDC03$,NT AUTHORITY\SYSTEM,,'2026-05-19T04:24:36.1261721Z',<Provider Name='Microsoft-Windows-Security-Auditing' Guid='{54849625-5478-4994-a5ba-3e3b0328c30d}'/><EventID>4663</EventID><Version>1</Version><Level>0</Level><Task>12800</Task><Opcode>0</Opcode><Keywords>0x8020000000000000</Keywords><TimeCreated SystemTime='2026-05-19T04:24:36.1261721Z'/><EventRecordID>999246019</EventRecordID><Correlation/><Execution ProcessID='4' ThreadID='15972'/><Channel>Security</Channel><Computer>ppppPWBADDC03.mmm.hhh.ggg</Computer><Security/>,,,,,,,,,,,,12800,'15972',,,,,,,,1,,,,,2026-05-19T00:24:36.126-0400,success,win:unknown,,,,,ppppPWBADDC03.mmm.hhh.ggg,,ppppPWBADDC03.mmm.hhh.ggg,ppppPWBADDC03,999246019,endpoint_services_processes windows_event_signature wineventlog_security wineventlog_windows winsec,where.exe,C:\Windows\WinSxS\amd64_microsoft-windows-where_31bf3856ad364e35_10.0.20348.1_none_e74236a3a7312980\where.exe,ppppPWBADDC03,999246019,occs-sss-windows,2,An attempt was made to access an object,,,,,,,where.exe,C:\Windows\WinSxS\amd64_microsoft-windows-where_31bf3856ad364e35_10.0.20348.1_none_e74236a3a7312980\where.exe,,,,,,C:\Windows\WinSxS\amd64_microsoft-windows-servicingstack_31bf3856ad364e35_10.0.20348.5120_none_b1ebbd8af970f26e\TiWorker.exe,,,,0x45f8,C:\Windows\WinSxS\amd64_microsoft-windows-servicingstack_31bf3856ad364e35_10.0.20348.5120_none_b1ebbd8af970f26e\TiWorker.exe,C:\Windows\WinSxS\amd64_microsoft-windows-servicingstack_31bf3856ad364e35_10.0.20348.5120_none_b1ebbd8af970f26e\TiWorker.exe,Windows,<_='://../////'><><_='---'_='{----}'/><></><></><>,,,,,,,,0x3e7,,,An attempt was made to access an object,4663,XmlWinEventLog:Security,XmlWinEventLog,bbbbbsplunkes01,,,MMM,,ppppPWBADDC03$,,success,An attempt was made to access an object,failure,,,"os
security
success
track_event_signatures
windows",,success,,"os
security
track_event_signatures
windows",,,,,,,,,Microsoft,,Microsoft Windows
,,,,,MMM,,,ppppPWBADDC03$,,,Security,,,,,,where  /Q repadmin,ppppPWBADDC03.mmm.hhh.ggg,,,,-,4688,<Data Name='SubjectUserSid'>NT AUTHORITY\SYSTEM</Data><Data Name='SubjectUserName'>ppppPWBADDC03$</Data><Data Name='SubjectDomainName'>MMM</Data><Data Name='SubjectLogonId'>0x3e7</Data><Data Name='NewProcessId'>0x2224</Data><Data Name='NewProcessName'>C:\Windows\System32\where.exe</Data><Data Name='TokenElevationType'>%%1936</Data><Data Name='ProcessId'>0x4030</Data><Data Name='CommandLine'>where  /Q repadmin </Data><Data Name='TargetUserSid'>NULL SID</Data><Data Name='TargetUserName'>-</Data><Data Name='TargetDomainName'>-</Data><Data Name='TargetLogonId'>0x0</Data><Data Name='ParentProcessName'>C:\Windows\System32\cmd.exe</Data><Data Name='MandatoryLabel'>Mandatory Label\System Mandatory Level</Data>,4688.0,999240415,,,,,,,,,,,0x8020000000000000,0,,,,0x3e7,,Mandatory Label\System Mandatory Level,,,,,'Microsoft-Windows-Security-Auditing',0x2224,C:\Windows\System32\where.exe,,,,,,0,C:\Windows\System32\cmd.exe,,,,'4',0x4030,,where  /Q repadmin,,999240415,,,,,,,MMM,0x3e7,ppppPWBADDC03$,NT AUTHORITY\SYSTEM,,'2026-05-19T04:24:09.8560359Z',<Provider Name='Microsoft-Windows-Security-Auditing' Guid='{54849625-5478-4994-a5ba-3e3b0328c30d}'/><EventID>4688</EventID><Version>2</Version><Level>0</Level><Task>13312</Task><Opcode>0</Opcode><Keywords>0x8020000000000000</Keywords><TimeCreated SystemTime='2026-05-19T04:24:09.8560359Z'/><EventRecordID>999240415</EventRecordID><Correlation/><Execution ProcessID='4' ThreadID='14716'/><Channel>Security</Channel><Computer>ppppPWBADDC03.mmm.hhh.ggg</Computer><Security/>,-,0x0,,,-,NULL SID,,,-,,-,13312,'14716',%%1936,%%1936,1936.0,,,,,2,,,,,2026-05-19T00:24:09.856-0400,allowed,win:unknown,,,,,ppppPWBADDC03.mmm.hhh.ggg,,ppppPWBADDC03.mmm.hhh.ggg,ppppPWBADDC03,999240415,endpoint_services_processes windows_endpoint_processes windows_event_signature windows_process_new wineventlog_security wineventlog_windows winsec,,,ppppPWBADDC03,999240415,occs-sss-windows,1,A new process has been created,C:\Windows\System32\where.exe,0x2224,where.exe,,,,,,,C:\Windows\System32\cmd.exe,0x4030,cmd.exe,C:\Windows\System32\cmd.exe,C:\Windows\System32\where.exe /Q repadmin,/Q repadmin,where,where.exe,0x2224,where.exe,C:\Windows\System32\where.exe,Windows,<_='://../////'><><_='---'_='{----}'/><></><></><>,,,,,,,,0x3e7,,,A new process has been created,4688,XmlWinEventLog:Security,XmlWinEventLog,bbbbbsplunkes03,,,MMM,,ppppPWBADDC03$,,success,A new process has been created,failure,,,"execute
os
process
report
security
start
track_event_signatures
windows",,,,"execute
os
process
report
security
start
track_event_signatures
windows",,,ppppPWBADDC03$,-,,,,,Microsoft,,Microsoft Windows
,,,,,MMM,,,ppppPWBADDC03$,,,Security,,,,,,where  /Q repadmin,ppppPWBADDC03.mmm.hhh.ggg,,,,-,4688,<Data Name='SubjectUserSid'>NT AUTHORITY\SYSTEM</Data><Data Name='SubjectUserName'>ppppPWBADDC03$</Data><Data Name='SubjectDomainName'>MMM</Data><Data Name='SubjectLogonId'>0x3e7</Data><Data Name='NewProcessId'>0x2c1c</Data><Data Name='NewProcessName'>C:\Windows\System32\where.exe</Data><Data Name='TokenElevationType'>%%1936</Data><Data Name='ProcessId'>0x4088</Data><Data Name='CommandLine'>where  /Q repadmin </Data><Data Name='TargetUserSid'>NULL SID</Data><Data Name='TargetUserName'>-</Data><Data Name='TargetDomainName'>-</Data><Data Name='TargetLogonId'>0x0</Data><Data Name='ParentProcessName'>C:\Windows\System32\cmd.exe</Data><Data Name='MandatoryLabel'>Mandatory Label\System Mandatory Level</Data>,4688.0,999228940,,,,,,,,,,,0x8020000000000000,0,,,,0x3e7,,Mandatory Label\System Mandatory Level,,,,,'Microsoft-Windows-Security-Auditing',0x2c1c,C:\Windows\System32\where.exe,,,,,,0,C:\Windows\System32\cmd.exe,,,,'4',0x4088,,where  /Q repadmin,,999228940,,,,,,,MMM,0x3e7,ppppPWBADDC03$,NT AUTHORITY\SYSTEM,,'2026-05-19T04:19:07.1834034Z',<Provider Name='Microsoft-Windows-Security-Auditing' Guid='{54849625-5478-4994-a5ba-3e3b0328c30d}'/><EventID>4688</EventID><Version>2</Version><Level>0</Level><Task>13312</Task><Opcode>0</Opcode><Keywords>0x8020000000000000</Keywords><TimeCreated SystemTime='2026-05-19T04:19:07.1834034Z'/><EventRecordID>999228940</EventRecordID><Correlation/><Execution ProcessID='4' ThreadID='17352'/><Channel>Security</Channel><Computer>ppppPWBADDC03.mmm.hhh.ggg</Computer><Security/>,-,0x0,,,-,NULL SID,,,-,,-,13312,'17352',%%1936,%%1936,1936.0,,,,,2,,,,,2026-05-19T00:19:07.183-0400,allowed,win:unknown,,,,,ppppPWBADDC03.mmm.hhh.ggg,,ppppPWBADDC03.mmm.hhh.ggg,ppppPWBADDC03,999228940,endpoint_services_processes windows_endpoint_processes windows_event_signature windows_process_new wineventlog_security wineventlog_windows winsec,,,ppppPWBADDC03,999228940,occs-sss-windows,1,A new process has been created,C:\Windows\System32\where.exe,0x2c1c,where.exe,,,,,,,C:\Windows\System32\cmd.exe,0x4088,cmd.exe,C:\Windows\System32\cmd.exe,C:\Windows\System32\where.exe /Q repadmin,/Q repadmin,where,where.exe,0x2c1c,where.exe,C:\Windows\System32\where.exe,Windows,<_='://../////'><><_='---'_='{----}'/><></><></><>,,,,,,,,0x3e7,,,A new process has been created,4688,XmlWinEventLog:Security,XmlWinEventLog,bbbbbsplunkes02,,,MMM,,ppppPWBADDC03$,,success,A new process has been created,failure,,,"execute
os
process
report
security
start
track_event_signatures
windows",,,,"execute
os
process
report
security
start
track_event_signatures
windows",,,ppppPWBADDC03$,-,,,,,Microsoft,,Microsoft Windows
,,,,,MMM,,,ppppPWBADDC03$,,,Security,,,,,,where  /Q repadmin,ppppPWBADDC03.mmm.hhh.ggg,,,,-,4688,<Data Name='SubjectUserSid'>NT AUTHORITY\SYSTEM</Data><Data Name='SubjectUserName'>ppppPWBADDC03$</Data><Data Name='SubjectDomainName'>MMM</Data><Data Name='SubjectLogonId'>0x3e7</Data><Data Name='NewProcessId'>0x12f4</Data><Data Name='NewProcessName'>C:\Windows\System32\where.exe</Data><Data Name='TokenElevationType'>%%1936</Data><Data Name='ProcessId'>0x3c90</Data><Data Name='CommandLine'>where  /Q repadmin </Data><Data Name='TargetUserSid'>NULL SID</Data><Data Name='TargetUserName'>-</Data><Data Name='TargetDomainName'>-</Data><Data Name='TargetLogonId'>0x0</Data><Data Name='ParentProcessName'>C:\Windows\System32\cmd.exe</Data><Data Name='MandatoryLabel'>Mandatory Label\System Mandatory Level</Data>,4688.0,999223223,,,,,,,,,,,0x8020000000000000,0,,,,0x3e7,,Mandatory Label\System Mandatory Level,,,,,'Microsoft-Windows-Security-Auditing',0x12f4,C:\Windows\System32\where.exe,,,,,,0,C:\Windows\System32\cmd.exe,,,,'4',0x3c90,,where  /Q repadmin,,999223223,,,,,,,MMM,0x3e7,ppppPWBADDC03$,NT AUTHORITY\SYSTEM,,'2026-05-19T04:14:03.8656120Z',<Provider Name='Microsoft-Windows-Security-Auditing' Guid='{54849625-5478-4994-a5ba-3e3b0328c30d}'/><EventID>4688</EventID><Version>2</Version><Level>0</Level><Task>13312</Task><Opcode>0</Opcode><Keywords>0x8020000000000000</Keywords><TimeCreated SystemTime='2026-05-19T04:14:03.8656120Z'/><EventRecordID>999223223</EventRecordID><Correlation/><Execution ProcessID='4' ThreadID='18272'/><Channel>Security</Channel><Computer>ppppPWBADDC03.mmm.hhh.ggg</Computer><Security/>,-,0x0,,,-,NULL SID,,,-,,-,13312,'18272',%%1936,%%1936,1936.0,,,,,2,,,,,2026-05-19T00:14:03.865-0400,allowed,win:unknown,,,,,ppppPWBADDC03.mmm.hhh.ggg,,ppppPWBADDC03.mmm.hhh.ggg,ppppPWBADDC03,999223223,endpoint_services_processes windows_endpoint_processes windows_event_signature windows_process_new wineventlog_security wineventlog_windows winsec,,,ppppPWBADDC03,999223223,occs-sss-windows,1,A new process has been created,C:\Windows\System32\where.exe,0x12f4,where.exe,,,,,,,C:\Windows\System32\cmd.exe,0x3c90,cmd.exe,C:\Windows\System32\cmd.exe,C:\Windows\System32\where.exe /Q repadmin,/Q repadmin,where,where.exe,0x12f4,where.exe,C:\Windows\System32\where.exe,Windows,<_='://../////'><><_='---'_='{----}'/><></><></><>,,,,,,,,0x3e7,,,A new process has been created,4688,XmlWinEventLog:Security,XmlWinEventLog,bbbbbsplunkes03,,,MMM,,ppppPWBADDC03$,,success,A new process has been created,failure,,,"execute
os
process
report
security
start
track_event_signatures
windows",,,,"execute
os
process
report
security
start
track_event_signatures
windows",,,ppppPWBADDC03$,-,,,,,Microsoft,,Microsoft Windows
,,,,,MMM,,,ppppPWBADDC03$,,,Security,,,,,,where  /Q repadmin,ppppPWBADDC03.mmm.hhh.ggg,,,,-,4688,<Data Name='SubjectUserSid'>NT AUTHORITY\SYSTEM</Data><Data Name='SubjectUserName'>ppppPWBADDC03$</Data><Data Name='SubjectDomainName'>MMM</Data><Data Name='SubjectLogonId'>0x3e7</Data><Data Name='NewProcessId'>0x3c70</Data><Data Name='NewProcessName'>C:\Windows\System32\where.exe</Data><Data Name='TokenElevationType'>%%1936</Data><Data Name='ProcessId'>0x312c</Data><Data Name='CommandLine'>where  /Q repadmin </Data><Data Name='TargetUserSid'>NULL SID</Data><Data Name='TargetUserName'>-</Data><Data Name='TargetDomainName'>-</Data><Data Name='TargetLogonId'>0x0</Data><Data Name='ParentProcessName'>C:\Windows\System32\cmd.exe</Data><Data Name='MandatoryLabel'>Mandatory Label\System Mandatory Level</Data>,4688.0,999218277,,,,,,,,,,,0x8020000000000000,0,,,,0x3e7,,Mandatory Label\System Mandatory Level,,,,,'Microsoft-Windows-Security-Auditing',0x3c70,C:\Windows\System32\where.exe,,,,,,0,C:\Windows\System32\cmd.exe,,,,'4',0x312c,,where  /Q repadmin,,999218277,,,,,,,MMM,0x3e7,ppppPWBADDC03$,NT AUTHORITY\SYSTEM,,'2026-05-19T04:09:01.5033433Z',<Provider Name='Microsoft-Windows-Security-Auditing' Guid='{54849625-5478-4994-a5ba-3e3b0328c30d}'/><EventID>4688</EventID><Version>2</Version><Level>0</Level><Task>13312</Task><Opcode>0</Opcode><Keywords>0x8020000000000000</Keywords><TimeCreated SystemTime='2026-05-19T04:09:01.5033433Z'/><EventRecordID>999218277</EventRecordID><Correlation/><Execution ProcessID='4' ThreadID='11340'/><Channel>Security</Channel><Computer>ppppPWBADDC03.mmm.hhh.ggg</Computer><Security/>,-,0x0,,,-,NULL SID,,,-,,-,13312,'11340',%%1936,%%1936,1936.0,,,,,2,,,,,2026-05-19T00:09:01.503-0400,allowed,win:unknown,,,,,ppppPWBADDC03.mmm.hhh.ggg,,ppppPWBADDC03.mmm.hhh.ggg,ppppPWBADDC03,999218277,endpoint_services_processes windows_endpoint_processes windows_event_signature windows_process_new wineventlog_security wineventlog_windows winsec,,,ppppPWBADDC03,999218277,occs-sss-windows,1,A new process has been created,C:\Windows\System32\where.exe,0x3c70,where.exe,,,,,,,C:\Windows\System32\cmd.exe,0x312c,cmd.exe,C:\Windows\System32\cmd.exe,C:\Windows\System32\where.exe /Q repadmin,/Q repadmin,where,where.exe,0x3c70,where.exe,C:\Windows\System32\where.exe,Windows,<_='://../////'><><_='---'_='{----}'/><></><></><>,,,,,,,,0x3e7,,,A new process has been created,4688,XmlWinEventLog:Security,XmlWinEventLog,bbbbbsplunkes02,,,MMM,,ppppPWBADDC03$,,success,A new process has been created,failure,,,"execute
os
process
report
security
start
track_event_signatures
windows",,,,"execute
os
process
report
security
start
track_event_signatures
windows",,,ppppPWBADDC03$,-,,,,,Microsoft,,Microsoft Windows
,,,,,MMM,,,ppppPWBADDC03$,,,Security,,,,,,where  /Q repadmin,ppppPWBADDC03.mmm.hhh.ggg,,,,-,4688,<Data Name='SubjectUserSid'>NT AUTHORITY\SYSTEM</Data><Data Name='SubjectUserName'>ppppPWBADDC03$</Data><Data Name='SubjectDomainName'>MMM</Data><Data Name='SubjectLogonId'>0x3e7</Data><Data Name='NewProcessId'>0x2058</Data><Data Name='NewProcessName'>C:\Windows\System32\where.exe</Data><Data Name='TokenElevationType'>%%1936</Data><Data Name='ProcessId'>0x4740</Data><Data Name='CommandLine'>where  /Q repadmin </Data><Data Name='TargetUserSid'>NULL SID</Data><Data Name='TargetUserName'>-</Data><Data Name='TargetDomainName'>-</Data><Data Name='TargetLogonId'>0x0</Data><Data Name='ParentProcessName'>C:\Windows\System32\cmd.exe</Data><Data Name='MandatoryLabel'>Mandatory Label\System Mandatory Level</Data>,4688.0,999213544,,,,,,,,,,,0x8020000000000000,0,,,,0x3e7,,Mandatory Label\System Mandatory Level,,,,,'Microsoft-Windows-Security-Auditing',0x2058,C:\Windows\System32\where.exe,,,,,,0,C:\Windows\System32\cmd.exe,,,,'4',0x4740,,where  /Q repadmin,,999213544,,,,,,,MMM,0x3e7,ppppPWBADDC03$,NT AUTHORITY\SYSTEM,,'2026-05-19T04:03:58.8587506Z',<Provider Name='Microsoft-Windows-Security-Auditing' Guid='{54849625-5478-4994-a5ba-3e3b0328c30d}'/><EventID>4688</EventID><Version>2</Version><Level>0</Level><Task>13312</Task><Opcode>0</Opcode><Keywords>0x8020000000000000</Keywords><TimeCreated SystemTime='2026-05-19T04:03:58.8587506Z'/><EventRecordID>999213544</EventRecordID><Correlation/><Execution ProcessID='4' ThreadID='13540'/><Channel>Security</Channel><Computer>ppppPWBADDC03.mmm.hhh.ggg</Computer><Security/>,-,0x0,,,-,NULL SID,,,-,,-,13312,'13540',%%1936,%%1936,1936.0,,,,,2,,,,,2026-05-19T00:03:58.858-0400,allowed,win:unknown,,,,,ppppPWBADDC03.mmm.hhh.ggg,,ppppPWBADDC03.mmm.hhh.ggg,ppppPWBADDC03,999213544,endpoint_services_processes windows_endpoint_processes windows_event_signature windows_process_new wineventlog_security wineventlog_windows winsec,,,ppppPWBADDC03,999213544,occs-sss-windows,1,A new process has been created,C:\Windows\System32\where.exe,0x2058,where.exe,,,,,,,C:\Windows\System32\cmd.exe,0x4740,cmd.exe,C:\Windows\System32\cmd.exe,C:\Windows\System32\where.exe /Q repadmin,/Q repadmin,where,where.exe,0x2058,where.exe,C:\Windows\System32\where.exe,Windows,<_='://../////'><><_='---'_='{----}'/><></><></><>,,,,,,,,0x3e7,,,A new process has been created,4688,XmlWinEventLog:Security,XmlWinEventLog,bbbbbsplunkes01,,,MMM,,ppppPWBADDC03$,,success,A new process has been created,failure,,,"execute
os
process
report
security
start
track_event_signatures
windows",,,,"execute
os
process
report
security
start
track_event_signatures
windows",,,ppppPWBADDC03$,-,,,,,Microsoft,,Microsoft Windows
,,,,,MMM,,,ppppPWBADDC03$,,,Security,,,,,,where  /Q repadmin,ppppPWBADDC03.mmm.hhh.ggg,,,,-,4688,<Data Name='SubjectUserSid'>NT AUTHORITY\SYSTEM</Data><Data Name='SubjectUserName'>ppppPWBADDC03$</Data><Data Name='SubjectDomainName'>MMM</Data><Data Name='SubjectLogonId'>0x3e7</Data><Data Name='NewProcessId'>0x2cb8</Data><Data Name='NewProcessName'>C:\Windows\System32\where.exe</Data><Data Name='TokenElevationType'>%%1936</Data><Data Name='ProcessId'>0x4744</Data><Data Name='CommandLine'>where  /Q repadmin </Data><Data Name='TargetUserSid'>NULL SID</Data><Data Name='TargetUserName'>-</Data><Data Name='TargetDomainName'>-</Data><Data Name='TargetLogonId'>0x0</Data><Data Name='ParentProcessName'>C:\Windows\System32\cmd.exe</Data><Data Name='MandatoryLabel'>Mandatory Label\System Mandatory Level</Data>,4688.0,999209406,,,,,,,,,,,0x8020000000000000,0,,,,0x3e7,,Mandatory Label\System Mandatory Level,,,,,'Microsoft-Windows-Security-Auditing',0x2cb8,C:\Windows\System32\where.exe,,,,,,0,C:\Windows\System32\cmd.exe,,,,'4',0x4744,,where  /Q repadmin,,999209406,,,,,,,MMM,0x3e7,ppppPWBADDC03$,NT AUTHORITY\SYSTEM,,'2026-05-19T03:58:56.5140838Z',<Provider Name='Microsoft-Windows-Security-Auditing' Guid='{54849625-5478-4994-a5ba-3e3b0328c30d}'/><EventID>4688</EventID><Version>2</Version><Level>0</Level><Task>13312</Task><Opcode>0</Opcode><Keywords>0x8020000000000000</Keywords><TimeCreated SystemTime='2026-05-19T03:58:56.5140838Z'/><EventRecordID>999209406</EventRecordID><Correlation/><Execution ProcessID='4' ThreadID='8860'/><Channel>Security</Channel><Computer>ppppPWBADDC03.mmm.hhh.ggg</Computer><Security/>,-,0x0,,,-,NULL SID,,,-,,-,13312,'8860',%%1936,%%1936,1936.0,,,,,2,,,,,2026-05-18T23:58:56.514-0400,allowed,win:unknown,,,,,ppppPWBADDC03.mmm.hhh.ggg,,ppppPWBADDC03.mmm.hhh.ggg,ppppPWBADDC03,999209406,endpoint_services_processes windows_endpoint_processes windows_event_signature windows_process_new wineventlog_security wineventlog_windows winsec,,,ppppPWBADDC03,999209406,occs-sss-windows,1,A new process has been created,C:\Windows\System32\where.exe,0x2cb8,where.exe,,,,,,,C:\Windows\System32\cmd.exe,0x4744,cmd.exe,C:\Windows\System32\cmd.exe,C:\Windows\System32\where.exe /Q repadmin,/Q repadmin,where,where.exe,0x2cb8,where.exe,C:\Windows\System32\where.exe,Windows,<_='://../////'><><_='---'_='{----}'/><></><></><>,,,,,,,,0x3e7,,,A new process has been created,4688,XmlWinEventLog:Security,XmlWinEventLog,bbbbbsplunkes03,,,MMM,,ppppPWBADDC03$,,success,A new process has been created,failure,,,"execute
os
process
report
security
start
track_event_signatures
windows",,,,"execute
os
process
report
security
start
track_event_signatures
windows",,,ppppPWBADDC03$,-,,,,,Microsoft,,Microsoft Windows
,,,,,MMM,,,ppppPWBADDC03$,,,Security,,,,,,where  /Q repadmin,ppppPWBADDC03.mmm.hhh.ggg,,,,-,4688,<Data Name='SubjectUserSid'>NT AUTHORITY\SYSTEM</Data><Data Name='SubjectUserName'>ppppPWBADDC03$</Data><Data Name='SubjectDomainName'>MMM</Data><Data Name='SubjectLogonId'>0x3e7</Data><Data Name='NewProcessId'>0x47d0</Data><Data Name='NewProcessName'>C:\Windows\System32\where.exe</Data><Data Name='TokenElevationType'>%%1936</Data><Data Name='ProcessId'>0x4240</Data><Data Name='CommandLine'>where  /Q repadmin </Data><Data Name='TargetUserSid'>NULL SID</Data><Data Name='TargetUserName'>-</Data><Data Name='TargetDomainName'>-</Data><Data Name='TargetLogonId'>0x0</Data><Data Name='ParentProcessName'>C:\Windows\System32\cmd.exe</Data><Data Name='MandatoryLabel'>Mandatory Label\System Mandatory Level</Data>,4688.0,999206328,,,,,,,,,,,0x8020000000000000,0,,,,0x3e7,,Mandatory Label\System Mandatory Level,,,,,'Microsoft-Windows-Security-Auditing',0x47d0,C:\Windows\System32\where.exe,,,,,,0,C:\Windows\System32\cmd.exe,,,,'4',0x4240,,where  /Q repadmin,,999206328,,,,,,,MMM,0x3e7,ppppPWBADDC03$,NT AUTHORITY\SYSTEM,,'2026-05-19T03:53:53.4213077Z',<Provider Name='Microsoft-Windows-Security-Auditing' Guid='{54849625-5478-4994-a5ba-3e3b0328c30d}'/><EventID>4688</EventID><Version>2</Version><Level>0</Level><Task>13312</Task><Opcode>0</Opcode><Keywords>0x8020000000000000</Keywords><TimeCreated SystemTime='2026-05-19T03:53:53.4213077Z'/><EventRecordID>999206328</EventRecordID><Correlation/><Execution ProcessID='4' ThreadID='2552'/><Channel>Security</Channel><Computer>ppppPWBADDC03.mmm.hhh.ggg</Computer><Security/>,-,0x0,,,-,NULL SID,,,-,,-,13312,'2552',%%1936,%%1936,1936.0,,,,,2,,,,,2026-05-18T23:53:53.421-0400,allowed,win:unknown,,,,,ppppPWBADDC03.mmm.hhh.ggg,,ppppPWBADDC03.mmm.hhh.ggg,ppppPWBADDC03,999206328,endpoint_services_processes windows_endpoint_processes windows_event_signature windows_process_new wineventlog_security wineventlog_windows winsec,,,ppppPWBADDC03,999206328,occs-sss-windows,1,A new process has been created,C:\Windows\System32\where.exe,0x47d0,where.exe,,,,,,,C:\Windows\System32\cmd.exe,0x4240,cmd.exe,C:\Windows\System32\cmd.exe,C:\Windows\System32\where.exe /Q repadmin,/Q repadmin,where,where.exe,0x47d0,where.exe,C:\Windows\System32\where.exe,Windows,<_='://../////'><><_='---'_='{----}'/><></><></><>,,,,,,,,0x3e7,,,A new process has been created,4688,XmlWinEventLog:Security,XmlWinEventLog,bbbbbsplunkes01,,,MMM,,ppppPWBADDC03$,,success,A new process has been created,failure,,,"execute
os
process
report
security
start
track_event_signatures
windows",,,,"execute
os
process
report
security
start
track_event_signatures
windows",,,ppppPWBADDC03$,-,,,,,Microsoft,,Microsoft Windows
,,,,,MMM,,,ppppPWBADDC03$,,,Security,,,,,,where  /Q repadmin,ppppPWBADDC03.mmm.hhh.ggg,,,,-,4688,<Data Name='SubjectUserSid'>NT AUTHORITY\SYSTEM</Data><Data Name='SubjectUserName'>ppppPWBADDC03$</Data><Data Name='SubjectDomainName'>MMM</Data><Data Name='SubjectLogonId'>0x3e7</Data><Data Name='NewProcessId'>0x42e8</Data><Data Name='NewProcessName'>C:\Windows\System32\where.exe</Data><Data Name='TokenElevationType'>%%1936</Data><Data Name='ProcessId'>0x3d0</Data><Data Name='CommandLine'>where  /Q repadmin </Data><Data Name='TargetUserSid'>NULL SID</Data><Data Name='TargetUserName'>-</Data><Data Name='TargetDomainName'>-</Data><Data Name='TargetLogonId'>0x0</Data><Data Name='ParentProcessName'>C:\Windows\System32\cmd.exe</Data><Data Name='MandatoryLabel'>Mandatory Label\System Mandatory Level</Data>,4688.0,999203112,,,,,,,,,,,0x8020000000000000,0,,,,0x3e7,,Mandatory Label\System Mandatory Level,,,,,'Microsoft-Windows-Security-Auditing',0x42e8,C:\Windows\System32\where.exe,,,,,,0,C:\Windows\System32\cmd.exe,,,,'4',0x3d0,,where  /Q repadmin,,999203112,,,,,,,MMM,0x3e7,ppppPWBADDC03$,NT AUTHORITY\SYSTEM,,'2026-05-19T03:48:51.0232321Z',<Provider Name='Microsoft-Windows-Security-Auditing' Guid='{54849625-5478-4994-a5ba-3e3b0328c30d}'/><EventID>4688</EventID><Version>2</Version><Level>0</Level><Task>13312</Task><Opcode>0</Opcode><Keywords>0x8020000000000000</Keywords><TimeCreated SystemTime='2026-05-19T03:48:51.0232321Z'/><EventRecordID>999203112</EventRecordID><Correlation/><Execution ProcessID='4' ThreadID='15572'/><Channel>Security</Channel><Computer>ppppPWBADDC03.mmm.hhh.ggg</Computer><Security/>,-,0x0,,,-,NULL SID,,,-,,-,13312,'15572',%%1936,%%1936,1936.0,,,,,2,,,,,2026-05-18T23:48:51.023-0400,allowed,win:unknown,,,,,ppppPWBADDC03.mmm.hhh.ggg,,ppppPWBADDC03.mmm.hhh.ggg,ppppPWBADDC03,999203112,endpoint_services_processes windows_endpoint_processes windows_event_signature windows_process_new wineventlog_security wineventlog_windows winsec,,,ppppPWBADDC03,999203112,occs-sss-windows,1,A new process has been created,C:\Windows\System32\where.exe,0x42e8,where.exe,,,,,,,C:\Windows\System32\cmd.exe,0x3d0,cmd.exe,C:\Windows\System32\cmd.exe,C:\Windows\System32\where.exe /Q repadmin,/Q repadmin,where,where.exe,0x42e8,where.exe,C:\Windows\System32\where.exe,Windows,<_='://../////'><><_='---'_='{----}'/><></><></><>,,,,,,,,0x3e7,,,A new process has been created,4688,XmlWinEventLog:Security,XmlWinEventLog,bbbbbsplunkes02,,,MMM,,ppppPWBADDC03$,,success,A new process has been created,failure,,,"execute
os
process
report
security
start
track_event_signatures
windows",,,,"execute
os
process
report
security
start
track_event_signatures
windows",,,ppppPWBADDC03$,-,,,,,Microsoft,,Microsoft Windows
,,,,,MMM,,,ppppPWBADDC03$,,,Security,,,,,,where  /Q repadmin,ppppPWBADDC03.mmm.hhh.ggg,,,,-,4688,<Data Name='SubjectUserSid'>NT AUTHORITY\SYSTEM</Data><Data Name='SubjectUserName'>ppppPWBADDC03$</Data><Data Name='SubjectDomainName'>MMM</Data><Data Name='SubjectLogonId'>0x3e7</Data><Data Name='NewProcessId'>0x12f8</Data><Data Name='NewProcessName'>C:\Windows\System32\where.exe</Data><Data Name='TokenElevationType'>%%1936</Data><Data Name='ProcessId'>0x888</Data><Data Name='CommandLine'>where  /Q repadmin </Data><Data Name='TargetUserSid'>NULL SID</Data><Data Name='TargetUserName'>-</Data><Data Name='TargetDomainName'>-</Data><Data Name='TargetLogonId'>0x0</Data><Data Name='ParentProcessName'>C:\Windows\System32\cmd.exe</Data><Data Name='MandatoryLabel'>Mandatory Label\System Mandatory Level</Data>,4688.0,999200083,,,,,,,,,,,0x8020000000000000,0,,,,0x3e7,,Mandatory Label\System Mandatory Level,,,,,'Microsoft-Windows-Security-Auditing',0x12f8,C:\Windows\System32\where.exe,,,,,,0,C:\Windows\System32\cmd.exe,,,,'4',0x888,,where  /Q repadmin,,999200083,,,,,,,MMM,0x3e7,ppppPWBADDC03$,NT AUTHORITY\SYSTEM,,'2026-05-19T03:43:48.6742867Z',<Provider Name='Microsoft-Windows-Security-Auditing' Guid='{54849625-5478-4994-a5ba-3e3b0328c30d}'/><EventID>4688</EventID><Version>2</Version><Level>0</Level><Task>13312</Task><Opcode>0</Opcode><Keywords>0x8020000000000000</Keywords><TimeCreated SystemTime='2026-05-19T03:43:48.6742867Z'/><EventRecordID>999200083</EventRecordID><Correlation/><Execution ProcessID='4' ThreadID='11248'/><Channel>Security</Channel><Computer>ppppPWBADDC03.mmm.hhh.ggg</Computer><Security/>,-,0x0,,,-,NULL SID,,,-,,-,13312,'11248',%%1936,%%1936,1936.0,,,,,2,,,,,2026-05-18T23:43:48.674-0400,allowed,win:unknown,,,,,ppppPWBADDC03.mmm.hhh.ggg,,ppppPWBADDC03.mmm.hhh.ggg,ppppPWBADDC03,999200083,endpoint_services_processes windows_endpoint_processes windows_event_signature windows_process_new wineventlog_security wineventlog_windows winsec,,,ppppPWBADDC03,999200083,occs-sss-windows,1,A new process has been created,C:\Windows\System32\where.exe,0x12f8,where.exe,,,,,,,C:\Windows\System32\cmd.exe,0x888,cmd.exe,C:\Windows\System32\cmd.exe,C:\Windows\System32\where.exe /Q repadmin,/Q repadmin,where,where.exe,0x12f8,where.exe,C:\Windows\System32\where.exe,Windows,<_='://../////'><><_='---'_='{----}'/><></><></><>,,,,,,,,0x3e7,,,A new process has been created,4688,XmlWinEventLog:Security,XmlWinEventLog,bbbbbsplunkes02,,,MMM,,ppppPWBADDC03$,,success,A new process has been created,failure,,,"execute
os
process
report
security
start
track_event_signatures
windows",,,,"execute
os
process
report
security
start
track_event_signatures
windows",,,ppppPWBADDC03$,-,,,,,Microsoft,,Microsoft Windows
,,,,,MMM,,,ppppPWBADDC03$,,,Security,,,,,,where  /Q repadmin,ppppPWBADDC03.mmm.hhh.ggg,,,,-,4688,<Data Name='SubjectUserSid'>NT AUTHORITY\SYSTEM</Data><Data Name='SubjectUserName'>ppppPWBADDC03$</Data><Data Name='SubjectDomainName'>MMM</Data><Data Name='SubjectLogonId'>0x3e7</Data><Data Name='NewProcessId'>0x47bc</Data><Data Name='NewProcessName'>C:\Windows\System32\where.exe</Data><Data Name='TokenElevationType'>%%1936</Data><Data Name='ProcessId'>0x3520</Data><Data Name='CommandLine'>where  /Q repadmin </Data><Data Name='TargetUserSid'>NULL SID</Data><Data Name='TargetUserName'>-</Data><Data Name='TargetDomainName'>-</Data><Data Name='TargetLogonId'>0x0</Data><Data Name='ParentProcessName'>C:\Windows\System32\cmd.exe</Data><Data Name='MandatoryLabel'>Mandatory Label\System Mandatory Level</Data>,4688.0,999197020,,,,,,,,,,,0x8020000000000000,0,,,,0x3e7,,Mandatory Label\System Mandatory Level,,,,,'Microsoft-Windows-Security-Auditing',0x47bc,C:\Windows\System32\where.exe,,,,,,0,C:\Windows\System32\cmd.exe,,,,'4',0x3520,,where  /Q repadmin,,999197020,,,,,,,MMM,0x3e7,ppppPWBADDC03$,NT AUTHORITY\SYSTEM,,'2026-05-19T03:38:46.3299225Z',<Provider Name='Microsoft-Windows-Security-Auditing' Guid='{54849625-5478-4994-a5ba-3e3b0328c30d}'/><EventID>4688</EventID><Version>2</Version><Level>0</Level><Task>13312</Task><Opcode>0</Opcode><Keywords>0x8020000000000000</Keywords><TimeCreated SystemTime='2026-05-19T03:38:46.3299225Z'/><EventRecordID>999197020</EventRecordID><Correlation/><Execution ProcessID='4' ThreadID='8860'/><Channel>Security</Channel><Computer>ppppPWBADDC03.mmm.hhh.ggg</Computer><Security/>,-,0x0,,,-,NULL SID,,,-,,-,13312,'8860',%%1936,%%1936,1936.0,,,,,2,,,,,2026-05-18T23:38:46.329-0400,allowed,win:unknown,,,,,ppppPWBADDC03.mmm.hhh.ggg,,ppppPWBADDC03.mmm.hhh.ggg,ppppPWBADDC03,999197020,endpoint_services_processes windows_endpoint_processes windows_event_signature windows_process_new wineventlog_security wineventlog_windows winsec,,,ppppPWBADDC03,999197020,occs-sss-windows,1,A new process has been created,C:\Windows\System32\where.exe,0x47bc,where.exe,,,,,,,C:\Windows\System32\cmd.exe,0x3520,cmd.exe,C:\Windows\System32\cmd.exe,C:\Windows\System32\where.exe /Q repadmin,/Q repadmin,where,where.exe,0x47bc,where.exe,C:\Windows\System32\where.exe,Windows,<_='://../////'><><_='---'_='{----}'/><></><></><>,,,,,,,,0x3e7,,,A new process has been created,4688,XmlWinEventLog:Security,XmlWinEventLog,bbbbbsplunkes02,,,MMM,,ppppPWBADDC03$,,success,A new process has been created,failure,,,"execute
os
process
report
security
start
track_event_signatures
windows",,,,"execute
os
process
report
security
start
track_event_signatures
windows",,,ppppPWBADDC03$,-,,,,,Microsoft,,Microsoft Windows
,,,,,MMM,,,ppppPWBADDC03$,,,Security,,,,,,where  /Q repadmin,ppppPWBADDC03.mmm.hhh.ggg,,,,-,4688,<Data Name='SubjectUserSid'>NT AUTHORITY\SYSTEM</Data><Data Name='SubjectUserName'>ppppPWBADDC03$</Data><Data Name='SubjectDomainName'>MMM</Data><Data Name='SubjectLogonId'>0x3e7</Data><Data Name='NewProcessId'>0x3c48</Data><Data Name='NewProcessName'>C:\Windows\System32\where.exe</Data><Data Name='TokenElevationType'>%%1936</Data><Data Name='ProcessId'>0x47d4</Data><Data Name='CommandLine'>where  /Q repadmin </Data><Data Name='TargetUserSid'>NULL SID</Data><Data Name='TargetUserName'>-</Data><Data Name='TargetDomainName'>-</Data><Data Name='TargetLogonId'>0x0</Data><Data Name='ParentProcessName'>C:\Windows\System32\cmd.exe</Data><Data Name='MandatoryLabel'>Mandatory Label\System Mandatory Level</Data>,4688.0,999193121,,,,,,,,,,,0x8020000000000000,0,,,,0x3e7,,Mandatory Label\System Mandatory Level,,,,,'Microsoft-Windows-Security-Auditing',0x3c48,C:\Windows\System32\where.exe,,,,,,0,C:\Windows\System32\cmd.exe,,,,'4',0x47d4,,where  /Q repadmin,,999193121,,,,,,,MMM,0x3e7,ppppPWBADDC03$,NT AUTHORITY\SYSTEM,,'2026-05-19T03:33:43.3357266Z',<Provider Name='Microsoft-Windows-Security-Auditing' Guid='{54849625-5478-4994-a5ba-3e3b0328c30d}'/><EventID>4688</EventID><Version>2</Version><Level>0</Level><Task>13312</Task><Opcode>0</Opcode><Keywords>0x8020000000000000</Keywords><TimeCreated SystemTime='2026-05-19T03:33:43.3357266Z'/><EventRecordID>999193121</EventRecordID><Correlation/><Execution ProcessID='4' ThreadID='18332'/><Channel>Security</Channel><Computer>ppppPWBADDC03.mmm.hhh.ggg</Computer><Security/>,-,0x0,,,-,NULL SID,,,-,,-,13312,'18332',%%1936,%%1936,1936.0,,,,,2,,,,,2026-05-18T23:33:43.335-0400,allowed,win:unknown,,,,,ppppPWBADDC03.mmm.hhh.ggg,,ppppPWBADDC03.mmm.hhh.ggg,ppppPWBADDC03,999193121,endpoint_services_processes windows_endpoint_processes windows_event_signature windows_process_new wineventlog_security wineventlog_windows winsec,,,ppppPWBADDC03,999193121,occs-sss-windows,1,A new process has been created,C:\Windows\System32\where.exe,0x3c48,where.exe,,,,,,,C:\Windows\System32\cmd.exe,0x47d4,cmd.exe,C:\Windows\System32\cmd.exe,C:\Windows\System32\where.exe /Q repadmin,/Q repadmin,where,where.exe,0x3c48,where.exe,C:\Windows\System32\where.exe,Windows,<_='://../////'><><_='---'_='{----}'/><></><></><>,,,,,,,,0x3e7,,,A new process has been created,4688,XmlWinEventLog:Security,XmlWinEventLog,bbbbbsplunkes02,,,MMM,,ppppPWBADDC03$,,success,A new process has been created,failure,,,"execute
os
process
report
security
start
track_event_signatures
windows",,,,"execute
os
process
report
security
start
track_event_signatures
windows",,,ppppPWBADDC03$,-,,,,,Microsoft,,Microsoft Windows
,,,,,MMM,,,ppppPWBADDC03$,,,Security,,,,,,where  /Q repadmin,ppppPWBADDC03.mmm.hhh.ggg,,,,-,4688,<Data Name='SubjectUserSid'>NT AUTHORITY\SYSTEM</Data><Data Name='SubjectUserName'>ppppPWBADDC03$</Data><Data Name='SubjectDomainName'>MMM</Data><Data Name='SubjectLogonId'>0x3e7</Data><Data Name='NewProcessId'>0x447c</Data><Data Name='NewProcessName'>C:\Windows\System32\where.exe</Data><Data Name='TokenElevationType'>%%1936</Data><Data Name='ProcessId'>0x3a9c</Data><Data Name='CommandLine'>where  /Q repadmin </Data><Data Name='TargetUserSid'>NULL SID</Data><Data Name='TargetUserName'>-</Data><Data Name='TargetDomainName'>-</Data><Data Name='TargetLogonId'>0x0</Data><Data Name='ParentProcessName'>C:\Windows\System32\cmd.exe</Data><Data Name='MandatoryLabel'>Mandatory Label\System Mandatory Level</Data>,4688.0,999189492,,,,,,,,,,,0x8020000000000000,0,,,,0x3e7,,Mandatory Label\System Mandatory Level,,,,,'Microsoft-Windows-Security-Auditing',0x447c,C:\Windows\System32\where.exe,,,,,,0,C:\Windows\System32\cmd.exe,,,,'4',0x3a9c,,where  /Q repadmin,,999189492,,,,,,,MMM,0x3e7,ppppPWBADDC03$,NT AUTHORITY\SYSTEM,,'2026-05-19T03:28:40.9713886Z',<Provider Name='Microsoft-Windows-Security-Auditing' Guid='{54849625-5478-4994-a5ba-3e3b0328c30d}'/><EventID>4688</EventID><Version>2</Version><Level>0</Level><Task>13312</Task><Opcode>0</Opcode><Keywords>0x8020000000000000</Keywords><TimeCreated SystemTime='2026-05-19T03:28:40.9713886Z'/><EventRecordID>999189492</EventRecordID><Correlation/><Execution ProcessID='4' ThreadID='4408'/><Channel>Security</Channel><Computer>ppppPWBADDC03.mmm.hhh.ggg</Computer><Security/>,-,0x0,,,-,NULL SID,,,-,,-,13312,'4408',%%1936,%%1936,1936.0,,,,,2,,,,,2026-05-18T23:28:40.971-0400,allowed,win:unknown,,,,,ppppPWBADDC03.mmm.hhh.ggg,,ppppPWBADDC03.mmm.hhh.ggg,ppppPWBADDC03,999189492,endpoint_services_processes windows_endpoint_processes windows_event_signature windows_process_new wineventlog_security wineventlog_windows winsec,,,ppppPWBADDC03,999189492,occs-sss-windows,1,A new process has been created,C:\Windows\System32\where.exe,0x447c,where.exe,,,,,,,C:\Windows\System32\cmd.exe,0x3a9c,cmd.exe,C:\Windows\System32\cmd.exe,C:\Windows\System32\where.exe /Q repadmin,/Q repadmin,where,where.exe,0x447c,where.exe,C:\Windows\System32\where.exe,Windows,<_='://../////'><><_='---'_='{----}'/><></><></><>,,,,,,,,0x3e7,,,A new process has been created,4688,XmlWinEventLog:Security,XmlWinEventLog,bbbbbsplunkes01,,,MMM,,ppppPWBADDC03$,,success,A new process has been created,failure,,,"execute
os
process
report
security
start
track_event_signatures
windows",,,,"execute
os
process
report
security
start
track_event_signatures
windows",,,ppppPWBADDC03$,-,,,,,Microsoft,,Microsoft Windows
,,,,,MMM,,,ppppPWBADDC03$,,,Security,,,,,,where  /Q repadmin,ppppPWBADDC03.mmm.hhh.ggg,,,,-,4688,<Data Name='SubjectUserSid'>NT AUTHORITY\SYSTEM</Data><Data Name='SubjectUserName'>ppppPWBADDC03$</Data><Data Name='SubjectDomainName'>MMM</Data><Data Name='SubjectLogonId'>0x3e7</Data><Data Name='NewProcessId'>0x3e98</Data><Data Name='NewProcessName'>C:\Windows\System32\where.exe</Data><Data Name='TokenElevationType'>%%1936</Data><Data Name='ProcessId'>0x4308</Data><Data Name='CommandLine'>where  /Q repadmin </Data><Data Name='TargetUserSid'>NULL SID</Data><Data Name='TargetUserName'>-</Data><Data Name='TargetDomainName'>-</Data><Data Name='TargetLogonId'>0x0</Data><Data Name='ParentProcessName'>C:\Windows\System32\cmd.exe</Data><Data Name='MandatoryLabel'>Mandatory Label\System Mandatory Level</Data>,4688.0,999184558,,,,,,,,,,,0x8020000000000000,0,,,,0x3e7,,Mandatory Label\System Mandatory Level,,,,,'Microsoft-Windows-Security-Auditing',0x3e98,C:\Windows\System32\where.exe,,,,,,0,C:\Windows\System32\cmd.exe,,,,'4',0x4308,,where  /Q repadmin,,999184558,,,,,,,MMM,0x3e7,ppppPWBADDC03$,NT AUTHORITY\SYSTEM,,'2026-05-19T03:23:38.6870073Z',<Provider Name='Microsoft-Windows-Security-Auditing' Guid='{54849625-5478-4994-a5ba-3e3b0328c30d}'/><EventID>4688</EventID><Version>2</Version><Level>0</Level><Task>13312</Task><Opcode>0</Opcode><Keywords>0x8020000000000000</Keywords><TimeCreated SystemTime='2026-05-19T03:23:38.6870073Z'/><EventRecordID>999184558</EventRecordID><Correlation/><Execution ProcessID='4' ThreadID='14976'/><Channel>Security</Channel><Computer>ppppPWBADDC03.mmm.hhh.ggg</Computer><Security/>,-,0x0,,,-,NULL SID,,,-,,-,13312,'14976',%%1936,%%1936,1936.0,,,,,2,,,,,2026-05-18T23:23:38.687-0400,allowed,win:unknown,,,,,ppppPWBADDC03.mmm.hhh.ggg,,ppppPWBADDC03.mmm.hhh.ggg,ppppPWBADDC03,999184558,endpoint_services_processes windows_endpoint_processes windows_event_signature windows_process_new wineventlog_security wineventlog_windows winsec,,,ppppPWBADDC03,999184558,occs-sss-windows,1,A new process has been created,C:\Windows\System32\where.exe,0x3e98,where.exe,,,,,,,C:\Windows\System32\cmd.exe,0x4308,cmd.exe,C:\Windows\System32\cmd.exe,C:\Windows\System32\where.exe /Q repadmin,/Q repadmin,where,where.exe,0x3e98,where.exe,C:\Windows\System32\where.exe,Windows,<_='://../////'><><_='---'_='{----}'/><></><></><>,,,,,,,,0x3e7,,,A new process has been created,4688,XmlWinEventLog:Security,XmlWinEventLog,bbbbbsplunkes02,,,MMM,,ppppPWBADDC03$,,success,A new process has been created,failure,,,"execute
os
process
report
security
start
track_event_signatures
windows",,,,"execute
os
process
report
security
start
track_event_signatures
windows",,,ppppPWBADDC03$,-,,,,,Microsoft,,Microsoft Windows
,,,,,MMM,,,ppppPWBADDC03$,,,Security,,,,,,where  /Q repadmin,ppppPWBADDC03.mmm.hhh.ggg,,,,-,4688,<Data Name='SubjectUserSid'>NT AUTHORITY\SYSTEM</Data><Data Name='SubjectUserName'>ppppPWBADDC03$</Data><Data Name='SubjectDomainName'>MMM</Data><Data Name='SubjectLogonId'>0x3e7</Data><Data Name='NewProcessId'>0x3c38</Data><Data Name='NewProcessName'>C:\Windows\System32\where.exe</Data><Data Name='TokenElevationType'>%%1936</Data><Data Name='ProcessId'>0x4248</Data><Data Name='CommandLine'>where  /Q repadmin </Data><Data Name='TargetUserSid'>NULL SID</Data><Data Name='TargetUserName'>-</Data><Data Name='TargetDomainName'>-</Data><Data Name='TargetLogonId'>0x0</Data><Data Name='ParentProcessName'>C:\Windows\System32\cmd.exe</Data><Data Name='MandatoryLabel'>Mandatory Label\System Mandatory Level</Data>,4688.0,999180666,,,,,,,,,,,0x8020000000000000,0,,,,0x3e7,,Mandatory Label\System Mandatory Level,,,,,'Microsoft-Windows-Security-Auditing',0x3c38,C:\Windows\System32\where.exe,,,,,,0,C:\Windows\System32\cmd.exe,,,,'4',0x4248,,where  /Q repadmin,,999180666,,,,,,,MMM,0x3e7,ppppPWBADDC03$,NT AUTHORITY\SYSTEM,,'2026-05-19T03:18:36.3513843Z',<Provider Name='Microsoft-Windows-Security-Auditing' Guid='{54849625-5478-4994-a5ba-3e3b0328c30d}'/><EventID>4688</EventID><Version>2</Version><Level>0</Level><Task>13312</Task><Opcode>0</Opcode><Keywords>0x8020000000000000</Keywords><TimeCreated SystemTime='2026-05-19T03:18:36.3513843Z'/><EventRecordID>999180666</EventRecordID><Correlation/><Execution ProcessID='4' ThreadID='11660'/><Channel>Security</Channel><Computer>ppppPWBADDC03.mmm.hhh.ggg</Computer><Security/>,-,0x0,,,-,NULL SID,,,-,,-,13312,'11660',%%1936,%%1936,1936.0,,,,,2,,,,,2026-05-18T23:18:36.351-0400,allowed,win:unknown,,,,,ppppPWBADDC03.mmm.hhh.ggg,,ppppPWBADDC03.mmm.hhh.ggg,ppppPWBADDC03,999180666,endpoint_services_processes windows_endpoint_processes windows_event_signature windows_process_new wineventlog_security wineventlog_windows winsec,,,ppppPWBADDC03,999180666,occs-sss-windows,1,A new process has been created,C:\Windows\System32\where.exe,0x3c38,where.exe,,,,,,,C:\Windows\System32\cmd.exe,0x4248,cmd.exe,C:\Windows\System32\cmd.exe,C:\Windows\System32\where.exe /Q repadmin,/Q repadmin,where,where.exe,0x3c38,where.exe,C:\Windows\System32\where.exe,Windows,<_='://../////'><><_='---'_='{----}'/><></><></><>,,,,,,,,0x3e7,,,A new process has been created,4688,XmlWinEventLog:Security,XmlWinEventLog,bbbbbsplunkes03,,,MMM,,ppppPWBADDC03$,,success,A new process has been created,failure,,,"execute
os
process
report
security
start
track_event_signatures
windows",,,,"execute
os
process
report
security
start
track_event_signatures
windows",,,ppppPWBADDC03$,-,,,,,Microsoft,,Microsoft Windows
,,,,,MMM,,,ppppPWBADDC03$,,,Security,,,,,,where  /Q repadmin,ppppPWBADDC03.mmm.hhh.ggg,,,,-,4688,<Data Name='SubjectUserSid'>NT AUTHORITY\SYSTEM</Data><Data Name='SubjectUserName'>ppppPWBADDC03$</Data><Data Name='SubjectDomainName'>MMM</Data><Data Name='SubjectLogonId'>0x3e7</Data><Data Name='NewProcessId'>0x4390</Data><Data Name='NewProcessName'>C:\Windows\System32\where.exe</Data><Data Name='TokenElevationType'>%%1936</Data><Data Name='ProcessId'>0x4710</Data><Data Name='CommandLine'>where  /Q repadmin </Data><Data Name='TargetUserSid'>NULL SID</Data><Data Name='TargetUserName'>-</Data><Data Name='TargetDomainName'>-</Data><Data Name='TargetLogonId'>0x0</Data><Data Name='ParentProcessName'>C:\Windows\System32\cmd.exe</Data><Data Name='MandatoryLabel'>Mandatory Label\System Mandatory Level</Data>,4688.0,999173249,,,,,,,,,,,0x8020000000000000,0,,,,0x3e7,,Mandatory Label\System Mandatory Level,,,,,'Microsoft-Windows-Security-Auditing',0x4390,C:\Windows\System32\where.exe,,,,,,0,C:\Windows\System32\cmd.exe,,,,'4',0x4710,,where  /Q repadmin,,999173249,,,,,,,MMM,0x3e7,ppppPWBADDC03$,NT AUTHORITY\SYSTEM,,'2026-05-19T03:13:33.3372680Z',<Provider Name='Microsoft-Windows-Security-Auditing' Guid='{54849625-5478-4994-a5ba-3e3b0328c30d}'/><EventID>4688</EventID><Version>2</Version><Level>0</Level><Task>13312</Task><Opcode>0</Opcode><Keywords>0x8020000000000000</Keywords><TimeCreated SystemTime='2026-05-19T03:13:33.3372680Z'/><EventRecordID>999173249</EventRecordID><Correlation/><Execution ProcessID='4' ThreadID='17352'/><Channel>Security</Channel><Computer>ppppPWBADDC03.mmm.hhh.ggg</Computer><Security/>,-,0x0,,,-,NULL SID,,,-,,-,13312,'17352',%%1936,%%1936,1936.0,,,,,2,,,,,2026-05-18T23:13:33.337-0400,allowed,win:unknown,,,,,ppppPWBADDC03.mmm.hhh.ggg,,ppppPWBADDC03.mmm.hhh.ggg,ppppPWBADDC03,999173249,endpoint_services_processes windows_endpoint_processes windows_event_signature windows_process_new wineventlog_security wineventlog_windows winsec,,,ppppPWBADDC03,999173249,occs-sss-windows,1,A new process has been created,C:\Windows\System32\where.exe,0x4390,where.exe,,,,,,,C:\Windows\System32\cmd.exe,0x4710,cmd.exe,C:\Windows\System32\cmd.exe,C:\Windows\System32\where.exe /Q repadmin,/Q repadmin,where,where.exe,0x4390,where.exe,C:\Windows\System32\where.exe,Windows,<_='://../////'><><_='---'_='{----}'/><></><></><>,,,,,,,,0x3e7,,,A new process has been created,4688,XmlWinEventLog:Security,XmlWinEventLog,bbbbbsplunkes01,,,MMM,,ppppPWBADDC03$,,success,A new process has been created,failure,,,"execute
os
process
report
security
start
track_event_signatures
windows",,,,"execute
os
process
report
security
start
track_event_signatures
windows",,,ppppPWBADDC03$,-,,,,,Microsoft,,Microsoft Windows
,,,,,MMM,,,ppppPWBADDC03$,,,Security,,,,,,where  /Q repadmin,ppppPWBADDC03.mmm.hhh.ggg,,,,-,4688,<Data Name='SubjectUserSid'>NT AUTHORITY\SYSTEM</Data><Data Name='SubjectUserName'>ppppPWBADDC03$</Data><Data Name='SubjectDomainName'>MMM</Data><Data Name='SubjectLogonId'>0x3e7</Data><Data Name='NewProcessId'>0x3fe4</Data><Data Name='NewProcessName'>C:\Windows\System32\where.exe</Data><Data Name='TokenElevationType'>%%1936</Data><Data Name='ProcessId'>0xb9c</Data><Data Name='CommandLine'>where  /Q repadmin </Data><Data Name='TargetUserSid'>NULL SID</Data><Data Name='TargetUserName'>-</Data><Data Name='TargetDomainName'>-</Data><Data Name='TargetLogonId'>0x0</Data><Data Name='ParentProcessName'>C:\Windows\System32\cmd.exe</Data><Data Name='MandatoryLabel'>Mandatory Label\System Mandatory Level</Data>,4688.0,999164386,,,,,,,,,,,0x8020000000000000,0,,,,0x3e7,,Mandatory Label\System Mandatory Level,,,,,'Microsoft-Windows-Security-Auditing',0x3fe4,C:\Windows\System32\where.exe,,,,,,0,C:\Windows\System32\cmd.exe,,,,'4',0xb9c,,where  /Q repadmin,,999164386,,,,,,,MMM,0x3e7,ppppPWBADDC03$,NT AUTHORITY\SYSTEM,,'2026-05-19T03:08:30.9390572Z',<Provider Name='Microsoft-Windows-Security-Auditing' Guid='{54849625-5478-4994-a5ba-3e3b0328c30d}'/><EventID>4688</EventID><Version>2</Version><Level>0</Level><Task>13312</Task><Opcode>0</Opcode><Keywords>0x8020000000000000</Keywords><TimeCreated SystemTime='2026-05-19T03:08:30.9390572Z'/><EventRecordID>999164386</EventRecordID><Correlation/><Execution ProcessID='4' ThreadID='15100'/><Channel>Security</Channel><Computer>ppppPWBADDC03.mmm.hhh.ggg</Computer><Security/>,-,0x0,,,-,NULL SID,,,-,,-,13312,'15100',%%1936,%%1936,1936.0,,,,,2,,,,,2026-05-18T23:08:30.939-0400,allowed,win:unknown,,,,,ppppPWBADDC03.mmm.hhh.ggg,,ppppPWBADDC03.mmm.hhh.ggg,ppppPWBADDC03,999164386,endpoint_services_processes windows_endpoint_processes windows_event_signature windows_process_new wineventlog_security wineventlog_windows winsec,,,ppppPWBADDC03,999164386,occs-sss-windows,1,A new process has been created,C:\Windows\System32\where.exe,0x3fe4,where.exe,,,,,,,C:\Windows\System32\cmd.exe,0xb9c,cmd.exe,C:\Windows\System32\cmd.exe,C:\Windows\System32\where.exe /Q repadmin,/Q repadmin,where,where.exe,0x3fe4,where.exe,C:\Windows\System32\where.exe,Windows,<_='://../////'><><_='---'_='{----}'/><></><></><>,,,,,,,,0x3e7,,,A new process has been created,4688,XmlWinEventLog:Security,XmlWinEventLog,bbbbbsplunkes01,,,MMM,,ppppPWBADDC03$,,success,A new process has been created,failure,,,"execute
os
process
report
security
start
track_event_signatures
windows",,,,"execute
os
process
report
security
start
track_event_signatures
windows",,,ppppPWBADDC03$,-,,,,,Microsoft,,Microsoft Windows
,,,,,MMM,,,ppppPWBADDC03$,,,Security,,,,,,where  /Q repadmin,ppppPWBADDC03.mmm.hhh.ggg,,,,-,4688,<Data Name='SubjectUserSid'>NT AUTHORITY\SYSTEM</Data><Data Name='SubjectUserName'>ppppPWBADDC03$</Data><Data Name='SubjectDomainName'>MMM</Data><Data Name='SubjectLogonId'>0x3e7</Data><Data Name='NewProcessId'>0x36a8</Data><Data Name='NewProcessName'>C:\Windows\System32\where.exe</Data><Data Name='TokenElevationType'>%%1936</Data><Data Name='ProcessId'>0x4730</Data><Data Name='CommandLine'>where  /Q repadmin </Data><Data Name='TargetUserSid'>NULL SID</Data><Data Name='TargetUserName'>-</Data><Data Name='TargetDomainName'>-</Data><Data Name='TargetLogonId'>0x0</Data><Data Name='ParentProcessName'>C:\Windows\System32\cmd.exe</Data><Data Name='MandatoryLabel'>Mandatory Label\System Mandatory Level</Data>,4688.0,999152049,,,,,,,,,,,0x8020000000000000,0,,,,0x3e7,,Mandatory Label\System Mandatory Level,,,,,'Microsoft-Windows-Security-Auditing',0x36a8,C:\Windows\System32\where.exe,,,,,,0,C:\Windows\System32\cmd.exe,,,,'4',0x4730,,where  /Q repadmin,,999152049,,,,,,,MMM,0x3e7,ppppPWBADDC03$,NT AUTHORITY\SYSTEM,,'2026-05-19T03:03:28.6009446Z',<Provider Name='Microsoft-Windows-Security-Auditing' Guid='{54849625-5478-4994-a5ba-3e3b0328c30d}'/><EventID>4688</EventID><Version>2</Version><Level>0</Level><Task>13312</Task><Opcode>0</Opcode><Keywords>0x8020000000000000</Keywords><TimeCreated SystemTime='2026-05-19T03:03:28.6009446Z'/><EventRecordID>999152049</EventRecordID><Correlation/><Execution ProcessID='4' ThreadID='11660'/><Channel>Security</Channel><Computer>ppppPWBADDC03.mmm.hhh.ggg</Computer><Security/>,-,0x0,,,-,NULL SID,,,-,,-,13312,'11660',%%1936,%%1936,1936.0,,,,,2,,,,,2026-05-18T23:03:28.600-0400,allowed,win:unknown,,,,,ppppPWBADDC03.mmm.hhh.ggg,,ppppPWBADDC03.mmm.hhh.ggg,ppppPWBADDC03,999152049,endpoint_services_processes windows_endpoint_processes windows_event_signature windows_process_new wineventlog_security wineventlog_windows winsec,,,ppppPWBADDC03,999152049,occs-sss-windows,1,A new process has been created,C:\Windows\System32\where.exe,0x36a8,where.exe,,,,,,,C:\Windows\System32\cmd.exe,0x4730,cmd.exe,C:\Windows\System32\cmd.exe,C:\Windows\System32\where.exe /Q repadmin,/Q repadmin,where,where.exe,0x36a8,where.exe,C:\Windows\System32\where.exe,Windows,<_='://../////'><><_='---'_='{----}'/><></><></><>,,,,,,,,0x3e7,,,A new process has been created,4688,XmlWinEventLog:Security,XmlWinEventLog,bbbbbsplunkes01,,,MMM,,ppppPWBADDC03$,,success,A new process has been created,failure,,,"execute
os
process
report
security
start
track_event_signatures
windows",,,,"execute
os
process
report
security
start
track_event_signatures
windows",,,ppppPWBADDC03$,-,,,,,Microsoft,,Microsoft Windows
,,,,,MMM,,,ppppPWBADDC03$,,,Security,,,,,,where  /Q repadmin,ppppPWBADDC03.mmm.hhh.ggg,,,,-,4688,<Data Name='SubjectUserSid'>NT AUTHORITY\SYSTEM</Data><Data Name='SubjectUserName'>ppppPWBADDC03$</Data><Data Name='SubjectDomainName'>MMM</Data><Data Name='SubjectLogonId'>0x3e7</Data><Data Name='NewProcessId'>0x3eec</Data><Data Name='NewProcessName'>C:\Windows\System32\where.exe</Data><Data Name='TokenElevationType'>%%1936</Data><Data Name='ProcessId'>0x2e24</Data><Data Name='CommandLine'>where  /Q repadmin </Data><Data Name='TargetUserSid'>NULL SID</Data><Data Name='TargetUserName'>-</Data><Data Name='TargetDomainName'>-</Data><Data Name='TargetLogonId'>0x0</Data><Data Name='ParentProcessName'>C:\Windows\System32\cmd.exe</Data><Data Name='MandatoryLabel'>Mandatory Label\System Mandatory Level</Data>,4688.0,999134226,,,,,,,,,,,0x8020000000000000,0,,,,0x3e7,,Mandatory Label\System Mandatory Level,,,,,'Microsoft-Windows-Security-Auditing',0x3eec,C:\Windows\System32\where.exe,,,,,,0,C:\Windows\System32\cmd.exe,,,,'4',0x2e24,,where  /Q repadmin,,999134226,,,,,,,MMM,0x3e7,ppppPWBADDC03$,NT AUTHORITY\SYSTEM,,'2026-05-19T02:58:26.2044190Z',<Provider Name='Microsoft-Windows-Security-Auditing' Guid='{54849625-5478-4994-a5ba-3e3b0328c30d}'/><EventID>4688</EventID><Version>2</Version><Level>0</Level><Task>13312</Task><Opcode>0</Opcode><Keywords>0x8020000000000000</Keywords><TimeCreated SystemTime='2026-05-19T02:58:26.2044190Z'/><EventRecordID>999134226</EventRecordID><Correlation/><Execution ProcessID='4' ThreadID='18212'/><Channel>Security</Channel><Computer>ppppPWBADDC03.mmm.hhh.ggg</Computer><Security/>,-,0x0,,,-,NULL SID,,,-,,-,13312,'18212',%%1936,%%1936,1936.0,,,,,2,,,,,2026-05-18T22:58:26.204-0400,allowed,win:unknown,,,,,ppppPWBADDC03.mmm.hhh.ggg,,ppppPWBADDC03.mmm.hhh.ggg,ppppPWBADDC03,999134226,endpoint_services_processes windows_endpoint_processes windows_event_signature windows_process_new wineventlog_security wineventlog_windows winsec,,,ppppPWBADDC03,999134226,occs-sss-windows,1,A new process has been created,C:\Windows\System32\where.exe,0x3eec,where.exe,,,,,,,C:\Windows\System32\cmd.exe,0x2e24,cmd.exe,C:\Windows\System32\cmd.exe,C:\Windows\System32\where.exe /Q repadmin,/Q repadmin,where,where.exe,0x3eec,where.exe,C:\Windows\System32\where.exe,Windows,<_='://../////'><><_='---'_='{----}'/><></><></><>,,,,,,,,0x3e7,,,A new process has been created,4688,XmlWinEventLog:Security,XmlWinEventLog,bbbbbsplunkes03,,,MMM,,ppppPWBADDC03$,,success,A new process has been created,failure,,,"execute
os
process
report
security
start
track_event_signatures
windows",,,,"execute
os
process
report
security
start
track_event_signatures
windows",,,ppppPWBADDC03$,-,,,,,Microsoft,,Microsoft Windows
,,,,,MMM,,,ppppPWBADDC03$,,,Security,,,,,,where  /Q repadmin,ppppPWBADDC03.mmm.hhh.ggg,,,,-,4688,<Data Name='SubjectUserSid'>NT AUTHORITY\SYSTEM</Data><Data Name='SubjectUserName'>ppppPWBADDC03$</Data><Data Name='SubjectDomainName'>MMM</Data><Data Name='SubjectLogonId'>0x3e7</Data><Data Name='NewProcessId'>0x26e4</Data><Data Name='NewProcessName'>C:\Windows\System32\where.exe</Data><Data Name='TokenElevationType'>%%1936</Data><Data Name='ProcessId'>0x1d8c</Data><Data Name='CommandLine'>where  /Q repadmin </Data><Data Name='TargetUserSid'>NULL SID</Data><Data Name='TargetUserName'>-</Data><Data Name='TargetDomainName'>-</Data><Data Name='TargetLogonId'>0x0</Data><Data Name='ParentProcessName'>C:\Windows\System32\cmd.exe</Data><Data Name='MandatoryLabel'>Mandatory Label\System Mandatory Level</Data>,4688.0,999129039,,,,,,,,,,,0x8020000000000000,0,,,,0x3e7,,Mandatory Label\System Mandatory Level,,,,,'Microsoft-Windows-Security-Auditing',0x26e4,C:\Windows\System32\where.exe,,,,,,0,C:\Windows\System32\cmd.exe,,,,'4',0x1d8c,,where  /Q repadmin,,999129039,,,,,,,MMM,0x3e7,ppppPWBADDC03$,NT AUTHORITY\SYSTEM,,'2026-05-19T02:53:23.0909506Z',<Provider Name='Microsoft-Windows-Security-Auditing' Guid='{54849625-5478-4994-a5ba-3e3b0328c30d}'/><EventID>4688</EventID><Version>2</Version><Level>0</Level><Task>13312</Task><Opcode>0</Opcode><Keywords>0x8020000000000000</Keywords><TimeCreated SystemTime='2026-05-19T02:53:23.0909506Z'/><EventRecordID>999129039</EventRecordID><Correlation/><Execution ProcessID='4' ThreadID='4052'/><Channel>Security</Channel><Computer>ppppPWBADDC03.mmm.hhh.ggg</Computer><Security/>,-,0x0,,,-,NULL SID,,,-,,-,13312,'4052',%%1936,%%1936,1936.0,,,,,2,,,,,2026-05-18T22:53:23.090-0400,allowed,win:unknown,,,,,ppppPWBADDC03.mmm.hhh.ggg,,ppppPWBADDC03.mmm.hhh.ggg,ppppPWBADDC03,999129039,endpoint_services_processes windows_endpoint_processes windows_event_signature windows_process_new wineventlog_security wineventlog_windows winsec,,,ppppPWBADDC03,999129039,occs-sss-windows,1,A new process has been created,C:\Windows\System32\where.exe,0x26e4,where.exe,,,,,,,C:\Windows\System32\cmd.exe,0x1d8c,cmd.exe,C:\Windows\System32\cmd.exe,C:\Windows\System32\where.exe /Q repadmin,/Q repadmin,where,where.exe,0x26e4,where.exe,C:\Windows\System32\where.exe,Windows,<_='://../////'><><_='---'_='{----}'/><></><></><>,,,,,,,,0x3e7,,,A new process has been created,4688,XmlWinEventLog:Security,XmlWinEventLog,bbbbbsplunkes02,,,MMM,,ppppPWBADDC03$,,success,A new process has been created,failure,,,"execute
os
process
report
security
start
track_event_signatures
windows",,,,"execute
os
process
report
security
start
track_event_signatures
windows",,,ppppPWBADDC03$,-,,,,,Microsoft,,Microsoft Windows
,,,,,MMM,,,ppppPWBADDC03$,,,Security,,,,,,where  /Q repadmin,ppppPWBADDC03.mmm.hhh.ggg,,,,-,4688,<Data Name='SubjectUserSid'>NT AUTHORITY\SYSTEM</Data><Data Name='SubjectUserName'>ppppPWBADDC03$</Data><Data Name='SubjectDomainName'>MMM</Data><Data Name='SubjectLogonId'>0x3e7</Data><Data Name='NewProcessId'>0x4538</Data><Data Name='NewProcessName'>C:\Windows\System32\where.exe</Data><Data Name='TokenElevationType'>%%1936</Data><Data Name='ProcessId'>0x38a0</Data><Data Name='CommandLine'>where  /Q repadmin </Data><Data Name='TargetUserSid'>NULL SID</Data><Data Name='TargetUserName'>-</Data><Data Name='TargetDomainName'>-</Data><Data Name='TargetLogonId'>0x0</Data><Data Name='ParentProcessName'>C:\Windows\System32\cmd.exe</Data><Data Name='MandatoryLabel'>Mandatory Label\System Mandatory Level</Data>,4688.0,999123930,,,,,,,,,,,0x8020000000000000,0,,,,0x3e7,,Mandatory Label\System Mandatory Level,,,,,'Microsoft-Windows-Security-Auditing',0x4538,C:\Windows\System32\where.exe,,,,,,0,C:\Windows\System32\cmd.exe,,,,'4',0x38a0,,where  /Q repadmin,,999123930,,,,,,,MMM,0x3e7,ppppPWBADDC03$,NT AUTHORITY\SYSTEM,,'2026-05-19T02:48:20.7502463Z',<Provider Name='Microsoft-Windows-Security-Auditing' Guid='{54849625-5478-4994-a5ba-3e3b0328c30d}'/><EventID>4688</EventID><Version>2</Version><Level>0</Level><Task>13312</Task><Opcode>0</Opcode><Keywords>0x8020000000000000</Keywords><TimeCreated SystemTime='2026-05-19T02:48:20.7502463Z'/><EventRecordID>999123930</EventRecordID><Correlation/><Execution ProcessID='4' ThreadID='18332'/><Channel>Security</Channel><Computer>ppppPWBADDC03.mmm.hhh.ggg</Computer><Security/>,-,0x0,,,-,NULL SID,,,-,,-,13312,'18332',%%1936,%%1936,1936.0,,,,,2,,,,,2026-05-18T22:48:20.750-0400,allowed,win:unknown,,,,,ppppPWBADDC03.mmm.hhh.ggg,,ppppPWBADDC03.mmm.hhh.ggg,ppppPWBADDC03,999123930,endpoint_services_processes windows_endpoint_processes windows_event_signature windows_process_new wineventlog_security wineventlog_windows winsec,,,ppppPWBADDC03,999123930,occs-sss-windows,1,A new process has been created,C:\Windows\System32\where.exe,0x4538,where.exe,,,,,,,C:\Windows\System32\cmd.exe,0x38a0,cmd.exe,C:\Windows\System32\cmd.exe,C:\Windows\System32\where.exe /Q repadmin,/Q repadmin,where,where.exe,0x4538,where.exe,C:\Windows\System32\where.exe,Windows,<_='://../////'><><_='---'_='{----}'/><></><></><>,,,,,,,,0x3e7,,,A new process has been created,4688,XmlWinEventLog:Security,XmlWinEventLog,bbbbbsplunkes01,,,MMM,,ppppPWBADDC03$,,success,A new process has been created,failure,,,"execute
os
process
report
security
start
track_event_signatures
windows",,,,"execute
os
process
report
security
start
track_event_signatures
windows",,,ppppPWBADDC03$,-,,,,,Microsoft,,Microsoft Windows
,,,,,MMM,,,ppppPWBADDC03$,,,Security,,,,,,where  /Q repadmin,ppppPWBADDC03.mmm.hhh.ggg,,,,-,4688,<Data Name='SubjectUserSid'>NT AUTHORITY\SYSTEM</Data><Data Name='SubjectUserName'>ppppPWBADDC03$</Data><Data Name='SubjectDomainName'>MMM</Data><Data Name='SubjectLogonId'>0x3e7</Data><Data Name='NewProcessId'>0x30e4</Data><Data Name='NewProcessName'>C:\Windows\System32\where.exe</Data><Data Name='TokenElevationType'>%%1936</Data><Data Name='ProcessId'>0x4214</Data><Data Name='CommandLine'>where  /Q repadmin </Data><Data Name='TargetUserSid'>NULL SID</Data><Data Name='TargetUserName'>-</Data><Data Name='TargetDomainName'>-</Data><Data Name='TargetLogonId'>0x0</Data><Data Name='ParentProcessName'>C:\Windows\System32\cmd.exe</Data><Data Name='MandatoryLabel'>Mandatory Label\System Mandatory Level</Data>,4688.0,999119654,,,,,,,,,,,0x8020000000000000,0,,,,0x3e7,,Mandatory Label\System Mandatory Level,,,,,'Microsoft-Windows-Security-Auditing',0x30e4,C:\Windows\System32\where.exe,,,,,,0,C:\Windows\System32\cmd.exe,,,,'4',0x4214,,where  /Q repadmin,,999119654,,,,,,,MMM,0x3e7,ppppPWBADDC03$,NT AUTHORITY\SYSTEM,,'2026-05-19T02:43:18.3970206Z',<Provider Name='Microsoft-Windows-Security-Auditing' Guid='{54849625-5478-4994-a5ba-3e3b0328c30d}'/><EventID>4688</EventID><Version>2</Version><Level>0</Level><Task>13312</Task><Opcode>0</Opcode><Keywords>0x8020000000000000</Keywords><TimeCreated SystemTime='2026-05-19T02:43:18.3970206Z'/><EventRecordID>999119654</EventRecordID><Correlation/><Execution ProcessID='4' ThreadID='11660'/><Channel>Security</Channel><Computer>ppppPWBADDC03.mmm.hhh.ggg</Computer><Security/>,-,0x0,,,-,NULL SID,,,-,,-,13312,'11660',%%1936,%%1936,1936.0,,,,,2,,,,,2026-05-18T22:43:18.397-0400,allowed,win:unknown,,,,,ppppPWBADDC03.mmm.hhh.ggg,,ppppPWBADDC03.mmm.hhh.ggg,ppppPWBADDC03,999119654,endpoint_services_processes windows_endpoint_processes windows_event_signature windows_process_new wineventlog_security wineventlog_windows winsec,,,ppppPWBADDC03,999119654,occs-sss-windows,1,A new process has been created,C:\Windows\System32\where.exe,0x30e4,where.exe,,,,,,,C:\Windows\System32\cmd.exe,0x4214,cmd.exe,C:\Windows\System32\cmd.exe,C:\Windows\System32\where.exe /Q repadmin,/Q repadmin,where,where.exe,0x30e4,where.exe,C:\Windows\System32\where.exe,Windows,<_='://../////'><><_='---'_='{----}'/><></><></><>,,,,,,,,0x3e7,,,A new process has been created,4688,XmlWinEventLog:Security,XmlWinEventLog,bbbbbsplunkes03,,,MMM,,ppppPWBADDC03$,,success,A new process has been created,failure,,,"execute
os
process
report
security
start
track_event_signatures
windows",,,,"execute
os
process
report
security
start
track_event_signatures
windows",,,ppppPWBADDC03$,-,,,,,Microsoft,,Microsoft Windows
,,,,,MMM,,,ppppPWBADDC03$,,,Security,,,,,,where  /Q repadmin,ppppPWBADDC03.mmm.hhh.ggg,,,,-,4688,<Data Name='SubjectUserSid'>NT AUTHORITY\SYSTEM</Data><Data Name='SubjectUserName'>ppppPWBADDC03$</Data><Data Name='SubjectDomainName'>MMM</Data><Data Name='SubjectLogonId'>0x3e7</Data><Data Name='NewProcessId'>0xd70</Data><Data Name='NewProcessName'>C:\Windows\System32\where.exe</Data><Data Name='TokenElevationType'>%%1936</Data><Data Name='ProcessId'>0x41a4</Data><Data Name='CommandLine'>where  /Q repadmin </Data><Data Name='TargetUserSid'>NULL SID</Data><Data Name='TargetUserName'>-</Data><Data Name='TargetDomainName'>-</Data><Data Name='TargetLogonId'>0x0</Data><Data Name='ParentProcessName'>C:\Windows\System32\cmd.exe</Data><Data Name='MandatoryLabel'>Mandatory Label\System Mandatory Level</Data>,4688.0,999115415,,,,,,,,,,,0x8020000000000000,0,,,,0x3e7,,Mandatory Label\System Mandatory Level,,,,,'Microsoft-Windows-Security-Auditing',0xd70,C:\Windows\System32\where.exe,,,,,,0,C:\Windows\System32\cmd.exe,,,,'4',0x41a4,,where  /Q repadmin,,999115415,,,,,,,MMM,0x3e7,ppppPWBADDC03$,NT AUTHORITY\SYSTEM,,'2026-05-19T02:38:15.9698456Z',<Provider Name='Microsoft-Windows-Security-Auditing' Guid='{54849625-5478-4994-a5ba-3e3b0328c30d}'/><EventID>4688</EventID><Version>2</Version><Level>0</Level><Task>13312</Task><Opcode>0</Opcode><Keywords>0x8020000000000000</Keywords><TimeCreated SystemTime='2026-05-19T02:38:15.9698456Z'/><EventRecordID>999115415</EventRecordID><Correlation/><Execution ProcessID='4' ThreadID='8188'/><Channel>Security</Channel><Computer>ppppPWBADDC03.mmm.hhh.ggg</Computer><Security/>,-,0x0,,,-,NULL SID,,,-,,-,13312,'8188',%%1936,%%1936,1936.0,,,,,2,,,,,2026-05-18T22:38:15.969-0400,allowed,win:unknown,,,,,ppppPWBADDC03.mmm.hhh.ggg,,ppppPWBADDC03.mmm.hhh.ggg,ppppPWBADDC03,999115415,endpoint_services_processes windows_endpoint_processes windows_event_signature windows_process_new wineventlog_security wineventlog_windows winsec,,,ppppPWBADDC03,999115415,occs-sss-windows,1,A new process has been created,C:\Windows\System32\where.exe,0xd70,where.exe,,,,,,,C:\Windows\System32\cmd.exe,0x41a4,cmd.exe,C:\Windows\System32\cmd.exe,C:\Windows\System32\where.exe /Q repadmin,/Q repadmin,where,where.exe,0xd70,where.exe,C:\Windows\System32\where.exe,Windows,<_='://../////'><><_='---'_='{----}'/><></><></><>,,,,,,,,0x3e7,,,A new process has been created,4688,XmlWinEventLog:Security,XmlWinEventLog,bbbbbsplunkes02,,,MMM,,ppppPWBADDC03$,,success,A new process has been created,failure,,,"execute
os
process
report
security
start
track_event_signatures
windows",,,,"execute
os
process
report
security
start
track_event_signatures
windows",,,ppppPWBADDC03$,-,,,,,Microsoft,,Microsoft Windows
,,,,,MMM,,,ppppPWBADDC03$,,,Security,,,,,,where  /Q repadmin,ppppPWBADDC03.mmm.hhh.ggg,,,,-,4688,<Data Name='SubjectUserSid'>NT AUTHORITY\SYSTEM</Data><Data Name='SubjectUserName'>ppppPWBADDC03$</Data><Data Name='SubjectDomainName'>MMM</Data><Data Name='SubjectLogonId'>0x3e7</Data><Data Name='NewProcessId'>0x1f40</Data><Data Name='NewProcessName'>C:\Windows\System32\where.exe</Data><Data Name='TokenElevationType'>%%1936</Data><Data Name='ProcessId'>0x3d00</Data><Data Name='CommandLine'>where  /Q repadmin </Data><Data Name='TargetUserSid'>NULL SID</Data><Data Name='TargetUserName'>-</Data><Data Name='TargetDomainName'>-</Data><Data Name='TargetLogonId'>0x0</Data><Data Name='ParentProcessName'>C:\Windows\System32\cmd.exe</Data><Data Name='MandatoryLabel'>Mandatory Label\System Mandatory Level</Data>,4688.0,999111214,,,,,,,,,,,0x8020000000000000,0,,,,0x3e7,,Mandatory Label\System Mandatory Level,,,,,'Microsoft-Windows-Security-Auditing',0x1f40,C:\Windows\System32\where.exe,,,,,,0,C:\Windows\System32\cmd.exe,,,,'4',0x3d00,,where  /Q repadmin,,999111214,,,,,,,MMM,0x3e7,ppppPWBADDC03$,NT AUTHORITY\SYSTEM,,'2026-05-19T02:33:12.9095836Z',<Provider Name='Microsoft-Windows-Security-Auditing' Guid='{54849625-5478-4994-a5ba-3e3b0328c30d}'/><EventID>4688</EventID><Version>2</Version><Level>0</Level><Task>13312</Task><Opcode>0</Opcode><Keywords>0x8020000000000000</Keywords><TimeCreated SystemTime='2026-05-19T02:33:12.9095836Z'/><EventRecordID>999111214</EventRecordID><Correlation/><Execution ProcessID='4' ThreadID='5532'/><Channel>Security</Channel><Computer>ppppPWBADDC03.mmm.hhh.ggg</Computer><Security/>,-,0x0,,,-,NULL SID,,,-,,-,13312,'5532',%%1936,%%1936,1936.0,,,,,2,,,,,2026-05-18T22:33:12.909-0400,allowed,win:unknown,,,,,ppppPWBADDC03.mmm.hhh.ggg,,ppppPWBADDC03.mmm.hhh.ggg,ppppPWBADDC03,999111214,endpoint_services_processes windows_endpoint_processes windows_event_signature windows_process_new wineventlog_security wineventlog_windows winsec,,,ppppPWBADDC03,999111214,occs-sss-windows,1,A new process has been created,C:\Windows\System32\where.exe,0x1f40,where.exe,,,,,,,C:\Windows\System32\cmd.exe,0x3d00,cmd.exe,C:\Windows\System32\cmd.exe,C:\Windows\System32\where.exe /Q repadmin,/Q repadmin,where,where.exe,0x1f40,where.exe,C:\Windows\System32\where.exe,Windows,<_='://../////'><><_='---'_='{----}'/><></><></><>,,,,,,,,0x3e7,,,A new process has been created,4688,XmlWinEventLog:Security,XmlWinEventLog,bbbbbsplunkes01,,,MMM,,ppppPWBADDC03$,,success,A new process has been created,failure,,,"execute
os
process
report
security
start
track_event_signatures
windows",,,,"execute
os
process
report
security
start
track_event_signatures
windows",,,ppppPWBADDC03$,-,,,,,Microsoft,,Microsoft Windows
,,,,,MMM,,,ppppPWBADDC03$,,,Security,,,,,,where  /Q repadmin,ppppPWBADDC03.mmm.hhh.ggg,,,,-,4688,<Data Name='SubjectUserSid'>NT AUTHORITY\SYSTEM</Data><Data Name='SubjectUserName'>ppppPWBADDC03$</Data><Data Name='SubjectDomainName'>MMM</Data><Data Name='SubjectLogonId'>0x3e7</Data><Data Name='NewProcessId'>0x39f4</Data><Data Name='NewProcessName'>C:\Windows\System32\where.exe</Data><Data Name='TokenElevationType'>%%1936</Data><Data Name='ProcessId'>0x4298</Data><Data Name='CommandLine'>where  /Q repadmin </Data><Data Name='TargetUserSid'>NULL SID</Data><Data Name='TargetUserName'>-</Data><Data Name='TargetDomainName'>-</Data><Data Name='TargetLogonId'>0x0</Data><Data Name='ParentProcessName'>C:\Windows\System32\cmd.exe</Data><Data Name='MandatoryLabel'>Mandatory Label\System Mandatory Level</Data>,4688.0,999106837,,,,,,,,,,,0x8020000000000000,0,,,,0x3e7,,Mandatory Label\System Mandatory Level,,,,,'Microsoft-Windows-Security-Auditing',0x39f4,C:\Windows\System32\where.exe,,,,,,0,C:\Windows\System32\cmd.exe,,,,'4',0x4298,,where  /Q repadmin,,999106837,,,,,,,MMM,0x3e7,ppppPWBADDC03$,NT AUTHORITY\SYSTEM,,'2026-05-19T02:28:10.5572019Z',<Provider Name='Microsoft-Windows-Security-Auditing' Guid='{54849625-5478-4994-a5ba-3e3b0328c30d}'/><EventID>4688</EventID><Version>2</Version><Level>0</Level><Task>13312</Task><Opcode>0</Opcode><Keywords>0x8020000000000000</Keywords><TimeCreated SystemTime='2026-05-19T02:28:10.5572019Z'/><EventRecordID>999106837</EventRecordID><Correlation/><Execution ProcessID='4' ThreadID='8456'/><Channel>Security</Channel><Computer>ppppPWBADDC03.mmm.hhh.ggg</Computer><Security/>,-,0x0,,,-,NULL SID,,,-,,-,13312,'8456',%%1936,%%1936,1936.0,,,,,2,,,,,2026-05-18T22:28:10.557-0400,allowed,win:unknown,,,,,ppppPWBADDC03.mmm.hhh.ggg,,ppppPWBADDC03.mmm.hhh.ggg,ppppPWBADDC03,999106837,endpoint_services_processes windows_endpoint_processes windows_event_signature windows_process_new wineventlog_security wineventlog_windows winsec,,,ppppPWBADDC03,999106837,occs-sss-windows,1,A new process has been created,C:\Windows\System32\where.exe,0x39f4,where.exe,,,,,,,C:\Windows\System32\cmd.exe,0x4298,cmd.exe,C:\Windows\System32\cmd.exe,C:\Windows\System32\where.exe /Q repadmin,/Q repadmin,where,where.exe,0x39f4,where.exe,C:\Windows\System32\where.exe,Windows,<_='://../////'><><_='---'_='{----}'/><></><></><>,,,,,,,,0x3e7,,,A new process has been created,4688,XmlWinEventLog:Security,XmlWinEventLog,bbbbbsplunkes02,,,MMM,,ppppPWBADDC03$,,success,A new process has been created,failure,,,"execute
os
process
report
security
start
track_event_signatures
windows",,,,"execute
os
process
report
security
start
track_event_signatures
windows",,,ppppPWBADDC03$,-,,,,,Microsoft,,Microsoft Windows
,,,,,MMM,,,ppppPWBADDC03$,,,Security,,,,,,where  /Q repadmin,ppppPWBADDC03.mmm.hhh.ggg,,,,-,4688,<Data Name='SubjectUserSid'>NT AUTHORITY\SYSTEM</Data><Data Name='SubjectUserName'>ppppPWBADDC03$</Data><Data Name='SubjectDomainName'>MMM</Data><Data Name='SubjectLogonId'>0x3e7</Data><Data Name='NewProcessId'>0x241c</Data><Data Name='NewProcessName'>C:\Windows\System32\where.exe</Data><Data Name='TokenElevationType'>%%1936</Data><Data Name='ProcessId'>0x3ac4</Data><Data Name='CommandLine'>where  /Q repadmin </Data><Data Name='TargetUserSid'>NULL SID</Data><Data Name='TargetUserName'>-</Data><Data Name='TargetDomainName'>-</Data><Data Name='TargetLogonId'>0x0</Data><Data Name='ParentProcessName'>C:\Windows\System32\cmd.exe</Data><Data Name='MandatoryLabel'>Mandatory Label\System Mandatory Level</Data>,4688.0,999101058,,,,,,,,,,,0x8020000000000000,0,,,,0x3e7,,Mandatory Label\System Mandatory Level,,,,,'Microsoft-Windows-Security-Auditing',0x241c,C:\Windows\System32\where.exe,,,,,,0,C:\Windows\System32\cmd.exe,,,,'4',0x3ac4,,where  /Q repadmin,,999101058,,,,,,,MMM,0x3e7,ppppPWBADDC03$,NT AUTHORITY\SYSTEM,,'2026-05-19T02:23:08.1227234Z',<Provider Name='Microsoft-Windows-Security-Auditing' Guid='{54849625-5478-4994-a5ba-3e3b0328c30d}'/><EventID>4688</EventID><Version>2</Version><Level>0</Level><Task>13312</Task><Opcode>0</Opcode><Keywords>0x8020000000000000</Keywords><TimeCreated SystemTime='2026-05-19T02:23:08.1227234Z'/><EventRecordID>999101058</EventRecordID><Correlation/><Execution ProcessID='4' ThreadID='16984'/><Channel>Security</Channel><Computer>ppppPWBADDC03.mmm.hhh.ggg</Computer><Security/>,-,0x0,,,-,NULL SID,,,-,,-,13312,'16984',%%1936,%%1936,1936.0,,,,,2,,,,,2026-05-18T22:23:08.122-0400,allowed,win:unknown,,,,,ppppPWBADDC03.mmm.hhh.ggg,,ppppPWBADDC03.mmm.hhh.ggg,ppppPWBADDC03,999101058,endpoint_services_processes windows_endpoint_processes windows_event_signature windows_process_new wineventlog_security wineventlog_windows winsec,,,ppppPWBADDC03,999101058,occs-sss-windows,1,A new process has been created,C:\Windows\System32\where.exe,0x241c,where.exe,,,,,,,C:\Windows\System32\cmd.exe,0x3ac4,cmd.exe,C:\Windows\System32\cmd.exe,C:\Windows\System32\where.exe /Q repadmin,/Q repadmin,where,where.exe,0x241c,where.exe,C:\Windows\System32\where.exe,Windows,<_='://../////'><><_='---'_='{----}'/><></><></><>,,,,,,,,0x3e7,,,A new process has been created,4688,XmlWinEventLog:Security,XmlWinEventLog,bbbbbsplunkes01,,,MMM,,ppppPWBADDC03$,,success,A new process has been created,failure,,,"execute
os
process
report
security
start
track_event_signatures
windows",,,,"execute
os
process
report
security
start
track_event_signatures
windows",,,ppppPWBADDC03$,-,,,,,Microsoft,,Microsoft Windows
,,,,,MMM,,,ppppPWBADDC03$,,,Security,,,,,,where  /Q repadmin,ppppPWBADDC03.mmm.hhh.ggg,,,,-,4688,<Data Name='SubjectUserSid'>NT AUTHORITY\SYSTEM</Data><Data Name='SubjectUserName'>ppppPWBADDC03$</Data><Data Name='SubjectDomainName'>MMM</Data><Data Name='SubjectLogonId'>0x3e7</Data><Data Name='NewProcessId'>0x255c</Data><Data Name='NewProcessName'>C:\Windows\System32\where.exe</Data><Data Name='TokenElevationType'>%%1936</Data><Data Name='ProcessId'>0x20e8</Data><Data Name='CommandLine'>where  /Q repadmin </Data><Data Name='TargetUserSid'>NULL SID</Data><Data Name='TargetUserName'>-</Data><Data Name='TargetDomainName'>-</Data><Data Name='TargetLogonId'>0x0</Data><Data Name='ParentProcessName'>C:\Windows\System32\cmd.exe</Data><Data Name='MandatoryLabel'>Mandatory Label\System Mandatory Level</Data>,4688.0,999096278,,,,,,,,,,,0x8020000000000000,0,,,,0x3e7,,Mandatory Label\System Mandatory Level,,,,,'Microsoft-Windows-Security-Auditing',0x255c,C:\Windows\System32\where.exe,,,,,,0,C:\Windows\System32\cmd.exe,,,,'4',0x20e8,,where  /Q repadmin,,999096278,,,,,,,MMM,0x3e7,ppppPWBADDC03$,NT AUTHORITY\SYSTEM,,'2026-05-19T02:18:05.7686779Z',<Provider Name='Microsoft-Windows-Security-Auditing' Guid='{54849625-5478-4994-a5ba-3e3b0328c30d}'/><EventID>4688</EventID><Version>2</Version><Level>0</Level><Task>13312</Task><Opcode>0</Opcode><Keywords>0x8020000000000000</Keywords><TimeCreated SystemTime='2026-05-19T02:18:05.7686779Z'/><EventRecordID>999096278</EventRecordID><Correlation/><Execution ProcessID='4' ThreadID='14180'/><Channel>Security</Channel><Computer>ppppPWBADDC03.mmm.hhh.ggg</Computer><Security/>,-,0x0,,,-,NULL SID,,,-,,-,13312,'14180',%%1936,%%1936,1936.0,,,,,2,,,,,2026-05-18T22:18:05.768-0400,allowed,win:unknown,,,,,ppppPWBADDC03.mmm.hhh.ggg,,ppppPWBADDC03.mmm.hhh.ggg,ppppPWBADDC03,999096278,endpoint_services_processes windows_endpoint_processes windows_event_signature windows_process_new wineventlog_security wineventlog_windows winsec,,,ppppPWBADDC03,999096278,occs-sss-windows,1,A new process has been created,C:\Windows\System32\where.exe,0x255c,where.exe,,,,,,,C:\Windows\System32\cmd.exe,0x20e8,cmd.exe,C:\Windows\System32\cmd.exe,C:\Windows\System32\where.exe /Q repadmin,/Q repadmin,where,where.exe,0x255c,where.exe,C:\Windows\System32\where.exe,Windows,<_='://../////'><><_='---'_='{----}'/><></><></><>,,,,,,,,0x3e7,,,A new process has been created,4688,XmlWinEventLog:Security,XmlWinEventLog,bbbbbsplunkes02,,,MMM,,ppppPWBADDC03$,,success,A new process has been created,failure,,,"execute
os
process
report
security
start
track_event_signatures
windows",,,,"execute
os
process
report
security
start
track_event_signatures
windows",,,ppppPWBADDC03$,-,,,,,Microsoft,,Microsoft Windows
,,,,,MMM,,,ppppPWBADDC03$,,,Security,,,,,,where  /Q repadmin,ppppPWBADDC03.mmm.hhh.ggg,,,,-,4688,<Data Name='SubjectUserSid'>NT AUTHORITY\SYSTEM</Data><Data Name='SubjectUserName'>ppppPWBADDC03$</Data><Data Name='SubjectDomainName'>MMM</Data><Data Name='SubjectLogonId'>0x3e7</Data><Data Name='NewProcessId'>0x3904</Data><Data Name='NewProcessName'>C:\Windows\System32\where.exe</Data><Data Name='TokenElevationType'>%%1936</Data><Data Name='ProcessId'>0x3cc4</Data><Data Name='CommandLine'>where  /Q repadmin </Data><Data Name='TargetUserSid'>NULL SID</Data><Data Name='TargetUserName'>-</Data><Data Name='TargetDomainName'>-</Data><Data Name='TargetLogonId'>0x0</Data><Data Name='ParentProcessName'>C:\Windows\System32\cmd.exe</Data><Data Name='MandatoryLabel'>Mandatory Label\System Mandatory Level</Data>,4688.0,999091359,,,,,,,,,,,0x8020000000000000,0,,,,0x3e7,,Mandatory Label\System Mandatory Level,,,,,'Microsoft-Windows-Security-Auditing',0x3904,C:\Windows\System32\where.exe,,,,,,0,C:\Windows\System32\cmd.exe,,,,'4',0x3cc4,,where  /Q repadmin,,999091359,,,,,,,MMM,0x3e7,ppppPWBADDC03$,NT AUTHORITY\SYSTEM,,'2026-05-19T02:13:02.6636697Z',<Provider Name='Microsoft-Windows-Security-Auditing' Guid='{54849625-5478-4994-a5ba-3e3b0328c30d}'/><EventID>4688</EventID><Version>2</Version><Level>0</Level><Task>13312</Task><Opcode>0</Opcode><Keywords>0x8020000000000000</Keywords><TimeCreated SystemTime='2026-05-19T02:13:02.6636697Z'/><EventRecordID>999091359</EventRecordID><Correlation/><Execution ProcessID='4' ThreadID='18212'/><Channel>Security</Channel><Computer>ppppPWBADDC03.mmm.hhh.ggg</Computer><Security/>,-,0x0,,,-,NULL SID,,,-,,-,13312,'18212',%%1936,%%1936,1936.0,,,,,2,,,,,2026-05-18T22:13:02.663-0400,allowed,win:unknown,,,,,ppppPWBADDC03.mmm.hhh.ggg,,ppppPWBADDC03.mmm.hhh.ggg,ppppPWBADDC03,999091359,endpoint_services_processes windows_endpoint_processes windows_event_signature windows_process_new wineventlog_security wineventlog_windows winsec,,,ppppPWBADDC03,999091359,occs-sss-windows,1,A new process has been created,C:\Windows\System32\where.exe,0x3904,where.exe,,,,,,,C:\Windows\System32\cmd.exe,0x3cc4,cmd.exe,C:\Windows\System32\cmd.exe,C:\Windows\System32\where.exe /Q repadmin,/Q repadmin,where,where.exe,0x3904,where.exe,C:\Windows\System32\where.exe,Windows,<_='://../////'><><_='---'_='{----}'/><></><></><>,,,,,,,,0x3e7,,,A new process has been created,4688,XmlWinEventLog:Security,XmlWinEventLog,bbbbbsplunkes01,,,MMM,,ppppPWBADDC03$,,success,A new process has been created,failure,,,"execute
os
process
report
security
start
track_event_signatures
windows",,,,"execute
os
process
report
security
start
track_event_signatures
windows",,,ppppPWBADDC03$,-,,,,,Microsoft,,Microsoft Windows
,,,,,MMM,,,ppppPWBADDC03$,,,Security,,,,,,where  /Q repadmin,ppppPWBADDC03.mmm.hhh.ggg,,,,-,4688,<Data Name='SubjectUserSid'>NT AUTHORITY\SYSTEM</Data><Data Name='SubjectUserName'>ppppPWBADDC03$</Data><Data Name='SubjectDomainName'>MMM</Data><Data Name='SubjectLogonId'>0x3e7</Data><Data Name='NewProcessId'>0x47ac</Data><Data Name='NewProcessName'>C:\Windows\System32\where.exe</Data><Data Name='TokenElevationType'>%%1936</Data><Data Name='ProcessId'>0x3b94</Data><Data Name='CommandLine'>where  /Q repadmin </Data><Data Name='TargetUserSid'>NULL SID</Data><Data Name='TargetUserName'>-</Data><Data Name='TargetDomainName'>-</Data><Data Name='TargetLogonId'>0x0</Data><Data Name='ParentProcessName'>C:\Windows\System32\cmd.exe</Data><Data Name='MandatoryLabel'>Mandatory Label\System Mandatory Level</Data>,4688.0,999086631,,,,,,,,,,,0x8020000000000000,0,,,,0x3e7,,Mandatory Label\System Mandatory Level,,,,,'Microsoft-Windows-Security-Auditing',0x47ac,C:\Windows\System32\where.exe,,,,,,0,C:\Windows\System32\cmd.exe,,,,'4',0x3b94,,where  /Q repadmin,,999086631,,,,,,,MMM,0x3e7,ppppPWBADDC03$,NT AUTHORITY\SYSTEM,,'2026-05-19T02:08:00.2395151Z',<Provider Name='Microsoft-Windows-Security-Auditing' Guid='{54849625-5478-4994-a5ba-3e3b0328c30d}'/><EventID>4688</EventID><Version>2</Version><Level>0</Level><Task>13312</Task><Opcode>0</Opcode><Keywords>0x8020000000000000</Keywords><TimeCreated SystemTime='2026-05-19T02:08:00.2395151Z'/><EventRecordID>999086631</EventRecordID><Correlation/><Execution ProcessID='4' ThreadID='18272'/><Channel>Security</Channel><Computer>ppppPWBADDC03.mmm.hhh.ggg</Computer><Security/>,-,0x0,,,-,NULL SID,,,-,,-,13312,'18272',%%1936,%%1936,1936.0,,,,,2,,,,,2026-05-18T22:08:00.239-0400,allowed,win:unknown,,,,,ppppPWBADDC03.mmm.hhh.ggg,,ppppPWBADDC03.mmm.hhh.ggg,ppppPWBADDC03,999086631,endpoint_services_processes windows_endpoint_processes windows_event_signature windows_process_new wineventlog_security wineventlog_windows winsec,,,ppppPWBADDC03,999086631,occs-sss-windows,1,A new process has been created,C:\Windows\System32\where.exe,0x47ac,where.exe,,,,,,,C:\Windows\System32\cmd.exe,0x3b94,cmd.exe,C:\Windows\System32\cmd.exe,C:\Windows\System32\where.exe /Q repadmin,/Q repadmin,where,where.exe,0x47ac,where.exe,C:\Windows\System32\where.exe,Windows,<_='://../////'><><_='---'_='{----}'/><></><></><>,,,,,,,,0x3e7,,,A new process has been created,4688,XmlWinEventLog:Security,XmlWinEventLog,bbbbbsplunkes03,,,MMM,,ppppPWBADDC03$,,success,A new process has been created,failure,,,"execute
os
process
report
security
start
track_event_signatures
windows",,,,"execute
os
process
report
security
start
track_event_signatures
windows",,,ppppPWBADDC03$,-,,,,,Microsoft,,Microsoft Windows
,,,,,MMM,,,ppppPWBADDC03$,,,Security,,,,,,where  /Q repadmin,ppppPWBADDC03.mmm.hhh.ggg,,,,-,4688,<Data Name='SubjectUserSid'>NT AUTHORITY\SYSTEM</Data><Data Name='SubjectUserName'>ppppPWBADDC03$</Data><Data Name='SubjectDomainName'>MMM</Data><Data Name='SubjectLogonId'>0x3e7</Data><Data Name='NewProcessId'>0x3e2c</Data><Data Name='NewProcessName'>C:\Windows\System32\where.exe</Data><Data Name='TokenElevationType'>%%1936</Data><Data Name='ProcessId'>0x439c</Data><Data Name='CommandLine'>where  /Q repadmin </Data><Data Name='TargetUserSid'>NULL SID</Data><Data Name='TargetUserName'>-</Data><Data Name='TargetDomainName'>-</Data><Data Name='TargetLogonId'>0x0</Data><Data Name='ParentProcessName'>C:\Windows\System32\cmd.exe</Data><Data Name='MandatoryLabel'>Mandatory Label\System Mandatory Level</Data>,4688.0,999081744,,,,,,,,,,,0x8020000000000000,0,,,,0x3e7,,Mandatory Label\System Mandatory Level,,,,,'Microsoft-Windows-Security-Auditing',0x3e2c,C:\Windows\System32\where.exe,,,,,,0,C:\Windows\System32\cmd.exe,,,,'4',0x439c,,where  /Q repadmin,,999081744,,,,,,,MMM,0x3e7,ppppPWBADDC03$,NT AUTHORITY\SYSTEM,,'2026-05-19T02:02:57.8792771Z',<Provider Name='Microsoft-Windows-Security-Auditing' Guid='{54849625-5478-4994-a5ba-3e3b0328c30d}'/><EventID>4688</EventID><Version>2</Version><Level>0</Level><Task>13312</Task><Opcode>0</Opcode><Keywords>0x8020000000000000</Keywords><TimeCreated SystemTime='2026-05-19T02:02:57.8792771Z'/><EventRecordID>999081744</EventRecordID><Correlation/><Execution ProcessID='4' ThreadID='8188'/><Channel>Security</Channel><Computer>ppppPWBADDC03.mmm.hhh.ggg</Computer><Security/>,-,0x0,,,-,NULL SID,,,-,,-,13312,'8188',%%1936,%%1936,1936.0,,,,,2,,,,,2026-05-18T22:02:57.879-0400,allowed,win:unknown,,,,,ppppPWBADDC03.mmm.hhh.ggg,,ppppPWBADDC03.mmm.hhh.ggg,ppppPWBADDC03,999081744,endpoint_services_processes windows_endpoint_processes windows_event_signature windows_process_new wineventlog_security wineventlog_windows winsec,,,ppppPWBADDC03,999081744,occs-sss-windows,1,A new process has been created,C:\Windows\System32\where.exe,0x3e2c,where.exe,,,,,,,C:\Windows\System32\cmd.exe,0x439c,cmd.exe,C:\Windows\System32\cmd.exe,C:\Windows\System32\where.exe /Q repadmin,/Q repadmin,where,where.exe,0x3e2c,where.exe,C:\Windows\System32\where.exe,Windows,<_='://../////'><><_='---'_='{----}'/><></><></><>,,,,,,,,0x3e7,,,A new process has been created,4688,XmlWinEventLog:Security,XmlWinEventLog,bbbbbsplunkes01,,,MMM,,ppppPWBADDC03$,,success,A new process has been created,failure,,,"execute
os
process
report
security
start
track_event_signatures
windows",,,,"execute
os
process
report
security
start
track_event_signatures
windows",,,ppppPWBADDC03$,-,,,,,Microsoft,,Microsoft Windows
,,,,,MMM,,,ppppPWBADDC03$,,,Security,,,,,,where  /Q repadmin,ppppPWBADDC03.mmm.hhh.ggg,,,,-,4688,<Data Name='SubjectUserSid'>NT AUTHORITY\SYSTEM</Data><Data Name='SubjectUserName'>ppppPWBADDC03$</Data><Data Name='SubjectDomainName'>MMM</Data><Data Name='SubjectLogonId'>0x3e7</Data><Data Name='NewProcessId'>0x3eec</Data><Data Name='NewProcessName'>C:\Windows\System32\where.exe</Data><Data Name='TokenElevationType'>%%1936</Data><Data Name='ProcessId'>0x2ed4</Data><Data Name='CommandLine'>where  /Q repadmin </Data><Data Name='TargetUserSid'>NULL SID</Data><Data Name='TargetUserName'>-</Data><Data Name='TargetDomainName'>-</Data><Data Name='TargetLogonId'>0x0</Data><Data Name='ParentProcessName'>C:\Windows\System32\cmd.exe</Data><Data Name='MandatoryLabel'>Mandatory Label\System Mandatory Level</Data>,4688.0,999077500,,,,,,,,,,,0x8020000000000000,0,,,,0x3e7,,Mandatory Label\System Mandatory Level,,,,,'Microsoft-Windows-Security-Auditing',0x3eec,C:\Windows\System32\where.exe,,,,,,0,C:\Windows\System32\cmd.exe,,,,'4',0x2ed4,,where  /Q repadmin,,999077500,,,,,,,MMM,0x3e7,ppppPWBADDC03$,NT AUTHORITY\SYSTEM,,'2026-05-19T01:57:55.4968665Z',<Provider Name='Microsoft-Windows-Security-Auditing' Guid='{54849625-5478-4994-a5ba-3e3b0328c30d}'/><EventID>4688</EventID><Version>2</Version><Level>0</Level><Task>13312</Task><Opcode>0</Opcode><Keywords>0x8020000000000000</Keywords><TimeCreated SystemTime='2026-05-19T01:57:55.4968665Z'/><EventRecordID>999077500</EventRecordID><Correlation/><Execution ProcessID='4' ThreadID='4088'/><Channel>Security</Channel><Computer>ppppPWBADDC03.mmm.hhh.ggg</Computer><Security/>,-,0x0,,,-,NULL SID,,,-,,-,13312,'4088',%%1936,%%1936,1936.0,,,,,2,,,,,2026-05-18T21:57:55.496-0400,allowed,win:unknown,,,,,ppppPWBADDC03.mmm.hhh.ggg,,ppppPWBADDC03.mmm.hhh.ggg,ppppPWBADDC03,999077500,endpoint_services_processes windows_endpoint_processes windows_event_signature windows_process_new wineventlog_security wineventlog_windows winsec,,,ppppPWBADDC03,999077500,occs-sss-windows,1,A new process has been created,C:\Windows\System32\where.exe,0x3eec,where.exe,,,,,,,C:\Windows\System32\cmd.exe,0x2ed4,cmd.exe,C:\Windows\System32\cmd.exe,C:\Windows\System32\where.exe /Q repadmin,/Q repadmin,where,where.exe,0x3eec,where.exe,C:\Windows\System32\where.exe,Windows,<_='://../////'><><_='---'_='{----}'/><></><></><>,,,,,,,,0x3e7,,,A new process has been created,4688,XmlWinEventLog:Security,XmlWinEventLog,bbbbbsplunkes02,,,MMM,,ppppPWBADDC03$,,success,A new process has been created,failure,,,"execute
os
process
report
security
start
track_event_signatures
windows",,,,"execute
os
process
report
security
start
track_event_signatures
windows",,,ppppPWBADDC03$,-,,,,,Microsoft,,Microsoft Windows
,,,,,MMM,,,ppppPWBADDC03$,,,Security,,,,,,where  /Q repadmin,ppppPWBADDC03.mmm.hhh.ggg,,,,-,4688,<Data Name='SubjectUserSid'>NT AUTHORITY\SYSTEM</Data><Data Name='SubjectUserName'>ppppPWBADDC03$</Data><Data Name='SubjectDomainName'>MMM</Data><Data Name='SubjectLogonId'>0x3e7</Data><Data Name='NewProcessId'>0x3f50</Data><Data Name='NewProcessName'>C:\Windows\System32\where.exe</Data><Data Name='TokenElevationType'>%%1936</Data><Data Name='ProcessId'>0x2004</Data><Data Name='CommandLine'>where  /Q repadmin </Data><Data Name='TargetUserSid'>NULL SID</Data><Data Name='TargetUserName'>-</Data><Data Name='TargetDomainName'>-</Data><Data Name='TargetLogonId'>0x0</Data><Data Name='ParentProcessName'>C:\Windows\System32\cmd.exe</Data><Data Name='MandatoryLabel'>Mandatory Label\System Mandatory Level</Data>,4688.0,999073443,,,,,,,,,,,0x8020000000000000,0,,,,0x3e7,,Mandatory Label\System Mandatory Level,,,,,'Microsoft-Windows-Security-Auditing',0x3f50,C:\Windows\System32\where.exe,,,,,,0,C:\Windows\System32\cmd.exe,,,,'4',0x2004,,where  /Q repadmin,,999073443,,,,,,,MMM,0x3e7,ppppPWBADDC03$,NT AUTHORITY\SYSTEM,,'2026-05-19T01:52:52.4976124Z',<Provider Name='Microsoft-Windows-Security-Auditing' Guid='{54849625-5478-4994-a5ba-3e3b0328c30d}'/><EventID>4688</EventID><Version>2</Version><Level>0</Level><Task>13312</Task><Opcode>0</Opcode><Keywords>0x8020000000000000</Keywords><TimeCreated SystemTime='2026-05-19T01:52:52.4976124Z'/><EventRecordID>999073443</EventRecordID><Correlation/><Execution ProcessID='4' ThreadID='15100'/><Channel>Security</Channel><Computer>ppppPWBADDC03.mmm.hhh.ggg</Computer><Security/>,-,0x0,,,-,NULL SID,,,-,,-,13312,'15100',%%1936,%%1936,1936.0,,,,,2,,,,,2026-05-18T21:52:52.497-0400,allowed,win:unknown,,,,,ppppPWBADDC03.mmm.hhh.ggg,,ppppPWBADDC03.mmm.hhh.ggg,ppppPWBADDC03,999073443,endpoint_services_processes windows_endpoint_processes windows_event_signature windows_process_new wineventlog_security wineventlog_windows winsec,,,ppppPWBADDC03,999073443,occs-sss-windows,1,A new process has been created,C:\Windows\System32\where.exe,0x3f50,where.exe,,,,,,,C:\Windows\System32\cmd.exe,0x2004,cmd.exe,C:\Windows\System32\cmd.exe,C:\Windows\System32\where.exe /Q repadmin,/Q repadmin,where,where.exe,0x3f50,where.exe,C:\Windows\System32\where.exe,Windows,<_='://../////'><><_='---'_='{----}'/><></><></><>,,,,,,,,0x3e7,,,A new process has been created,4688,XmlWinEventLog:Security,XmlWinEventLog,bbbbbsplunkes03,,,MMM,,ppppPWBADDC03$,,success,A new process has been created,failure,,,"execute
os
process
report
security
start
track_event_signatures
windows",,,,"execute
os
process
report
security
start
track_event_signatures
windows",,,ppppPWBADDC03$,-,,,,,Microsoft,,Microsoft Windows
,,,,,MMM,,,ppppPWBADDC03$,,,Security,,,,,,where  /Q repadmin,ppppPWBADDC03.mmm.hhh.ggg,,,,-,4688,<Data Name='SubjectUserSid'>NT AUTHORITY\SYSTEM</Data><Data Name='SubjectUserName'>ppppPWBADDC03$</Data><Data Name='SubjectDomainName'>MMM</Data><Data Name='SubjectLogonId'>0x3e7</Data><Data Name='NewProcessId'>0x2b8c</Data><Data Name='NewProcessName'>C:\Windows\System32\where.exe</Data><Data Name='TokenElevationType'>%%1936</Data><Data Name='ProcessId'>0x2bec</Data><Data Name='CommandLine'>where  /Q repadmin </Data><Data Name='TargetUserSid'>NULL SID</Data><Data Name='TargetUserName'>-</Data><Data Name='TargetDomainName'>-</Data><Data Name='TargetLogonId'>0x0</Data><Data Name='ParentProcessName'>C:\Windows\System32\cmd.exe</Data><Data Name='MandatoryLabel'>Mandatory Label\System Mandatory Level</Data>,4688.0,999068114,,,,,,,,,,,0x8020000000000000,0,,,,0x3e7,,Mandatory Label\System Mandatory Level,,,,,'Microsoft-Windows-Security-Auditing',0x2b8c,C:\Windows\System32\where.exe,,,,,,0,C:\Windows\System32\cmd.exe,,,,'4',0x2bec,,where  /Q repadmin,,999068114,,,,,,,MMM,0x3e7,ppppPWBADDC03$,NT AUTHORITY\SYSTEM,,'2026-05-19T01:47:49.8656981Z',<Provider Name='Microsoft-Windows-Security-Auditing' Guid='{54849625-5478-4994-a5ba-3e3b0328c30d}'/><EventID>4688</EventID><Version>2</Version><Level>0</Level><Task>13312</Task><Opcode>0</Opcode><Keywords>0x8020000000000000</Keywords><TimeCreated SystemTime='2026-05-19T01:47:49.8656981Z'/><EventRecordID>999068114</EventRecordID><Correlation/><Execution ProcessID='4' ThreadID='14716'/><Channel>Security</Channel><Computer>ppppPWBADDC03.mmm.hhh.ggg</Computer><Security/>,-,0x0,,,-,NULL SID,,,-,,-,13312,'14716',%%1936,%%1936,1936.0,,,,,2,,,,,2026-05-18T21:47:49.865-0400,allowed,win:unknown,,,,,ppppPWBADDC03.mmm.hhh.ggg,,ppppPWBADDC03.mmm.hhh.ggg,ppppPWBADDC03,999068114,endpoint_services_processes windows_endpoint_processes windows_event_signature windows_process_new wineventlog_security wineventlog_windows winsec,,,ppppPWBADDC03,999068114,occs-sss-windows,1,A new process has been created,C:\Windows\System32\where.exe,0x2b8c,where.exe,,,,,,,C:\Windows\System32\cmd.exe,0x2bec,cmd.exe,C:\Windows\System32\cmd.exe,C:\Windows\System32\where.exe /Q repadmin,/Q repadmin,where,where.exe,0x2b8c,where.exe,C:\Windows\System32\where.exe,Windows,<_='://../////'><><_='---'_='{----}'/><></><></><>,,,,,,,,0x3e7,,,A new process has been created,4688,XmlWinEventLog:Security,XmlWinEventLog,bbbbbsplunkes01,,,MMM,,ppppPWBADDC03$,,success,A new process has been created,failure,,,"execute
os
process
report
security
start
track_event_signatures
windows",,,,"execute
os
process
report
security
start
track_event_signatures
windows",,,ppppPWBADDC03$,-,,,,,Microsoft,,Microsoft Windows
,,,,,MMM,,,ppppPWBADDC03$,,,Security,,,,,,where  /Q repadmin,ppppPWBADDC03.mmm.hhh.ggg,,,,-,4688,<Data Name='SubjectUserSid'>NT AUTHORITY\SYSTEM</Data><Data Name='SubjectUserName'>ppppPWBADDC03$</Data><Data Name='SubjectDomainName'>MMM</Data><Data Name='SubjectLogonId'>0x3e7</Data><Data Name='NewProcessId'>0x244c</Data><Data Name='NewProcessName'>C:\Windows\System32\where.exe</Data><Data Name='TokenElevationType'>%%1936</Data><Data Name='ProcessId'>0x440c</Data><Data Name='CommandLine'>where  /Q repadmin </Data><Data Name='TargetUserSid'>NULL SID</Data><Data Name='TargetUserName'>-</Data><Data Name='TargetDomainName'>-</Data><Data Name='TargetLogonId'>0x0</Data><Data Name='ParentProcessName'>C:\Windows\System32\cmd.exe</Data><Data Name='MandatoryLabel'>Mandatory Label\System Mandatory Level</Data>,4688.0,999064125,,,,,,,,,,,0x8020000000000000,0,,,,0x3e7,,Mandatory Label\System Mandatory Level,,,,,'Microsoft-Windows-Security-Auditing',0x244c,C:\Windows\System32\where.exe,,,,,,0,C:\Windows\System32\cmd.exe,,,,'4',0x440c,,where  /Q repadmin,,999064125,,,,,,,MMM,0x3e7,ppppPWBADDC03$,NT AUTHORITY\SYSTEM,,'2026-05-19T01:42:47.1914406Z',<Provider Name='Microsoft-Windows-Security-Auditing' Guid='{54849625-5478-4994-a5ba-3e3b0328c30d}'/><EventID>4688</EventID><Version>2</Version><Level>0</Level><Task>13312</Task><Opcode>0</Opcode><Keywords>0x8020000000000000</Keywords><TimeCreated SystemTime='2026-05-19T01:42:47.1914406Z'/><EventRecordID>999064125</EventRecordID><Correlation/><Execution ProcessID='4' ThreadID='2956'/><Channel>Security</Channel><Computer>ppppPWBADDC03.mmm.hhh.ggg</Computer><Security/>,-,0x0,,,-,NULL SID,,,-,,-,13312,'2956',%%1936,%%1936,1936.0,,,,,2,,,,,2026-05-18T21:42:47.191-0400,allowed,win:unknown,,,,,ppppPWBADDC03.mmm.hhh.ggg,,ppppPWBADDC03.mmm.hhh.ggg,ppppPWBADDC03,999064125,endpoint_services_processes windows_endpoint_processes windows_event_signature windows_process_new wineventlog_security wineventlog_windows winsec,,,ppppPWBADDC03,999064125,occs-sss-windows,1,A new process has been created,C:\Windows\System32\where.exe,0x244c,where.exe,,,,,,,C:\Windows\System32\cmd.exe,0x440c,cmd.exe,C:\Windows\System32\cmd.exe,C:\Windows\System32\where.exe /Q repadmin,/Q repadmin,where,where.exe,0x244c,where.exe,C:\Windows\System32\where.exe,Windows,<_='://../////'><><_='---'_='{----}'/><></><></><>,,,,,,,,0x3e7,,,A new process has been created,4688,XmlWinEventLog:Security,XmlWinEventLog,bbbbbsplunkes03,,,MMM,,ppppPWBADDC03$,,success,A new process has been created,failure,,,"execute
os
process
report
security
start
track_event_signatures
windows",,,,"execute
os
process
report
security
start
track_event_signatures
windows",,,ppppPWBADDC03$,-,,,,,Microsoft,,Microsoft Windows
,,,,,MMM,,,ppppPWBADDC03$,,,Security,,,,,,where  /Q repadmin,ppppPWBADDC03.mmm.hhh.ggg,,,,-,4688,<Data Name='SubjectUserSid'>NT AUTHORITY\SYSTEM</Data><Data Name='SubjectUserName'>ppppPWBADDC03$</Data><Data Name='SubjectDomainName'>MMM</Data><Data Name='SubjectLogonId'>0x3e7</Data><Data Name='NewProcessId'>0x3964</Data><Data Name='NewProcessName'>C:\Windows\System32\where.exe</Data><Data Name='TokenElevationType'>%%1936</Data><Data Name='ProcessId'>0x396c</Data><Data Name='CommandLine'>where  /Q repadmin </Data><Data Name='TargetUserSid'>NULL SID</Data><Data Name='TargetUserName'>-</Data><Data Name='TargetDomainName'>-</Data><Data Name='TargetLogonId'>0x0</Data><Data Name='ParentProcessName'>C:\Windows\System32\cmd.exe</Data><Data Name='MandatoryLabel'>Mandatory Label\System Mandatory Level</Data>,4688.0,999059962,,,,,,,,,,,0x8020000000000000,0,,,,0x3e7,,Mandatory Label\System Mandatory Level,,,,,'Microsoft-Windows-Security-Auditing',0x3964,C:\Windows\System32\where.exe,,,,,,0,C:\Windows\System32\cmd.exe,,,,'4',0x396c,,where  /Q repadmin,,999059962,,,,,,,MMM,0x3e7,ppppPWBADDC03$,NT AUTHORITY\SYSTEM,,'2026-05-19T01:37:44.4839032Z',<Provider Name='Microsoft-Windows-Security-Auditing' Guid='{54849625-5478-4994-a5ba-3e3b0328c30d}'/><EventID>4688</EventID><Version>2</Version><Level>0</Level><Task>13312</Task><Opcode>0</Opcode><Keywords>0x8020000000000000</Keywords><TimeCreated SystemTime='2026-05-19T01:37:44.4839032Z'/><EventRecordID>999059962</EventRecordID><Correlation/><Execution ProcessID='4' ThreadID='9180'/><Channel>Security</Channel><Computer>ppppPWBADDC03.mmm.hhh.ggg</Computer><Security/>,-,0x0,,,-,NULL SID,,,-,,-,13312,'9180',%%1936,%%1936,1936.0,,,,,2,,,,,2026-05-18T21:37:44.483-0400,allowed,win:unknown,,,,,ppppPWBADDC03.mmm.hhh.ggg,,ppppPWBADDC03.mmm.hhh.ggg,ppppPWBADDC03,999059962,endpoint_services_processes windows_endpoint_processes windows_event_signature windows_process_new wineventlog_security wineventlog_windows winsec,,,ppppPWBADDC03,999059962,occs-sss-windows,1,A new process has been created,C:\Windows\System32\where.exe,0x3964,where.exe,,,,,,,C:\Windows\System32\cmd.exe,0x396c,cmd.exe,C:\Windows\System32\cmd.exe,C:\Windows\System32\where.exe /Q repadmin,/Q repadmin,where,where.exe,0x3964,where.exe,C:\Windows\System32\where.exe,Windows,<_='://../////'><><_='---'_='{----}'/><></><></><>,,,,,,,,0x3e7,,,A new process has been created,4688,XmlWinEventLog:Security,XmlWinEventLog,bbbbbsplunkes02,,,MMM,,ppppPWBADDC03$,,success,A new process has been created,failure,,,"execute
os
process
report
security
start
track_event_signatures
windows",,,,"execute
os
process
report
security
start
track_event_signatures
windows",,,ppppPWBADDC03$,-,,,,,Microsoft,,Microsoft Windows
,,,,,MMM,,,ppppPWBADDC03$,,,Security,,,,,,where  /Q repadmin,ppppPWBADDC03.mmm.hhh.ggg,,,,-,4688,<Data Name='SubjectUserSid'>NT AUTHORITY\SYSTEM</Data><Data Name='SubjectUserName'>ppppPWBADDC03$</Data><Data Name='SubjectDomainName'>MMM</Data><Data Name='SubjectLogonId'>0x3e7</Data><Data Name='NewProcessId'>0x1390</Data><Data Name='NewProcessName'>C:\Windows\System32\where.exe</Data><Data Name='TokenElevationType'>%%1936</Data><Data Name='ProcessId'>0x4174</Data><Data Name='CommandLine'>where  /Q repadmin </Data><Data Name='TargetUserSid'>NULL SID</Data><Data Name='TargetUserName'>-</Data><Data Name='TargetDomainName'>-</Data><Data Name='TargetLogonId'>0x0</Data><Data Name='ParentProcessName'>C:\Windows\System32\cmd.exe</Data><Data Name='MandatoryLabel'>Mandatory Label\System Mandatory Level</Data>,4688.0,999055113,,,,,,,,,,,0x8020000000000000,0,,,,0x3e7,,Mandatory Label\System Mandatory Level,,,,,'Microsoft-Windows-Security-Auditing',0x1390,C:\Windows\System32\where.exe,,,,,,0,C:\Windows\System32\cmd.exe,,,,'4',0x4174,,where  /Q repadmin,,999055113,,,,,,,MMM,0x3e7,ppppPWBADDC03$,NT AUTHORITY\SYSTEM,,'2026-05-19T01:32:41.0776128Z',<Provider Name='Microsoft-Windows-Security-Auditing' Guid='{54849625-5478-4994-a5ba-3e3b0328c30d}'/><EventID>4688</EventID><Version>2</Version><Level>0</Level><Task>13312</Task><Opcode>0</Opcode><Keywords>0x8020000000000000</Keywords><TimeCreated SystemTime='2026-05-19T01:32:41.0776128Z'/><EventRecordID>999055113</EventRecordID><Correlation/><Execution ProcessID='4' ThreadID='18272'/><Channel>Security</Channel><Computer>ppppPWBADDC03.mmm.hhh.ggg</Computer><Security/>,-,0x0,,,-,NULL SID,,,-,,-,13312,'18272',%%1936,%%1936,1936.0,,,,,2,,,,,2026-05-18T21:32:41.077-0400,allowed,win:unknown,,,,,ppppPWBADDC03.mmm.hhh.ggg,,ppppPWBADDC03.mmm.hhh.ggg,ppppPWBADDC03,999055113,endpoint_services_processes windows_endpoint_processes windows_event_signature windows_process_new wineventlog_security wineventlog_windows winsec,,,ppppPWBADDC03,999055113,occs-sss-windows,1,A new process has been created,C:\Windows\System32\where.exe,0x1390,where.exe,,,,,,,C:\Windows\System32\cmd.exe,0x4174,cmd.exe,C:\Windows\System32\cmd.exe,C:\Windows\System32\where.exe /Q repadmin,/Q repadmin,where,where.exe,0x1390,where.exe,C:\Windows\System32\where.exe,Windows,<_='://../////'><><_='---'_='{----}'/><></><></><>,,,,,,,,0x3e7,,,A new process has been created,4688,XmlWinEventLog:Security,XmlWinEventLog,bbbbbsplunkes02,,,MMM,,ppppPWBADDC03$,,success,A new process has been created,failure,,,"execute
os
process
report
security
start
track_event_signatures
windows",,,,"execute
os
process
report
security
start
track_event_signatures
windows",,,ppppPWBADDC03$,-,,,,,Microsoft,,Microsoft Windows
,,,,,MMM,,,ppppPWBADDC03$,,,Security,,,,,,where  /Q repadmin,ppppPWBADDC03.mmm.hhh.ggg,,,,-,4688,<Data Name='SubjectUserSid'>NT AUTHORITY\SYSTEM</Data><Data Name='SubjectUserName'>ppppPWBADDC03$</Data><Data Name='SubjectDomainName'>MMM</Data><Data Name='SubjectLogonId'>0x3e7</Data><Data Name='NewProcessId'>0x1fa4</Data><Data Name='NewProcessName'>C:\Windows\System32\where.exe</Data><Data Name='TokenElevationType'>%%1936</Data><Data Name='ProcessId'>0x2060</Data><Data Name='CommandLine'>where  /Q repadmin </Data><Data Name='TargetUserSid'>NULL SID</Data><Data Name='TargetUserName'>-</Data><Data Name='TargetDomainName'>-</Data><Data Name='TargetLogonId'>0x0</Data><Data Name='ParentProcessName'>C:\Windows\System32\cmd.exe</Data><Data Name='MandatoryLabel'>Mandatory Label\System Mandatory Level</Data>,4688.0,999050705,,,,,,,,,,,0x8020000000000000,0,,,,0x3e7,,Mandatory Label\System Mandatory Level,,,,,'Microsoft-Windows-Security-Auditing',0x1fa4,C:\Windows\System32\where.exe,,,,,,0,C:\Windows\System32\cmd.exe,,,,'4',0x2060,,where  /Q repadmin,,999050705,,,,,,,MMM,0x3e7,ppppPWBADDC03$,NT AUTHORITY\SYSTEM,,'2026-05-19T01:27:38.3734746Z',<Provider Name='Microsoft-Windows-Security-Auditing' Guid='{54849625-5478-4994-a5ba-3e3b0328c30d}'/><EventID>4688</EventID><Version>2</Version><Level>0</Level><Task>13312</Task><Opcode>0</Opcode><Keywords>0x8020000000000000</Keywords><TimeCreated SystemTime='2026-05-19T01:27:38.3734746Z'/><EventRecordID>999050705</EventRecordID><Correlation/><Execution ProcessID='4' ThreadID='11660'/><Channel>Security</Channel><Computer>ppppPWBADDC03.mmm.hhh.ggg</Computer><Security/>,-,0x0,,,-,NULL SID,,,-,,-,13312,'11660',%%1936,%%1936,1936.0,,,,,2,,,,,2026-05-18T21:27:38.373-0400,allowed,win:unknown,,,,,ppppPWBADDC03.mmm.hhh.ggg,,ppppPWBADDC03.mmm.hhh.ggg,ppppPWBADDC03,999050705,endpoint_services_processes windows_endpoint_processes windows_event_signature windows_process_new wineventlog_security wineventlog_windows winsec,,,ppppPWBADDC03,999050705,occs-sss-windows,1,A new process has been created,C:\Windows\System32\where.exe,0x1fa4,where.exe,,,,,,,C:\Windows\System32\cmd.exe,0x2060,cmd.exe,C:\Windows\System32\cmd.exe,C:\Windows\System32\where.exe /Q repadmin,/Q repadmin,where,where.exe,0x1fa4,where.exe,C:\Windows\System32\where.exe,Windows,<_='://../////'><><_='---'_='{----}'/><></><></><>,,,,,,,,0x3e7,,,A new process has been created,4688,XmlWinEventLog:Security,XmlWinEventLog,bbbbbsplunkes02,,,MMM,,ppppPWBADDC03$,,success,A new process has been created,failure,,,"execute
os
process
report
security
start
track_event_signatures
windows",,,,"execute
os
process
report
security
start
track_event_signatures
windows",,,ppppPWBADDC03$,-,,,,,Microsoft,,Microsoft Windows
,,,,,MMM,,,ppppPWBADDC03$,,,Security,,,,,,where  /Q repadmin,ppppPWBADDC03.mmm.hhh.ggg,,,,-,4688,<Data Name='SubjectUserSid'>NT AUTHORITY\SYSTEM</Data><Data Name='SubjectUserName'>ppppPWBADDC03$</Data><Data Name='SubjectDomainName'>MMM</Data><Data Name='SubjectLogonId'>0x3e7</Data><Data Name='NewProcessId'>0x4448</Data><Data Name='NewProcessName'>C:\Windows\System32\where.exe</Data><Data Name='TokenElevationType'>%%1936</Data><Data Name='ProcessId'>0x2f40</Data><Data Name='CommandLine'>where  /Q repadmin </Data><Data Name='TargetUserSid'>NULL SID</Data><Data Name='TargetUserName'>-</Data><Data Name='TargetDomainName'>-</Data><Data Name='TargetLogonId'>0x0</Data><Data Name='ParentProcessName'>C:\Windows\System32\cmd.exe</Data><Data Name='MandatoryLabel'>Mandatory Label\System Mandatory Level</Data>,4688.0,999045230,,,,,,,,,,,0x8020000000000000,0,,,,0x3e7,,Mandatory Label\System Mandatory Level,,,,,'Microsoft-Windows-Security-Auditing',0x4448,C:\Windows\System32\where.exe,,,,,,0,C:\Windows\System32\cmd.exe,,,,'4',0x2f40,,where  /Q repadmin,,999045230,,,,,,,MMM,0x3e7,ppppPWBADDC03$,NT AUTHORITY\SYSTEM,,'2026-05-19T01:22:35.7399547Z',<Provider Name='Microsoft-Windows-Security-Auditing' Guid='{54849625-5478-4994-a5ba-3e3b0328c30d}'/><EventID>4688</EventID><Version>2</Version><Level>0</Level><Task>13312</Task><Opcode>0</Opcode><Keywords>0x8020000000000000</Keywords><TimeCreated SystemTime='2026-05-19T01:22:35.7399547Z'/><EventRecordID>999045230</EventRecordID><Correlation/><Execution ProcessID='4' ThreadID='16652'/><Channel>Security</Channel><Computer>ppppPWBADDC03.mmm.hhh.ggg</Computer><Security/>,-,0x0,,,-,NULL SID,,,-,,-,13312,'16652',%%1936,%%1936,1936.0,,,,,2,,,,,2026-05-18T21:22:35.739-0400,allowed,win:unknown,,,,,ppppPWBADDC03.mmm.hhh.ggg,,ppppPWBADDC03.mmm.hhh.ggg,ppppPWBADDC03,999045230,endpoint_services_processes windows_endpoint_processes windows_event_signature windows_process_new wineventlog_security wineventlog_windows winsec,,,ppppPWBADDC03,999045230,occs-sss-windows,1,A new process has been created,C:\Windows\System32\where.exe,0x4448,where.exe,,,,,,,C:\Windows\System32\cmd.exe,0x2f40,cmd.exe,C:\Windows\System32\cmd.exe,C:\Windows\System32\where.exe /Q repadmin,/Q repadmin,where,where.exe,0x4448,where.exe,C:\Windows\System32\where.exe,Windows,<_='://../////'><><_='---'_='{----}'/><></><></><>,,,,,,,,0x3e7,,,A new process has been created,4688,XmlWinEventLog:Security,XmlWinEventLog,bbbbbsplunkes01,,,MMM,,ppppPWBADDC03$,,success,A new process has been created,failure,,,"execute
os
process
report
security
start
track_event_signatures
windows",,,,"execute
os
process
report
security
start
track_event_signatures
windows",,,ppppPWBADDC03$,-,,,,,Microsoft,,Microsoft Windows
,,,,,MMM,,,ppppPWBADDC03$,,,Security,,,,,,where  /Q repadmin,ppppPWBADDC03.mmm.hhh.ggg,,,,-,4688,<Data Name='SubjectUserSid'>NT AUTHORITY\SYSTEM</Data><Data Name='SubjectUserName'>ppppPWBADDC03$</Data><Data Name='SubjectDomainName'>MMM</Data><Data Name='SubjectLogonId'>0x3e7</Data><Data Name='NewProcessId'>0x4008</Data><Data Name='NewProcessName'>C:\Windows\System32\where.exe</Data><Data Name='TokenElevationType'>%%1936</Data><Data Name='ProcessId'>0x4704</Data><Data Name='CommandLine'>where  /Q repadmin </Data><Data Name='TargetUserSid'>NULL SID</Data><Data Name='TargetUserName'>-</Data><Data Name='TargetDomainName'>-</Data><Data Name='TargetLogonId'>0x0</Data><Data Name='ParentProcessName'>C:\Windows\System32\cmd.exe</Data><Data Name='MandatoryLabel'>Mandatory Label\System Mandatory Level</Data>,4688.0,999040070,,,,,,,,,,,0x8020000000000000,0,,,,0x3e7,,Mandatory Label\System Mandatory Level,,,,,'Microsoft-Windows-Security-Auditing',0x4008,C:\Windows\System32\where.exe,,,,,,0,C:\Windows\System32\cmd.exe,,,,'4',0x4704,,where  /Q repadmin,,999040070,,,,,,,MMM,0x3e7,ppppPWBADDC03$,NT AUTHORITY\SYSTEM,,'2026-05-19T01:17:33.0705308Z',<Provider Name='Microsoft-Windows-Security-Auditing' Guid='{54849625-5478-4994-a5ba-3e3b0328c30d}'/><EventID>4688</EventID><Version>2</Version><Level>0</Level><Task>13312</Task><Opcode>0</Opcode><Keywords>0x8020000000000000</Keywords><TimeCreated SystemTime='2026-05-19T01:17:33.0705308Z'/><EventRecordID>999040070</EventRecordID><Correlation/><Execution ProcessID='4' ThreadID='18352'/><Channel>Security</Channel><Computer>ppppPWBADDC03.mmm.hhh.ggg</Computer><Security/>,-,0x0,,,-,NULL SID,,,-,,-,13312,'18352',%%1936,%%1936,1936.0,,,,,2,,,,,2026-05-18T21:17:33.070-0400,allowed,win:unknown,,,,,ppppPWBADDC03.mmm.hhh.ggg,,ppppPWBADDC03.mmm.hhh.ggg,ppppPWBADDC03,999040070,endpoint_services_processes windows_endpoint_processes windows_event_signature windows_process_new wineventlog_security wineventlog_windows winsec,,,ppppPWBADDC03,999040070,occs-sss-windows,1,A new process has been created,C:\Windows\System32\where.exe,0x4008,where.exe,,,,,,,C:\Windows\System32\cmd.exe,0x4704,cmd.exe,C:\Windows\System32\cmd.exe,C:\Windows\System32\where.exe /Q repadmin,/Q repadmin,where,where.exe,0x4008,where.exe,C:\Windows\System32\where.exe,Windows,<_='://../////'><><_='---'_='{----}'/><></><></><>,,,,,,,,0x3e7,,,A new process has been created,4688,XmlWinEventLog:Security,XmlWinEventLog,bbbbbsplunkes02,,,MMM,,ppppPWBADDC03$,,success,A new process has been created,failure,,,"execute
os
process
report
security
start
track_event_signatures
windows",,,,"execute
os
process
report
security
start
track_event_signatures
windows",,,ppppPWBADDC03$,-,,,,,Microsoft,,Microsoft Windows
,,,,,MMM,,,ppppPWBADDC03$,,,Security,,,,,,where  /Q repadmin,ppppPWBADDC03.mmm.hhh.ggg,,,,-,4688,<Data Name='SubjectUserSid'>NT AUTHORITY\SYSTEM</Data><Data Name='SubjectUserName'>ppppPWBADDC03$</Data><Data Name='SubjectDomainName'>MMM</Data><Data Name='SubjectLogonId'>0x3e7</Data><Data Name='NewProcessId'>0x2cf4</Data><Data Name='NewProcessName'>C:\Windows\System32\where.exe</Data><Data Name='TokenElevationType'>%%1936</Data><Data Name='ProcessId'>0x3a70</Data><Data Name='CommandLine'>where  /Q repadmin </Data><Data Name='TargetUserSid'>NULL SID</Data><Data Name='TargetUserName'>-</Data><Data Name='TargetDomainName'>-</Data><Data Name='TargetLogonId'>0x0</Data><Data Name='ParentProcessName'>C:\Windows\System32\cmd.exe</Data><Data Name='MandatoryLabel'>Mandatory Label\System Mandatory Level</Data>,4688.0,999034831,,,,,,,,,,,0x8020000000000000,0,,,,0x3e7,,Mandatory Label\System Mandatory Level,,,,,'Microsoft-Windows-Security-Auditing',0x2cf4,C:\Windows\System32\where.exe,,,,,,0,C:\Windows\System32\cmd.exe,,,,'4',0x3a70,,where  /Q repadmin,,999034831,,,,,,,MMM,0x3e7,ppppPWBADDC03$,NT AUTHORITY\SYSTEM,,'2026-05-19T01:12:29.6455420Z',<Provider Name='Microsoft-Windows-Security-Auditing' Guid='{54849625-5478-4994-a5ba-3e3b0328c30d}'/><EventID>4688</EventID><Version>2</Version><Level>0</Level><Task>13312</Task><Opcode>0</Opcode><Keywords>0x8020000000000000</Keywords><TimeCreated SystemTime='2026-05-19T01:12:29.6455420Z'/><EventRecordID>999034831</EventRecordID><Correlation/><Execution ProcessID='4' ThreadID='8188'/><Channel>Security</Channel><Computer>ppppPWBADDC03.mmm.hhh.ggg</Computer><Security/>,-,0x0,,,-,NULL SID,,,-,,-,13312,'8188',%%1936,%%1936,1936.0,,,,,2,,,,,2026-05-18T21:12:29.645-0400,allowed,win:unknown,,,,,ppppPWBADDC03.mmm.hhh.ggg,,ppppPWBADDC03.mmm.hhh.ggg,ppppPWBADDC03,999034831,endpoint_services_processes windows_endpoint_processes windows_event_signature windows_process_new wineventlog_security wineventlog_windows winsec,,,ppppPWBADDC03,999034831,occs-sss-windows,1,A new process has been created,C:\Windows\System32\where.exe,0x2cf4,where.exe,,,,,,,C:\Windows\System32\cmd.exe,0x3a70,cmd.exe,C:\Windows\System32\cmd.exe,C:\Windows\System32\where.exe /Q repadmin,/Q repadmin,where,where.exe,0x2cf4,where.exe,C:\Windows\System32\where.exe,Windows,<_='://../////'><><_='---'_='{----}'/><></><></><>,,,,,,,,0x3e7,,,A new process has been created,4688,XmlWinEventLog:Security,XmlWinEventLog,bbbbbsplunkes01,,,MMM,,ppppPWBADDC03$,,success,A new process has been created,failure,,,"execute
os
process
report
security
start
track_event_signatures
windows",,,,"execute
os
process
report
security
start
track_event_signatures
windows",,,ppppPWBADDC03$,-,,,,,Microsoft,,Microsoft Windows
,,,,,MMM,,,ppppPWBADDC03$,,,Security,,,,,,where  /Q repadmin,ppppPWBADDC03.mmm.hhh.ggg,,,,-,4688,<Data Name='SubjectUserSid'>NT AUTHORITY\SYSTEM</Data><Data Name='SubjectUserName'>ppppPWBADDC03$</Data><Data Name='SubjectDomainName'>MMM</Data><Data Name='SubjectLogonId'>0x3e7</Data><Data Name='NewProcessId'>0x3fd8</Data><Data Name='NewProcessName'>C:\Windows\System32\where.exe</Data><Data Name='TokenElevationType'>%%1936</Data><Data Name='ProcessId'>0x3f90</Data><Data Name='CommandLine'>where  /Q repadmin </Data><Data Name='TargetUserSid'>NULL SID</Data><Data Name='TargetUserName'>-</Data><Data Name='TargetDomainName'>-</Data><Data Name='TargetLogonId'>0x0</Data><Data Name='ParentProcessName'>C:\Windows\System32\cmd.exe</Data><Data Name='MandatoryLabel'>Mandatory Label\System Mandatory Level</Data>,4688.0,999030300,,,,,,,,,,,0x8020000000000000,0,,,,0x3e7,,Mandatory Label\System Mandatory Level,,,,,'Microsoft-Windows-Security-Auditing',0x3fd8,C:\Windows\System32\where.exe,,,,,,0,C:\Windows\System32\cmd.exe,,,,'4',0x3f90,,where  /Q repadmin,,999030300,,,,,,,MMM,0x3e7,ppppPWBADDC03$,NT AUTHORITY\SYSTEM,,'2026-05-19T01:07:26.9271857Z',<Provider Name='Microsoft-Windows-Security-Auditing' Guid='{54849625-5478-4994-a5ba-3e3b0328c30d}'/><EventID>4688</EventID><Version>2</Version><Level>0</Level><Task>13312</Task><Opcode>0</Opcode><Keywords>0x8020000000000000</Keywords><TimeCreated SystemTime='2026-05-19T01:07:26.9271857Z'/><EventRecordID>999030300</EventRecordID><Correlation/><Execution ProcessID='4' ThreadID='2552'/><Channel>Security</Channel><Computer>ppppPWBADDC03.mmm.hhh.ggg</Computer><Security/>,-,0x0,,,-,NULL SID,,,-,,-,13312,'2552',%%1936,%%1936,1936.0,,,,,2,,,,,2026-05-18T21:07:26.927-0400,allowed,win:unknown,,,,,ppppPWBADDC03.mmm.hhh.ggg,,ppppPWBADDC03.mmm.hhh.ggg,ppppPWBADDC03,999030300,endpoint_services_processes windows_endpoint_processes windows_event_signature windows_process_new wineventlog_security wineventlog_windows winsec,,,ppppPWBADDC03,999030300,occs-sss-windows,1,A new process has been created,C:\Windows\System32\where.exe,0x3fd8,where.exe,,,,,,,C:\Windows\System32\cmd.exe,0x3f90,cmd.exe,C:\Windows\System32\cmd.exe,C:\Windows\System32\where.exe /Q repadmin,/Q repadmin,where,where.exe,0x3fd8,where.exe,C:\Windows\System32\where.exe,Windows,<_='://../////'><><_='---'_='{----}'/><></><></><>,,,,,,,,0x3e7,,,A new process has been created,4688,XmlWinEventLog:Security,XmlWinEventLog,bbbbbsplunkes01,,,MMM,,ppppPWBADDC03$,,success,A new process has been created,failure,,,"execute
os
process
report
security
start
track_event_signatures
windows",,,,"execute
os
process
report
security
start
track_event_signatures
windows",,,ppppPWBADDC03$,-,,,,,Microsoft,,Microsoft Windows
,,,,,MMM,,,ppppPWBADDC03$,,,Security,,,,,,where  /Q repadmin,ppppPWBADDC03.mmm.hhh.ggg,,,,-,4688,<Data Name='SubjectUserSid'>NT AUTHORITY\SYSTEM</Data><Data Name='SubjectUserName'>ppppPWBADDC03$</Data><Data Name='SubjectDomainName'>MMM</Data><Data Name='SubjectLogonId'>0x3e7</Data><Data Name='NewProcessId'>0x3cbc</Data><Data Name='NewProcessName'>C:\Windows\System32\where.exe</Data><Data Name='TokenElevationType'>%%1936</Data><Data Name='ProcessId'>0x37d8</Data><Data Name='CommandLine'>where  /Q repadmin </Data><Data Name='TargetUserSid'>NULL SID</Data><Data Name='TargetUserName'>-</Data><Data Name='TargetDomainName'>-</Data><Data Name='TargetLogonId'>0x0</Data><Data Name='ParentProcessName'>C:\Windows\System32\cmd.exe</Data><Data Name='MandatoryLabel'>Mandatory Label\System Mandatory Level</Data>,4688.0,999025089,,,,,,,,,,,0x8020000000000000,0,,,,0x3e7,,Mandatory Label\System Mandatory Level,,,,,'Microsoft-Windows-Security-Auditing',0x3cbc,C:\Windows\System32\where.exe,,,,,,0,C:\Windows\System32\cmd.exe,,,,'4',0x37d8,,where  /Q repadmin,,999025089,,,,,,,MMM,0x3e7,ppppPWBADDC03$,NT AUTHORITY\SYSTEM,,'2026-05-19T01:02:24.2519780Z',<Provider Name='Microsoft-Windows-Security-Auditing' Guid='{54849625-5478-4994-a5ba-3e3b0328c30d}'/><EventID>4688</EventID><Version>2</Version><Level>0</Level><Task>13312</Task><Opcode>0</Opcode><Keywords>0x8020000000000000</Keywords><TimeCreated SystemTime='2026-05-19T01:02:24.2519780Z'/><EventRecordID>999025089</EventRecordID><Correlation/><Execution ProcessID='4' ThreadID='18272'/><Channel>Security</Channel><Computer>ppppPWBADDC03.mmm.hhh.ggg</Computer><Security/>,-,0x0,,,-,NULL SID,,,-,,-,13312,'18272',%%1936,%%1936,1936.0,,,,,2,,,,,2026-05-18T21:02:24.251-0400,allowed,win:unknown,,,,,ppppPWBADDC03.mmm.hhh.ggg,,ppppPWBADDC03.mmm.hhh.ggg,ppppPWBADDC03,999025089,endpoint_services_processes windows_endpoint_processes windows_event_signature windows_process_new wineventlog_security wineventlog_windows winsec,,,ppppPWBADDC03,999025089,occs-sss-windows,1,A new process has been created,C:\Windows\System32\where.exe,0x3cbc,where.exe,,,,,,,C:\Windows\System32\cmd.exe,0x37d8,cmd.exe,C:\Windows\System32\cmd.exe,C:\Windows\System32\where.exe /Q repadmin,/Q repadmin,where,where.exe,0x3cbc,where.exe,C:\Windows\System32\where.exe,Windows,<_='://../////'><><_='---'_='{----}'/><></><></><>,,,,,,,,0x3e7,,,A new process has been created,4688,XmlWinEventLog:Security,XmlWinEventLog,bbbbbsplunkes01,,,MMM,,ppppPWBADDC03$,,success,A new process has been created,failure,,,"execute
os
process
report
security
start
track_event_signatures
windows",,,,"execute
os
process
report
security
start
track_event_signatures
windows",,,ppppPWBADDC03$,-,,,,,Microsoft,,Microsoft Windows
,,,,,MMM,,,ppppPWBADDC03$,,,Security,,,,,,where  /Q repadmin,ppppPWBADDC03.mmm.hhh.ggg,,,,-,4688,<Data Name='SubjectUserSid'>NT AUTHORITY\SYSTEM</Data><Data Name='SubjectUserName'>ppppPWBADDC03$</Data><Data Name='SubjectDomainName'>MMM</Data><Data Name='SubjectLogonId'>0x3e7</Data><Data Name='NewProcessId'>0x41a0</Data><Data Name='NewProcessName'>C:\Windows\System32\where.exe</Data><Data Name='TokenElevationType'>%%1936</Data><Data Name='ProcessId'>0x3dbc</Data><Data Name='CommandLine'>where  /Q repadmin </Data><Data Name='TargetUserSid'>NULL SID</Data><Data Name='TargetUserName'>-</Data><Data Name='TargetDomainName'>-</Data><Data Name='TargetLogonId'>0x0</Data><Data Name='ParentProcessName'>C:\Windows\System32\cmd.exe</Data><Data Name='MandatoryLabel'>Mandatory Label\System Mandatory Level</Data>,4688.0,999021089,,,,,,,,,,,0x8020000000000000,0,,,,0x3e7,,Mandatory Label\System Mandatory Level,,,,,'Microsoft-Windows-Security-Auditing',0x41a0,C:\Windows\System32\where.exe,,,,,,0,C:\Windows\System32\cmd.exe,,,,'4',0x3dbc,,where  /Q repadmin,,999021089,,,,,,,MMM,0x3e7,ppppPWBADDC03$,NT AUTHORITY\SYSTEM,,'2026-05-19T00:57:21.6010833Z',<Provider Name='Microsoft-Windows-Security-Auditing' Guid='{54849625-5478-4994-a5ba-3e3b0328c30d}'/><EventID>4688</EventID><Version>2</Version><Level>0</Level><Task>13312</Task><Opcode>0</Opcode><Keywords>0x8020000000000000</Keywords><TimeCreated SystemTime='2026-05-19T00:57:21.6010833Z'/><EventRecordID>999021089</EventRecordID><Correlation/><Execution ProcessID='4' ThreadID='14684'/><Channel>Security</Channel><Computer>ppppPWBADDC03.mmm.hhh.ggg</Computer><Security/>,-,0x0,,,-,NULL SID,,,-,,-,13312,'14684',%%1936,%%1936,1936.0,,,,,2,,,,,2026-05-18T20:57:21.601-0400,allowed,win:unknown,,,,,ppppPWBADDC03.mmm.hhh.ggg,,ppppPWBADDC03.mmm.hhh.ggg,ppppPWBADDC03,999021089,endpoint_services_processes windows_endpoint_processes windows_event_signature windows_process_new wineventlog_security wineventlog_windows winsec,,,ppppPWBADDC03,999021089,occs-sss-windows,1,A new process has been created,C:\Windows\System32\where.exe,0x41a0,where.exe,,,,,,,C:\Windows\System32\cmd.exe,0x3dbc,cmd.exe,C:\Windows\System32\cmd.exe,C:\Windows\System32\where.exe /Q repadmin,/Q repadmin,where,where.exe,0x41a0,where.exe,C:\Windows\System32\where.exe,Windows,<_='://../////'><><_='---'_='{----}'/><></><></><>,,,,,,,,0x3e7,,,A new process has been created,4688,XmlWinEventLog:Security,XmlWinEventLog,bbbbbsplunkes01,,,MMM,,ppppPWBADDC03$,,success,A new process has been created,failure,,,"execute
os
process
report
security
start
track_event_signatures
windows",,,,"execute
os
process
report
security
start
track_event_signatures
windows",,,ppppPWBADDC03$,-,,,,,Microsoft,,Microsoft Windows
,,,,,MMM,,,ppppPWBADDC03$,,,Security,,,,,,where  /Q repadmin,ppppPWBADDC03.mmm.hhh.ggg,,,,-,4688,<Data Name='SubjectUserSid'>NT AUTHORITY\SYSTEM</Data><Data Name='SubjectUserName'>ppppPWBADDC03$</Data><Data Name='SubjectDomainName'>MMM</Data><Data Name='SubjectLogonId'>0x3e7</Data><Data Name='NewProcessId'>0x3848</Data><Data Name='NewProcessName'>C:\Windows\System32\where.exe</Data><Data Name='TokenElevationType'>%%1936</Data><Data Name='ProcessId'>0x4328</Data><Data Name='CommandLine'>where  /Q repadmin </Data><Data Name='TargetUserSid'>NULL SID</Data><Data Name='TargetUserName'>-</Data><Data Name='TargetDomainName'>-</Data><Data Name='TargetLogonId'>0x0</Data><Data Name='ParentProcessName'>C:\Windows\System32\cmd.exe</Data><Data Name='MandatoryLabel'>Mandatory Label\System Mandatory Level</Data>,4688.0,999017154,,,,,,,,,,,0x8020000000000000,0,,,,0x3e7,,Mandatory Label\System Mandatory Level,,,,,'Microsoft-Windows-Security-Auditing',0x3848,C:\Windows\System32\where.exe,,,,,,0,C:\Windows\System32\cmd.exe,,,,'4',0x4328,,where  /Q repadmin,,999017154,,,,,,,MMM,0x3e7,ppppPWBADDC03$,NT AUTHORITY\SYSTEM,,'2026-05-19T00:52:18.1718346Z',<Provider Name='Microsoft-Windows-Security-Auditing' Guid='{54849625-5478-4994-a5ba-3e3b0328c30d}'/><EventID>4688</EventID><Version>2</Version><Level>0</Level><Task>13312</Task><Opcode>0</Opcode><Keywords>0x8020000000000000</Keywords><TimeCreated SystemTime='2026-05-19T00:52:18.1718346Z'/><EventRecordID>999017154</EventRecordID><Correlation/><Execution ProcessID='4' ThreadID='18352'/><Channel>Security</Channel><Computer>ppppPWBADDC03.mmm.hhh.ggg</Computer><Security/>,-,0x0,,,-,NULL SID,,,-,,-,13312,'18352',%%1936,%%1936,1936.0,,,,,2,,,,,2026-05-18T20:52:18.171-0400,allowed,win:unknown,,,,,ppppPWBADDC03.mmm.hhh.ggg,,ppppPWBADDC03.mmm.hhh.ggg,ppppPWBADDC03,999017154,endpoint_services_processes windows_endpoint_processes windows_event_signature windows_process_new wineventlog_security wineventlog_windows winsec,,,ppppPWBADDC03,999017154,occs-sss-windows,1,A new process has been created,C:\Windows\System32\where.exe,0x3848,where.exe,,,,,,,C:\Windows\System32\cmd.exe,0x4328,cmd.exe,C:\Windows\System32\cmd.exe,C:\Windows\System32\where.exe /Q repadmin,/Q repadmin,where,where.exe,0x3848,where.exe,C:\Windows\System32\where.exe,Windows,<_='://../////'><><_='---'_='{----}'/><></><></><>,,,,,,,,0x3e7,,,A new process has been created,4688,XmlWinEventLog:Security,XmlWinEventLog,bbbbbsplunkes03,,,MMM,,ppppPWBADDC03$,,success,A new process has been created,failure,,,"execute
os
process
report
security
start
track_event_signatures
windows",,,,"execute
os
process
report
security
start
track_event_signatures
windows",,,ppppPWBADDC03$,-,,,,,Microsoft,,Microsoft Windows
,,,,,MMM,,,ppppPWBADDC03$,,,Security,,,,,,where  /Q repadmin,ppppPWBADDC03.mmm.hhh.ggg,,,,-,4688,<Data Name='SubjectUserSid'>NT AUTHORITY\SYSTEM</Data><Data Name='SubjectUserName'>ppppPWBADDC03$</Data><Data Name='SubjectDomainName'>MMM</Data><Data Name='SubjectLogonId'>0x3e7</Data><Data Name='NewProcessId'>0x4078</Data><Data Name='NewProcessName'>C:\Windows\System32\where.exe</Data><Data Name='TokenElevationType'>%%1936</Data><Data Name='ProcessId'>0x272c</Data><Data Name='CommandLine'>where  /Q repadmin </Data><Data Name='TargetUserSid'>NULL SID</Data><Data Name='TargetUserName'>-</Data><Data Name='TargetDomainName'>-</Data><Data Name='TargetLogonId'>0x0</Data><Data Name='ParentProcessName'>C:\Windows\System32\cmd.exe</Data><Data Name='MandatoryLabel'>Mandatory Label\System Mandatory Level</Data>,4688.0,999011849,,,,,,,,,,,0x8020000000000000,0,,,,0x3e7,,Mandatory Label\System Mandatory Level,,,,,'Microsoft-Windows-Security-Auditing',0x4078,C:\Windows\System32\where.exe,,,,,,0,C:\Windows\System32\cmd.exe,,,,'4',0x272c,,where  /Q repadmin,,999011849,,,,,,,MMM,0x3e7,ppppPWBADDC03$,NT AUTHORITY\SYSTEM,,'2026-05-19T00:47:15.5161977Z',<Provider Name='Microsoft-Windows-Security-Auditing' Guid='{54849625-5478-4994-a5ba-3e3b0328c30d}'/><EventID>4688</EventID><Version>2</Version><Level>0</Level><Task>13312</Task><Opcode>0</Opcode><Keywords>0x8020000000000000</Keywords><TimeCreated SystemTime='2026-05-19T00:47:15.5161977Z'/><EventRecordID>999011849</EventRecordID><Correlation/><Execution ProcessID='4' ThreadID='2552'/><Channel>Security</Channel><Computer>ppppPWBADDC03.mmm.hhh.ggg</Computer><Security/>,-,0x0,,,-,NULL SID,,,-,,-,13312,'2552',%%1936,%%1936,1936.0,,,,,2,,,,,2026-05-18T20:47:15.516-0400,allowed,win:unknown,,,,,ppppPWBADDC03.mmm.hhh.ggg,,ppppPWBADDC03.mmm.hhh.ggg,ppppPWBADDC03,999011849,endpoint_services_processes windows_endpoint_processes windows_event_signature windows_process_new wineventlog_security wineventlog_windows winsec,,,ppppPWBADDC03,999011849,occs-sss-windows,1,A new process has been created,C:\Windows\System32\where.exe,0x4078,where.exe,,,,,,,C:\Windows\System32\cmd.exe,0x272c,cmd.exe,C:\Windows\System32\cmd.exe,C:\Windows\System32\where.exe /Q repadmin,/Q repadmin,where,where.exe,0x4078,where.exe,C:\Windows\System32\where.exe,Windows,<_='://../////'><><_='---'_='{----}'/><></><></><>,,,,,,,,0x3e7,,,A new process has been created,4688,XmlWinEventLog:Security,XmlWinEventLog,bbbbbsplunkes01,,,MMM,,ppppPWBADDC03$,,success,A new process has been created,failure,,,"execute
os
process
report
security
start
track_event_signatures
windows",,,,"execute
os
process
report
security
start
track_event_signatures
windows",,,ppppPWBADDC03$,-,,,,,Microsoft,,Microsoft Windows
,,,,,MMM,,,ppppPWBADDC03$,,,Security,,,,,,where  /Q repadmin,ppppPWBADDC03.mmm.hhh.ggg,,,,-,4688,<Data Name='SubjectUserSid'>NT AUTHORITY\SYSTEM</Data><Data Name='SubjectUserName'>ppppPWBADDC03$</Data><Data Name='SubjectDomainName'>MMM</Data><Data Name='SubjectLogonId'>0x3e7</Data><Data Name='NewProcessId'>0x2bec</Data><Data Name='NewProcessName'>C:\Windows\System32\where.exe</Data><Data Name='TokenElevationType'>%%1936</Data><Data Name='ProcessId'>0x4678</Data><Data Name='CommandLine'>where  /Q repadmin </Data><Data Name='TargetUserSid'>NULL SID</Data><Data Name='TargetUserName'>-</Data><Data Name='TargetDomainName'>-</Data><Data Name='TargetLogonId'>0x0</Data><Data Name='ParentProcessName'>C:\Windows\System32\cmd.exe</Data><Data Name='MandatoryLabel'>Mandatory Label\System Mandatory Level</Data>,4688.0,999006982,,,,,,,,,,,0x8020000000000000,0,,,,0x3e7,,Mandatory Label\System Mandatory Level,,,,,'Microsoft-Windows-Security-Auditing',0x2bec,C:\Windows\System32\where.exe,,,,,,0,C:\Windows\System32\cmd.exe,,,,'4',0x4678,,where  /Q repadmin,,999006982,,,,,,,MMM,0x3e7,ppppPWBADDC03$,NT AUTHORITY\SYSTEM,,'2026-05-19T00:42:12.8302449Z',<Provider Name='Microsoft-Windows-Security-Auditing' Guid='{54849625-5478-4994-a5ba-3e3b0328c30d}'/><EventID>4688</EventID><Version>2</Version><Level>0</Level><Task>13312</Task><Opcode>0</Opcode><Keywords>0x8020000000000000</Keywords><TimeCreated SystemTime='2026-05-19T00:42:12.8302449Z'/><EventRecordID>999006982</EventRecordID><Correlation/><Execution ProcessID='4' ThreadID='14596'/><Channel>Security</Channel><Computer>ppppPWBADDC03.mmm.hhh.ggg</Computer><Security/>,-,0x0,,,-,NULL SID,,,-,,-,13312,'14596',%%1936,%%1936,1936.0,,,,,2,,,,,2026-05-18T20:42:12.830-0400,allowed,win:unknown,,,,,ppppPWBADDC03.mmm.hhh.ggg,,ppppPWBADDC03.mmm.hhh.ggg,ppppPWBADDC03,999006982,endpoint_services_processes windows_endpoint_processes windows_event_signature windows_process_new wineventlog_security wineventlog_windows winsec,,,ppppPWBADDC03,999006982,occs-sss-windows,1,A new process has been created,C:\Windows\System32\where.exe,0x2bec,where.exe,,,,,,,C:\Windows\System32\cmd.exe,0x4678,cmd.exe,C:\Windows\System32\cmd.exe,C:\Windows\System32\where.exe /Q repadmin,/Q repadmin,where,where.exe,0x2bec,where.exe,C:\Windows\System32\where.exe,Windows,<_='://../////'><><_='---'_='{----}'/><></><></><>,,,,,,,,0x3e7,,,A new process has been created,4688,XmlWinEventLog:Security,XmlWinEventLog,bbbbbsplunkes03,,,MMM,,ppppPWBADDC03$,,success,A new process has been created,failure,,,"execute
os
process
report
security
start
track_event_signatures
windows",,,,"execute
os
process
report
security
start
track_event_signatures
windows",,,ppppPWBADDC03$,-,,,,,Microsoft,,Microsoft Windows
,,,,,MMM,,,ppppPWBADDC03$,,,Security,,,,,,where  /Q repadmin,ppppPWBADDC03.mmm.hhh.ggg,,,,-,4688,<Data Name='SubjectUserSid'>NT AUTHORITY\SYSTEM</Data><Data Name='SubjectUserName'>ppppPWBADDC03$</Data><Data Name='SubjectDomainName'>MMM</Data><Data Name='SubjectLogonId'>0x3e7</Data><Data Name='NewProcessId'>0x13f8</Data><Data Name='NewProcessName'>C:\Windows\System32\where.exe</Data><Data Name='TokenElevationType'>%%1936</Data><Data Name='ProcessId'>0x47c8</Data><Data Name='CommandLine'>where  /Q repadmin </Data><Data Name='TargetUserSid'>NULL SID</Data><Data Name='TargetUserName'>-</Data><Data Name='TargetDomainName'>-</Data><Data Name='TargetLogonId'>0x0</Data><Data Name='ParentProcessName'>C:\Windows\System32\cmd.exe</Data><Data Name='MandatoryLabel'>Mandatory Label\System Mandatory Level</Data>,4688.0,999002705,,,,,,,,,,,0x8020000000000000,0,,,,0x3e7,,Mandatory Label\System Mandatory Level,,,,,'Microsoft-Windows-Security-Auditing',0x13f8,C:\Windows\System32\where.exe,,,,,,0,C:\Windows\System32\cmd.exe,,,,'4',0x47c8,,where  /Q repadmin,,999002705,,,,,,,MMM,0x3e7,ppppPWBADDC03$,NT AUTHORITY\SYSTEM,,'2026-05-19T00:37:10.1362273Z',<Provider Name='Microsoft-Windows-Security-Auditing' Guid='{54849625-5478-4994-a5ba-3e3b0328c30d}'/><EventID>4688</EventID><Version>2</Version><Level>0</Level><Task>13312</Task><Opcode>0</Opcode><Keywords>0x8020000000000000</Keywords><TimeCreated SystemTime='2026-05-19T00:37:10.1362273Z'/><EventRecordID>999002705</EventRecordID><Correlation/><Execution ProcessID='4' ThreadID='2956'/><Channel>Security</Channel><Computer>ppppPWBADDC03.mmm.hhh.ggg</Computer><Security/>,-,0x0,,,-,NULL SID,,,-,,-,13312,'2956',%%1936,%%1936,1936.0,,,,,2,,,,,2026-05-18T20:37:10.136-0400,allowed,win:unknown,,,,,ppppPWBADDC03.mmm.hhh.ggg,,ppppPWBADDC03.mmm.hhh.ggg,ppppPWBADDC03,999002705,endpoint_services_processes windows_endpoint_processes windows_event_signature windows_process_new wineventlog_security wineventlog_windows winsec,,,ppppPWBADDC03,999002705,occs-sss-windows,1,A new process has been created,C:\Windows\System32\where.exe,0x13f8,where.exe,,,,,,,C:\Windows\System32\cmd.exe,0x47c8,cmd.exe,C:\Windows\System32\cmd.exe,C:\Windows\System32\where.exe /Q repadmin,/Q repadmin,where,where.exe,0x13f8,where.exe,C:\Windows\System32\where.exe,Windows,<_='://../////'><><_='---'_='{----}'/><></><></><>,,,,,,,,0x3e7,,,A new process has been created,4688,XmlWinEventLog:Security,XmlWinEventLog,bbbbbsplunkes01,,,MMM,,ppppPWBADDC03$,,success,A new process has been created,failure,,,"execute
os
process
report
security
start
track_event_signatures
windows",,,,"execute
os
process
report
security
start
track_event_signatures
windows",,,ppppPWBADDC03$,-,,,,,Microsoft,,Microsoft Windows
,,,,,MMM,,,ppppPWBADDC03$,,,Security,,,,,,where  /Q repadmin,ppppPWBADDC03.mmm.hhh.ggg,,,,-,4688,<Data Name='SubjectUserSid'>NT AUTHORITY\SYSTEM</Data><Data Name='SubjectUserName'>ppppPWBADDC03$</Data><Data Name='SubjectDomainName'>MMM</Data><Data Name='SubjectLogonId'>0x3e7</Data><Data Name='NewProcessId'>0x104c</Data><Data Name='NewProcessName'>C:\Windows\System32\where.exe</Data><Data Name='TokenElevationType'>%%1936</Data><Data Name='ProcessId'>0x23f4</Data><Data Name='CommandLine'>where  /Q repadmin </Data><Data Name='TargetUserSid'>NULL SID</Data><Data Name='TargetUserName'>-</Data><Data Name='TargetDomainName'>-</Data><Data Name='TargetLogonId'>0x0</Data><Data Name='ParentProcessName'>C:\Windows\System32\cmd.exe</Data><Data Name='MandatoryLabel'>Mandatory Label\System Mandatory Level</Data>,4688.0,998998189,,,,,,,,,,,0x8020000000000000,0,,,,0x3e7,,Mandatory Label\System Mandatory Level,,,,,'Microsoft-Windows-Security-Auditing',0x104c,C:\Windows\System32\where.exe,,,,,,0,C:\Windows\System32\cmd.exe,,,,'4',0x23f4,,where  /Q repadmin,,998998189,,,,,,,MMM,0x3e7,ppppPWBADDC03$,NT AUTHORITY\SYSTEM,,'2026-05-19T00:32:06.6852544Z',<Provider Name='Microsoft-Windows-Security-Auditing' Guid='{54849625-5478-4994-a5ba-3e3b0328c30d}'/><EventID>4688</EventID><Version>2</Version><Level>0</Level><Task>13312</Task><Opcode>0</Opcode><Keywords>0x8020000000000000</Keywords><TimeCreated SystemTime='2026-05-19T00:32:06.6852544Z'/><EventRecordID>998998189</EventRecordID><Correlation/><Execution ProcessID='4' ThreadID='17256'/><Channel>Security</Channel><Computer>ppppPWBADDC03.mmm.hhh.ggg</Computer><Security/>,-,0x0,,,-,NULL SID,,,-,,-,13312,'17256',%%1936,%%1936,1936.0,,,,,2,,,,,2026-05-18T20:32:06.685-0400,allowed,win:unknown,,,,,ppppPWBADDC03.mmm.hhh.ggg,,ppppPWBADDC03.mmm.hhh.ggg,ppppPWBADDC03,998998189,endpoint_services_processes windows_endpoint_processes windows_event_signature windows_process_new wineventlog_security wineventlog_windows winsec,,,ppppPWBADDC03,998998189,occs-sss-windows,1,A new process has been created,C:\Windows\System32\where.exe,0x104c,where.exe,,,,,,,C:\Windows\System32\cmd.exe,0x23f4,cmd.exe,C:\Windows\System32\cmd.exe,C:\Windows\System32\where.exe /Q repadmin,/Q repadmin,where,where.exe,0x104c,where.exe,C:\Windows\System32\where.exe,Windows,<_='://../////'><><_='---'_='{----}'/><></><></><>,,,,,,,,0x3e7,,,A new process has been created,4688,XmlWinEventLog:Security,XmlWinEventLog,bbbbbsplunkes01,,,MMM,,ppppPWBADDC03$,,success,A new process has been created,failure,,,"execute
os
process
report
security
start
track_event_signatures
windows",,,,"execute
os
process
report
security
start
track_event_signatures
windows",,,ppppPWBADDC03$,-,,,,,Microsoft,,Microsoft Windows
,,,,,MMM,,,ppppPWBADDC03$,,,Security,,,,,,where  /Q repadmin,ppppPWBADDC03.mmm.hhh.ggg,,,,-,4688,<Data Name='SubjectUserSid'>NT AUTHORITY\SYSTEM</Data><Data Name='SubjectUserName'>ppppPWBADDC03$</Data><Data Name='SubjectDomainName'>MMM</Data><Data Name='SubjectLogonId'>0x3e7</Data><Data Name='NewProcessId'>0x1fc4</Data><Data Name='NewProcessName'>C:\Windows\System32\where.exe</Data><Data Name='TokenElevationType'>%%1936</Data><Data Name='ProcessId'>0x2dfc</Data><Data Name='CommandLine'>where  /Q repadmin </Data><Data Name='TargetUserSid'>NULL SID</Data><Data Name='TargetUserName'>-</Data><Data Name='TargetDomainName'>-</Data><Data Name='TargetLogonId'>0x0</Data><Data Name='ParentProcessName'>C:\Windows\System32\cmd.exe</Data><Data Name='MandatoryLabel'>Mandatory Label\System Mandatory Level</Data>,4688.0,998993841,,,,,,,,,,,0x8020000000000000,0,,,,0x3e7,,Mandatory Label\System Mandatory Level,,,,,'Microsoft-Windows-Security-Auditing',0x1fc4,C:\Windows\System32\where.exe,,,,,,0,C:\Windows\System32\cmd.exe,,,,'4',0x2dfc,,where  /Q repadmin,,998993841,,,,,,,MMM,0x3e7,ppppPWBADDC03$,NT AUTHORITY\SYSTEM,,'2026-05-19T00:27:04.0272012Z',<Provider Name='Microsoft-Windows-Security-Auditing' Guid='{54849625-5478-4994-a5ba-3e3b0328c30d}'/><EventID>4688</EventID><Version>2</Version><Level>0</Level><Task>13312</Task><Opcode>0</Opcode><Keywords>0x8020000000000000</Keywords><TimeCreated SystemTime='2026-05-19T00:27:04.0272012Z'/><EventRecordID>998993841</EventRecordID><Correlation/><Execution ProcessID='4' ThreadID='17596'/><Channel>Security</Channel><Computer>ppppPWBADDC03.mmm.hhh.ggg</Computer><Security/>,-,0x0,,,-,NULL SID,,,-,,-,13312,'17596',%%1936,%%1936,1936.0,,,,,2,,,,,2026-05-18T20:27:04.027-0400,allowed,win:unknown,,,,,ppppPWBADDC03.mmm.hhh.ggg,,ppppPWBADDC03.mmm.hhh.ggg,ppppPWBADDC03,998993841,endpoint_services_processes windows_endpoint_processes windows_event_signature windows_process_new wineventlog_security wineventlog_windows winsec,,,ppppPWBADDC03,998993841,occs-sss-windows,1,A new process has been created,C:\Windows\System32\where.exe,0x1fc4,where.exe,,,,,,,C:\Windows\System32\cmd.exe,0x2dfc,cmd.exe,C:\Windows\System32\cmd.exe,C:\Windows\System32\where.exe /Q repadmin,/Q repadmin,where,where.exe,0x1fc4,where.exe,C:\Windows\System32\where.exe,Windows,<_='://../////'><><_='---'_='{----}'/><></><></><>,,,,,,,,0x3e7,,,A new process has been created,4688,XmlWinEventLog:Security,XmlWinEventLog,bbbbbsplunkes02,,,MMM,,ppppPWBADDC03$,,success,A new process has been created,failure,,,"execute
os
process
report
security
start
track_event_signatures
windows",,,,"execute
os
process
report
security
start
track_event_signatures
windows",,,ppppPWBADDC03$,-,,,,,Microsoft,,Microsoft Windows
,,,,,MMM,,,ppppPWBADDC03$,,,Security,,,,,,where  /Q repadmin,ppppPWBADDC03.mmm.hhh.ggg,,,,-,4688,<Data Name='SubjectUserSid'>NT AUTHORITY\SYSTEM</Data><Data Name='SubjectUserName'>ppppPWBADDC03$</Data><Data Name='SubjectDomainName'>MMM</Data><Data Name='SubjectLogonId'>0x3e7</Data><Data Name='NewProcessId'>0x3efc</Data><Data Name='NewProcessName'>C:\Windows\System32\where.exe</Data><Data Name='TokenElevationType'>%%1936</Data><Data Name='ProcessId'>0x26ec</Data><Data Name='CommandLine'>where  /Q repadmin </Data><Data Name='TargetUserSid'>NULL SID</Data><Data Name='TargetUserName'>-</Data><Data Name='TargetDomainName'>-</Data><Data Name='TargetLogonId'>0x0</Data><Data Name='ParentProcessName'>C:\Windows\System32\cmd.exe</Data><Data Name='MandatoryLabel'>Mandatory Label\System Mandatory Level</Data>,4688.0,998988796,,,,,,,,,,,0x8020000000000000,0,,,,0x3e7,,Mandatory Label\System Mandatory Level,,,,,'Microsoft-Windows-Security-Auditing',0x3efc,C:\Windows\System32\where.exe,,,,,,0,C:\Windows\System32\cmd.exe,,,,'4',0x26ec,,where  /Q repadmin,,998988796,,,,,,,MMM,0x3e7,ppppPWBADDC03$,NT AUTHORITY\SYSTEM,,'2026-05-19T00:22:01.3482533Z',<Provider Name='Microsoft-Windows-Security-Auditing' Guid='{54849625-5478-4994-a5ba-3e3b0328c30d}'/><EventID>4688</EventID><Version>2</Version><Level>0</Level><Task>13312</Task><Opcode>0</Opcode><Keywords>0x8020000000000000</Keywords><TimeCreated SystemTime='2026-05-19T00:22:01.3482533Z'/><EventRecordID>998988796</EventRecordID><Correlation/><Execution ProcessID='4' ThreadID='18272'/><Channel>Security</Channel><Computer>ppppPWBADDC03.mmm.hhh.ggg</Computer><Security/>,-,0x0,,,-,NULL SID,,,-,,-,13312,'18272',%%1936,%%1936,1936.0,,,,,2,,,,,2026-05-18T20:22:01.348-0400,allowed,win:unknown,,,,,ppppPWBADDC03.mmm.hhh.ggg,,ppppPWBADDC03.mmm.hhh.ggg,ppppPWBADDC03,998988796,endpoint_services_processes windows_endpoint_processes windows_event_signature windows_process_new wineventlog_security wineventlog_windows winsec,,,ppppPWBADDC03,998988796,occs-sss-windows,1,A new process has been created,C:\Windows\System32\where.exe,0x3efc,where.exe,,,,,,,C:\Windows\System32\cmd.exe,0x26ec,cmd.exe,C:\Windows\System32\cmd.exe,C:\Windows\System32\where.exe /Q repadmin,/Q repadmin,where,where.exe,0x3efc,where.exe,C:\Windows\System32\where.exe,Windows,<_='://../////'><><_='---'_='{----}'/><></><></><>,,,,,,,,0x3e7,,,A new process has been created,4688,XmlWinEventLog:Security,XmlWinEventLog,bbbbbsplunkes03,,,MMM,,ppppPWBADDC03$,,success,A new process has been created,failure,,,"execute
os
process
report
security
start
track_event_signatures
windows",,,,"execute
os
process
report
security
start
track_event_signatures
windows",,,ppppPWBADDC03$,-,,,,,Microsoft,,Microsoft Windows
,,,,,MMM,,,ppppPWBADDC03$,,,Security,,,,,,where  /Q repadmin,ppppPWBADDC03.mmm.hhh.ggg,,,,-,4688,<Data Name='SubjectUserSid'>NT AUTHORITY\SYSTEM</Data><Data Name='SubjectUserName'>ppppPWBADDC03$</Data><Data Name='SubjectDomainName'>MMM</Data><Data Name='SubjectLogonId'>0x3e7</Data><Data Name='NewProcessId'>0x3f14</Data><Data Name='NewProcessName'>C:\Windows\System32\where.exe</Data><Data Name='TokenElevationType'>%%1936</Data><Data Name='ProcessId'>0x41c0</Data><Data Name='CommandLine'>where  /Q repadmin </Data><Data Name='TargetUserSid'>NULL SID</Data><Data Name='TargetUserName'>-</Data><Data Name='TargetDomainName'>-</Data><Data Name='TargetLogonId'>0x0</Data><Data Name='ParentProcessName'>C:\Windows\System32\cmd.exe</Data><Data Name='MandatoryLabel'>Mandatory Label\System Mandatory Level</Data>,4688.0,998983095,,,,,,,,,,,0x8020000000000000,0,,,,0x3e7,,Mandatory Label\System Mandatory Level,,,,,'Microsoft-Windows-Security-Auditing',0x3f14,C:\Windows\System32\where.exe,,,,,,0,C:\Windows\System32\cmd.exe,,,,'4',0x41c0,,where  /Q repadmin,,998983095,,,,,,,MMM,0x3e7,ppppPWBADDC03$,NT AUTHORITY\SYSTEM,,'2026-05-19T00:16:58.6357253Z',<Provider Name='Microsoft-Windows-Security-Auditing' Guid='{54849625-5478-4994-a5ba-3e3b0328c30d}'/><EventID>4688</EventID><Version>2</Version><Level>0</Level><Task>13312</Task><Opcode>0</Opcode><Keywords>0x8020000000000000</Keywords><TimeCreated SystemTime='2026-05-19T00:16:58.6357253Z'/><EventRecordID>998983095</EventRecordID><Correlation/><Execution ProcessID='4' ThreadID='5032'/><Channel>Security</Channel><Computer>ppppPWBADDC03.mmm.hhh.ggg</Computer><Security/>,-,0x0,,,-,NULL SID,,,-,,-,13312,'5032',%%1936,%%1936,1936.0,,,,,2,,,,,2026-05-18T20:16:58.635-0400,allowed,win:unknown,,,,,ppppPWBADDC03.mmm.hhh.ggg,,ppppPWBADDC03.mmm.hhh.ggg,ppppPWBADDC03,998983095,endpoint_services_processes windows_endpoint_processes windows_event_signature windows_process_new wineventlog_security wineventlog_windows winsec,,,ppppPWBADDC03,998983095,occs-sss-windows,1,A new process has been created,C:\Windows\System32\where.exe,0x3f14,where.exe,,,,,,,C:\Windows\System32\cmd.exe,0x41c0,cmd.exe,C:\Windows\System32\cmd.exe,C:\Windows\System32\where.exe /Q repadmin,/Q repadmin,where,where.exe,0x3f14,where.exe,C:\Windows\System32\where.exe,Windows,<_='://../////'><><_='---'_='{----}'/><></><></><>,,,,,,,,0x3e7,,,A new process has been created,4688,XmlWinEventLog:Security,XmlWinEventLog,bbbbbsplunkes01,,,MMM,,ppppPWBADDC03$,,success,A new process has been created,failure,,,"execute
os
process
report
security
start
track_event_signatures
windows",,,,"execute
os
process
report
security
start
track_event_signatures
windows",,,ppppPWBADDC03$,-,,,,,Microsoft,,Microsoft Windows
,,,,,MMM,,,ppppPWBADDC03$,,,Security,,,,,,where  /Q repadmin,ppppPWBADDC03.mmm.hhh.ggg,,,,-,4688,<Data Name='SubjectUserSid'>NT AUTHORITY\SYSTEM</Data><Data Name='SubjectUserName'>ppppPWBADDC03$</Data><Data Name='SubjectDomainName'>MMM</Data><Data Name='SubjectLogonId'>0x3e7</Data><Data Name='NewProcessId'>0x477c</Data><Data Name='NewProcessName'>C:\Windows\System32\where.exe</Data><Data Name='TokenElevationType'>%%1936</Data><Data Name='ProcessId'>0x46e0</Data><Data Name='CommandLine'>where  /Q repadmin </Data><Data Name='TargetUserSid'>NULL SID</Data><Data Name='TargetUserName'>-</Data><Data Name='TargetDomainName'>-</Data><Data Name='TargetLogonId'>0x0</Data><Data Name='ParentProcessName'>C:\Windows\System32\cmd.exe</Data><Data Name='MandatoryLabel'>Mandatory Label\System Mandatory Level</Data>,4688.0,998978039,,,,,,,,,,,0x8020000000000000,0,,,,0x3e7,,Mandatory Label\System Mandatory Level,,,,,'Microsoft-Windows-Security-Auditing',0x477c,C:\Windows\System32\where.exe,,,,,,0,C:\Windows\System32\cmd.exe,,,,'4',0x46e0,,where  /Q repadmin,,998978039,,,,,,,MMM,0x3e7,ppppPWBADDC03$,NT AUTHORITY\SYSTEM,,'2026-05-19T00:11:55.2372005Z',<Provider Name='Microsoft-Windows-Security-Auditing' Guid='{54849625-5478-4994-a5ba-3e3b0328c30d}'/><EventID>4688</EventID><Version>2</Version><Level>0</Level><Task>13312</Task><Opcode>0</Opcode><Keywords>0x8020000000000000</Keywords><TimeCreated SystemTime='2026-05-19T00:11:55.2372005Z'/><EventRecordID>998978039</EventRecordID><Correlation/><Execution ProcessID='4' ThreadID='14716'/><Channel>Security</Channel><Computer>ppppPWBADDC03.mmm.hhh.ggg</Computer><Security/>,-,0x0,,,-,NULL SID,,,-,,-,13312,'14716',%%1936,%%1936,1936.0,,,,,2,,,,,2026-05-18T20:11:55.237-0400,allowed,win:unknown,,,,,ppppPWBADDC03.mmm.hhh.ggg,,ppppPWBADDC03.mmm.hhh.ggg,ppppPWBADDC03,998978039,endpoint_services_processes windows_endpoint_processes windows_event_signature windows_process_new wineventlog_security wineventlog_windows winsec,,,ppppPWBADDC03,998978039,occs-sss-windows,1,A new process has been created,C:\Windows\System32\where.exe,0x477c,where.exe,,,,,,,C:\Windows\System32\cmd.exe,0x46e0,cmd.exe,C:\Windows\System32\cmd.exe,C:\Windows\System32\where.exe /Q repadmin,/Q repadmin,where,where.exe,0x477c,where.exe,C:\Windows\System32\where.exe,Windows,<_='://../////'><><_='---'_='{----}'/><></><></><>,,,,,,,,0x3e7,,,A new process has been created,4688,XmlWinEventLog:Security,XmlWinEventLog,bbbbbsplunkes01,,,MMM,,ppppPWBADDC03$,,success,A new process has been created,failure,,,"execute
os
process
report
security
start
track_event_signatures
windows",,,,"execute
os
process
report
security
start
track_event_signatures
windows",,,ppppPWBADDC03$,-,,,,,Microsoft,,Microsoft Windows
,,,,,MMM,,,ppppPWBADDC03$,,,Security,,,,,,where  /Q repadmin,ppppPWBADDC03.mmm.hhh.ggg,,,,-,4688,<Data Name='SubjectUserSid'>NT AUTHORITY\SYSTEM</Data><Data Name='SubjectUserName'>ppppPWBADDC03$</Data><Data Name='SubjectDomainName'>MMM</Data><Data Name='SubjectLogonId'>0x3e7</Data><Data Name='NewProcessId'>0x3b0c</Data><Data Name='NewProcessName'>C:\Windows\System32\where.exe</Data><Data Name='TokenElevationType'>%%1936</Data><Data Name='ProcessId'>0x2794</Data><Data Name='CommandLine'>where  /Q repadmin </Data><Data Name='TargetUserSid'>NULL SID</Data><Data Name='TargetUserName'>-</Data><Data Name='TargetDomainName'>-</Data><Data Name='TargetLogonId'>0x0</Data><Data Name='ParentProcessName'>C:\Windows\System32\cmd.exe</Data><Data Name='MandatoryLabel'>Mandatory Label\System Mandatory Level</Data>,4688.0,998973475,,,,,,,,,,,0x8020000000000000,0,,,,0x3e7,,Mandatory Label\System Mandatory Level,,,,,'Microsoft-Windows-Security-Auditing',0x3b0c,C:\Windows\System32\where.exe,,,,,,0,C:\Windows\System32\cmd.exe,,,,'4',0x2794,,where  /Q repadmin,,998973475,,,,,,,MMM,0x3e7,ppppPWBADDC03$,NT AUTHORITY\SYSTEM,,'2026-05-19T00:06:52.5310095Z',<Provider Name='Microsoft-Windows-Security-Auditing' Guid='{54849625-5478-4994-a5ba-3e3b0328c30d}'/><EventID>4688</EventID><Version>2</Version><Level>0</Level><Task>13312</Task><Opcode>0</Opcode><Keywords>0x8020000000000000</Keywords><TimeCreated SystemTime='2026-05-19T00:06:52.5310095Z'/><EventRecordID>998973475</EventRecordID><Correlation/><Execution ProcessID='4' ThreadID='4840'/><Channel>Security</Channel><Computer>ppppPWBADDC03.mmm.hhh.ggg</Computer><Security/>,-,0x0,,,-,NULL SID,,,-,,-,13312,'4840',%%1936,%%1936,1936.0,,,,,2,,,,,2026-05-18T20:06:52.531-0400,allowed,win:unknown,,,,,ppppPWBADDC03.mmm.hhh.ggg,,ppppPWBADDC03.mmm.hhh.ggg,ppppPWBADDC03,998973475,endpoint_services_processes windows_endpoint_processes windows_event_signature windows_process_new wineventlog_security wineventlog_windows winsec,,,ppppPWBADDC03,998973475,occs-sss-windows,1,A new process has been created,C:\Windows\System32\where.exe,0x3b0c,where.exe,,,,,,,C:\Windows\System32\cmd.exe,0x2794,cmd.exe,C:\Windows\System32\cmd.exe,C:\Windows\System32\where.exe /Q repadmin,/Q repadmin,where,where.exe,0x3b0c,where.exe,C:\Windows\System32\where.exe,Windows,<_='://../////'><><_='---'_='{----}'/><></><></><>,,,,,,,,0x3e7,,,A new process has been created,4688,XmlWinEventLog:Security,XmlWinEventLog,bbbbbsplunkes02,,,MMM,,ppppPWBADDC03$,,success,A new process has been created,failure,,,"execute
os
process
report
security
start
track_event_signatures
windows",,,,"execute
os
process
report
security
start
track_event_signatures
windows",,,ppppPWBADDC03$,-,,,,,Microsoft,,Microsoft Windows
,,,,,MMM,,,ppppPWBADDC03$,,,Security,,,,,,where  /Q repadmin,ppppPWBADDC03.mmm.hhh.ggg,,,,-,4688,<Data Name='SubjectUserSid'>NT AUTHORITY\SYSTEM</Data><Data Name='SubjectUserName'>ppppPWBADDC03$</Data><Data Name='SubjectDomainName'>MMM</Data><Data Name='SubjectLogonId'>0x3e7</Data><Data Name='NewProcessId'>0xdc0</Data><Data Name='NewProcessName'>C:\Windows\System32\where.exe</Data><Data Name='TokenElevationType'>%%1936</Data><Data Name='ProcessId'>0x2d94</Data><Data Name='CommandLine'>where  /Q repadmin </Data><Data Name='TargetUserSid'>NULL SID</Data><Data Name='TargetUserName'>-</Data><Data Name='TargetDomainName'>-</Data><Data Name='TargetLogonId'>0x0</Data><Data Name='ParentProcessName'>C:\Windows\System32\cmd.exe</Data><Data Name='MandatoryLabel'>Mandatory Label\System Mandatory Level</Data>,4688.0,998967899,,,,,,,,,,,0x8020000000000000,0,,,,0x3e7,,Mandatory Label\System Mandatory Level,,,,,'Microsoft-Windows-Security-Auditing',0xdc0,C:\Windows\System32\where.exe,,,,,,0,C:\Windows\System32\cmd.exe,,,,'4',0x2d94,,where  /Q repadmin,,998967899,,,,,,,MMM,0x3e7,ppppPWBADDC03$,NT AUTHORITY\SYSTEM,,'2026-05-19T00:01:49.8641311Z',<Provider Name='Microsoft-Windows-Security-Auditing' Guid='{54849625-5478-4994-a5ba-3e3b0328c30d}'/><EventID>4688</EventID><Version>2</Version><Level>0</Level><Task>13312</Task><Opcode>0</Opcode><Keywords>0x8020000000000000</Keywords><TimeCreated SystemTime='2026-05-19T00:01:49.8641311Z'/><EventRecordID>998967899</EventRecordID><Correlation/><Execution ProcessID='4' ThreadID='17256'/><Channel>Security</Channel><Computer>ppppPWBADDC03.mmm.hhh.ggg</Computer><Security/>,-,0x0,,,-,NULL SID,,,-,,-,13312,'17256',%%1936,%%1936,1936.0,,,,,2,,,,,2026-05-18T20:01:49.864-0400,allowed,win:unknown,,,,,ppppPWBADDC03.mmm.hhh.ggg,,ppppPWBADDC03.mmm.hhh.ggg,ppppPWBADDC03,998967899,endpoint_services_processes windows_endpoint_processes windows_event_signature windows_process_new wineventlog_security wineventlog_windows winsec,,,ppppPWBADDC03,998967899,occs-sss-windows,1,A new process has been created,C:\Windows\System32\where.exe,0xdc0,where.exe,,,,,,,C:\Windows\System32\cmd.exe,0x2d94,cmd.exe,C:\Windows\System32\cmd.exe,C:\Windows\System32\where.exe /Q repadmin,/Q repadmin,where,where.exe,0xdc0,where.exe,C:\Windows\System32\where.exe,Windows,<_='://../////'><><_='---'_='{----}'/><></><></><>,,,,,,,,0x3e7,,,A new process has been created,4688,XmlWinEventLog:Security,XmlWinEventLog,bbbbbsplunkes03,,,MMM,,ppppPWBADDC03$,,success,A new process has been created,failure,,,"execute
os
process
report
security
start
track_event_signatures
windows",,,,"execute
os
process
report
security
start
track_event_signatures
windows",,,ppppPWBADDC03$,-,,,,,Microsoft,,Microsoft Windows
,,,,,MMM,,,ppppPWBADDC03$,,,Security,,,,,,where  /Q repadmin,ppppPWBADDC03.mmm.hhh.ggg,,,,-,4688,<Data Name='SubjectUserSid'>NT AUTHORITY\SYSTEM</Data><Data Name='SubjectUserName'>ppppPWBADDC03$</Data><Data Name='SubjectDomainName'>MMM</Data><Data Name='SubjectLogonId'>0x3e7</Data><Data Name='NewProcessId'>0x4768</Data><Data Name='NewProcessName'>C:\Windows\System32\where.exe</Data><Data Name='TokenElevationType'>%%1936</Data><Data Name='ProcessId'>0x35c</Data><Data Name='CommandLine'>where  /Q repadmin </Data><Data Name='TargetUserSid'>NULL SID</Data><Data Name='TargetUserName'>-</Data><Data Name='TargetDomainName'>-</Data><Data Name='TargetLogonId'>0x0</Data><Data Name='ParentProcessName'>C:\Windows\System32\cmd.exe</Data><Data Name='MandatoryLabel'>Mandatory Label\System Mandatory Level</Data>,4688.0,998963647,,,,,,,,,,,0x8020000000000000,0,,,,0x3e7,,Mandatory Label\System Mandatory Level,,,,,'Microsoft-Windows-Security-Auditing',0x4768,C:\Windows\System32\where.exe,,,,,,0,C:\Windows\System32\cmd.exe,,,,'4',0x35c,,where  /Q repadmin,,998963647,,,,,,,MMM,0x3e7,ppppPWBADDC03$,NT AUTHORITY\SYSTEM,,'2026-05-18T23:56:47.1774002Z',<Provider Name='Microsoft-Windows-Security-Auditing' Guid='{54849625-5478-4994-a5ba-3e3b0328c30d}'/><EventID>4688</EventID><Version>2</Version><Level>0</Level><Task>13312</Task><Opcode>0</Opcode><Keywords>0x8020000000000000</Keywords><TimeCreated SystemTime='2026-05-18T23:56:47.1774002Z'/><EventRecordID>998963647</EventRecordID><Correlation/><Execution ProcessID='4' ThreadID='4052'/><Channel>Security</Channel><Computer>ppppPWBADDC03.mmm.hhh.ggg</Computer><Security/>,-,0x0,,,-,NULL SID,,,-,,-,13312,'4052',%%1936,%%1936,1936.0,,,,,2,,,,,2026-05-18T19:56:47.177-0400,allowed,win:unknown,,,,,ppppPWBADDC03.mmm.hhh.ggg,,ppppPWBADDC03.mmm.hhh.ggg,ppppPWBADDC03,998963647,endpoint_services_processes windows_endpoint_processes windows_event_signature windows_process_new wineventlog_security wineventlog_windows winsec,,,ppppPWBADDC03,998963647,occs-sss-windows,1,A new process has been created,C:\Windows\System32\where.exe,0x4768,where.exe,,,,,,,C:\Windows\System32\cmd.exe,0x35c,cmd.exe,C:\Windows\System32\cmd.exe,C:\Windows\System32\where.exe /Q repadmin,/Q repadmin,where,where.exe,0x4768,where.exe,C:\Windows\System32\where.exe,Windows,<_='://../////'><><_='---'_='{----}'/><></><></><>,,,,,,,,0x3e7,,,A new process has been created,4688,XmlWinEventLog:Security,XmlWinEventLog,bbbbbsplunkes02,,,MMM,,ppppPWBADDC03$,,success,A new process has been created,failure,,,"execute
os
process
report
security
start
track_event_signatures
windows",,,,"execute
os
process
report
security
start
track_event_signatures
windows",,,ppppPWBADDC03$,-,,,,,Microsoft,,Microsoft Windows
,,,,,MMM,,,ppppPWBADDC03$,,,Security,,,,,,where  /Q repadmin,ppppPWBADDC03.mmm.hhh.ggg,,,,-,4688,<Data Name='SubjectUserSid'>NT AUTHORITY\SYSTEM</Data><Data Name='SubjectUserName'>ppppPWBADDC03$</Data><Data Name='SubjectDomainName'>MMM</Data><Data Name='SubjectLogonId'>0x3e7</Data><Data Name='NewProcessId'>0x3cfc</Data><Data Name='NewProcessName'>C:\Windows\System32\where.exe</Data><Data Name='TokenElevationType'>%%1936</Data><Data Name='ProcessId'>0x3620</Data><Data Name='CommandLine'>where  /Q repadmin </Data><Data Name='TargetUserSid'>NULL SID</Data><Data Name='TargetUserName'>-</Data><Data Name='TargetDomainName'>-</Data><Data Name='TargetLogonId'>0x0</Data><Data Name='ParentProcessName'>C:\Windows\System32\cmd.exe</Data><Data Name='MandatoryLabel'>Mandatory Label\System Mandatory Level</Data>,4688.0,998958742,,,,,,,,,,,0x8020000000000000,0,,,,0x3e7,,Mandatory Label\System Mandatory Level,,,,,'Microsoft-Windows-Security-Auditing',0x3cfc,C:\Windows\System32\where.exe,,,,,,0,C:\Windows\System32\cmd.exe,,,,'4',0x3620,,where  /Q repadmin,,998958742,,,,,,,MMM,0x3e7,ppppPWBADDC03$,NT AUTHORITY\SYSTEM,,'2026-05-18T23:51:43.8966716Z',<Provider Name='Microsoft-Windows-Security-Auditing' Guid='{54849625-5478-4994-a5ba-3e3b0328c30d}'/><EventID>4688</EventID><Version>2</Version><Level>0</Level><Task>13312</Task><Opcode>0</Opcode><Keywords>0x8020000000000000</Keywords><TimeCreated SystemTime='2026-05-18T23:51:43.8966716Z'/><EventRecordID>998958742</EventRecordID><Correlation/><Execution ProcessID='4' ThreadID='16984'/><Channel>Security</Channel><Computer>ppppPWBADDC03.mmm.hhh.ggg</Computer><Security/>,-,0x0,,,-,NULL SID,,,-,,-,13312,'16984',%%1936,%%1936,1936.0,,,,,2,,,,,2026-05-18T19:51:43.896-0400,allowed,win:unknown,,,,,ppppPWBADDC03.mmm.hhh.ggg,,ppppPWBADDC03.mmm.hhh.ggg,ppppPWBADDC03,998958742,endpoint_services_processes windows_endpoint_processes windows_event_signature windows_process_new wineventlog_security wineventlog_windows winsec,,,ppppPWBADDC03,998958742,occs-sss-windows,1,A new process has been created,C:\Windows\System32\where.exe,0x3cfc,where.exe,,,,,,,C:\Windows\System32\cmd.exe,0x3620,cmd.exe,C:\Windows\System32\cmd.exe,C:\Windows\System32\where.exe /Q repadmin,/Q repadmin,where,where.exe,0x3cfc,where.exe,C:\Windows\System32\where.exe,Windows,<_='://../////'><><_='---'_='{----}'/><></><></><>,,,,,,,,0x3e7,,,A new process has been created,4688,XmlWinEventLog:Security,XmlWinEventLog,bbbbbsplunkes01,,,MMM,,ppppPWBADDC03$,,success,A new process has been created,failure,,,"execute
os
process
report
security
start
track_event_signatures
windows",,,,"execute
os
process
report
security
start
track_event_signatures
windows",,,ppppPWBADDC03$,-,,,,,Microsoft,,Microsoft Windows
,,,,,MMM,,,ppppPWBADDC03$,,,Security,,,,,,where  /Q repadmin,ppppPWBADDC03.mmm.hhh.ggg,,,,-,4688,<Data Name='SubjectUserSid'>NT AUTHORITY\SYSTEM</Data><Data Name='SubjectUserName'>ppppPWBADDC03$</Data><Data Name='SubjectDomainName'>MMM</Data><Data Name='SubjectLogonId'>0x3e7</Data><Data Name='NewProcessId'>0x366c</Data><Data Name='NewProcessName'>C:\Windows\System32\where.exe</Data><Data Name='TokenElevationType'>%%1936</Data><Data Name='ProcessId'>0x46fc</Data><Data Name='CommandLine'>where  /Q repadmin </Data><Data Name='TargetUserSid'>NULL SID</Data><Data Name='TargetUserName'>-</Data><Data Name='TargetDomainName'>-</Data><Data Name='TargetLogonId'>0x0</Data><Data Name='ParentProcessName'>C:\Windows\System32\cmd.exe</Data><Data Name='MandatoryLabel'>Mandatory Label\System Mandatory Level</Data>,4688.0,998953614,,,,,,,,,,,0x8020000000000000,0,,,,0x3e7,,Mandatory Label\System Mandatory Level,,,,,'Microsoft-Windows-Security-Auditing',0x366c,C:\Windows\System32\where.exe,,,,,,0,C:\Windows\System32\cmd.exe,,,,'4',0x46fc,,where  /Q repadmin,,998953614,,,,,,,MMM,0x3e7,ppppPWBADDC03$,NT AUTHORITY\SYSTEM,,'2026-05-18T23:46:41.2203454Z',<Provider Name='Microsoft-Windows-Security-Auditing' Guid='{54849625-5478-4994-a5ba-3e3b0328c30d}'/><EventID>4688</EventID><Version>2</Version><Level>0</Level><Task>13312</Task><Opcode>0</Opcode><Keywords>0x8020000000000000</Keywords><TimeCreated SystemTime='2026-05-18T23:46:41.2203454Z'/><EventRecordID>998953614</EventRecordID><Correlation/><Execution ProcessID='4' ThreadID='13580'/><Channel>Security</Channel><Computer>ppppPWBADDC03.mmm.hhh.ggg</Computer><Security/>,-,0x0,,,-,NULL SID,,,-,,-,13312,'13580',%%1936,%%1936,1936.0,,,,,2,,,,,2026-05-18T19:46:41.220-0400,allowed,win:unknown,,,,,ppppPWBADDC03.mmm.hhh.ggg,,ppppPWBADDC03.mmm.hhh.ggg,ppppPWBADDC03,998953614,endpoint_services_processes windows_endpoint_processes windows_event_signature windows_process_new wineventlog_security wineventlog_windows winsec,,,ppppPWBADDC03,998953614,occs-sss-windows,1,A new process has been created,C:\Windows\System32\where.exe,0x366c,where.exe,,,,,,,C:\Windows\System32\cmd.exe,0x46fc,cmd.exe,C:\Windows\System32\cmd.exe,C:\Windows\System32\where.exe /Q repadmin,/Q repadmin,where,where.exe,0x366c,where.exe,C:\Windows\System32\where.exe,Windows,<_='://../////'><><_='---'_='{----}'/><></><></><>,,,,,,,,0x3e7,,,A new process has been created,4688,XmlWinEventLog:Security,XmlWinEventLog,bbbbbsplunkes03,,,MMM,,ppppPWBADDC03$,,success,A new process has been created,failure,,,"execute
os
process
report
security
start
track_event_signatures
windows",,,,"execute
os
process
report
security
start
track_event_signatures
windows",,,ppppPWBADDC03$,-,,,,,Microsoft,,Microsoft Windows
,,,,,MMM,,,ppppPWBADDC03$,,,Security,,,,,,where  /Q repadmin,ppppPWBADDC03.mmm.hhh.ggg,,,,-,4688,<Data Name='SubjectUserSid'>NT AUTHORITY\SYSTEM</Data><Data Name='SubjectUserName'>ppppPWBADDC03$</Data><Data Name='SubjectDomainName'>MMM</Data><Data Name='SubjectLogonId'>0x3e7</Data><Data Name='NewProcessId'>0x3dc4</Data><Data Name='NewProcessName'>C:\Windows\System32\where.exe</Data><Data Name='TokenElevationType'>%%1936</Data><Data Name='ProcessId'>0x3dac</Data><Data Name='CommandLine'>where  /Q repadmin </Data><Data Name='TargetUserSid'>NULL SID</Data><Data Name='TargetUserName'>-</Data><Data Name='TargetDomainName'>-</Data><Data Name='TargetLogonId'>0x0</Data><Data Name='ParentProcessName'>C:\Windows\System32\cmd.exe</Data><Data Name='MandatoryLabel'>Mandatory Label\System Mandatory Level</Data>,4688.0,998948567,,,,,,,,,,,0x8020000000000000,0,,,,0x3e7,,Mandatory Label\System Mandatory Level,,,,,'Microsoft-Windows-Security-Auditing',0x3dc4,C:\Windows\System32\where.exe,,,,,,0,C:\Windows\System32\cmd.exe,,,,'4',0x3dac,,where  /Q repadmin,,998948567,,,,,,,MMM,0x3e7,ppppPWBADDC03$,NT AUTHORITY\SYSTEM,,'2026-05-18T23:41:38.4769314Z',<Provider Name='Microsoft-Windows-Security-Auditing' Guid='{54849625-5478-4994-a5ba-3e3b0328c30d}'/><EventID>4688</EventID><Version>2</Version><Level>0</Level><Task>13312</Task><Opcode>0</Opcode><Keywords>0x8020000000000000</Keywords><TimeCreated SystemTime='2026-05-18T23:41:38.4769314Z'/><EventRecordID>998948567</EventRecordID><Correlation/><Execution ProcessID='4' ThreadID='18344'/><Channel>Security</Channel><Computer>ppppPWBADDC03.mmm.hhh.ggg</Computer><Security/>,-,0x0,,,-,NULL SID,,,-,,-,13312,'18344',%%1936,%%1936,1936.0,,,,,2,,,,,2026-05-18T19:41:38.476-0400,allowed,win:unknown,,,,,ppppPWBADDC03.mmm.hhh.ggg,,ppppPWBADDC03.mmm.hhh.ggg,ppppPWBADDC03,998948567,endpoint_services_processes windows_endpoint_processes windows_event_signature windows_process_new wineventlog_security wineventlog_windows winsec,,,ppppPWBADDC03,998948567,occs-sss-windows,1,A new process has been created,C:\Windows\System32\where.exe,0x3dc4,where.exe,,,,,,,C:\Windows\System32\cmd.exe,0x3dac,cmd.exe,C:\Windows\System32\cmd.exe,C:\Windows\System32\where.exe /Q repadmin,/Q repadmin,where,where.exe,0x3dc4,where.exe,C:\Windows\System32\where.exe,Windows,<_='://../////'><><_='---'_='{----}'/><></><></><>,,,,,,,,0x3e7,,,A new process has been created,4688,XmlWinEventLog:Security,XmlWinEventLog,bbbbbsplunkes01,,,MMM,,ppppPWBADDC03$,,success,A new process has been created,failure,,,"execute
os
process
report
security
start
track_event_signatures
windows",,,,"execute
os
process
report
security
start
track_event_signatures
windows",,,ppppPWBADDC03$,-,,,,,Microsoft,,Microsoft Windows
,,,,,MMM,,,ppppPWBADDC03$,,,Security,,,,,,where  /Q repadmin,ppppPWBADDC03.mmm.hhh.ggg,,,,-,4688,<Data Name='SubjectUserSid'>NT AUTHORITY\SYSTEM</Data><Data Name='SubjectUserName'>ppppPWBADDC03$</Data><Data Name='SubjectDomainName'>MMM</Data><Data Name='SubjectLogonId'>0x3e7</Data><Data Name='NewProcessId'>0x45ec</Data><Data Name='NewProcessName'>C:\Windows\System32\where.exe</Data><Data Name='TokenElevationType'>%%1936</Data><Data Name='ProcessId'>0x4798</Data><Data Name='CommandLine'>where  /Q repadmin </Data><Data Name='TargetUserSid'>NULL SID</Data><Data Name='TargetUserName'>-</Data><Data Name='TargetDomainName'>-</Data><Data Name='TargetLogonId'>0x0</Data><Data Name='ParentProcessName'>C:\Windows\System32\cmd.exe</Data><Data Name='MandatoryLabel'>Mandatory Label\System Mandatory Level</Data>,4688.0,998944549,,,,,,,,,,,0x8020000000000000,0,,,,0x3e7,,Mandatory Label\System Mandatory Level,,,,,'Microsoft-Windows-Security-Auditing',0x45ec,C:\Windows\System32\where.exe,,,,,,0,C:\Windows\System32\cmd.exe,,,,'4',0x4798,,where  /Q repadmin,,998944549,,,,,,,MMM,0x3e7,ppppPWBADDC03$,NT AUTHORITY\SYSTEM,,'2026-05-18T23:36:35.7717441Z',<Provider Name='Microsoft-Windows-Security-Auditing' Guid='{54849625-5478-4994-a5ba-3e3b0328c30d}'/><EventID>4688</EventID><Version>2</Version><Level>0</Level><Task>13312</Task><Opcode>0</Opcode><Keywords>0x8020000000000000</Keywords><TimeCreated SystemTime='2026-05-18T23:36:35.7717441Z'/><EventRecordID>998944549</EventRecordID><Correlation/><Execution ProcessID='4' ThreadID='14180'/><Channel>Security</Channel><Computer>ppppPWBADDC03.mmm.hhh.ggg</Computer><Security/>,-,0x0,,,-,NULL SID,,,-,,-,13312,'14180',%%1936,%%1936,1936.0,,,,,2,,,,,2026-05-18T19:36:35.771-0400,allowed,win:unknown,,,,,ppppPWBADDC03.mmm.hhh.ggg,,ppppPWBADDC03.mmm.hhh.ggg,ppppPWBADDC03,998944549,endpoint_services_processes windows_endpoint_processes windows_event_signature windows_process_new wineventlog_security wineventlog_windows winsec,,,ppppPWBADDC03,998944549,occs-sss-windows,1,A new process has been created,C:\Windows\System32\where.exe,0x45ec,where.exe,,,,,,,C:\Windows\System32\cmd.exe,0x4798,cmd.exe,C:\Windows\System32\cmd.exe,C:\Windows\System32\where.exe /Q repadmin,/Q repadmin,where,where.exe,0x45ec,where.exe,C:\Windows\System32\where.exe,Windows,<_='://../////'><><_='---'_='{----}'/><></><></><>,,,,,,,,0x3e7,,,A new process has been created,4688,XmlWinEventLog:Security,XmlWinEventLog,bbbbbsplunkes01,,,MMM,,ppppPWBADDC03$,,success,A new process has been created,failure,,,"execute
os
process
report
security
start
track_event_signatures
windows",,,,"execute
os
process
report
security
start
track_event_signatures
windows",,,ppppPWBADDC03$,-,,,,,Microsoft,,Microsoft Windows
,,,,,MMM,,,ppppPWBADDC03$,,,Security,,,,,,where  /Q repadmin,ppppPWBADDC03.mmm.hhh.ggg,,,,-,4688,<Data Name='SubjectUserSid'>NT AUTHORITY\SYSTEM</Data><Data Name='SubjectUserName'>ppppPWBADDC03$</Data><Data Name='SubjectDomainName'>MMM</Data><Data Name='SubjectLogonId'>0x3e7</Data><Data Name='NewProcessId'>0x2060</Data><Data Name='NewProcessName'>C:\Windows\System32\where.exe</Data><Data Name='TokenElevationType'>%%1936</Data><Data Name='ProcessId'>0x201c</Data><Data Name='CommandLine'>where  /Q repadmin </Data><Data Name='TargetUserSid'>NULL SID</Data><Data Name='TargetUserName'>-</Data><Data Name='TargetDomainName'>-</Data><Data Name='TargetLogonId'>0x0</Data><Data Name='ParentProcessName'>C:\Windows\System32\cmd.exe</Data><Data Name='MandatoryLabel'>Mandatory Label\System Mandatory Level</Data>,4688.0,998939188,,,,,,,,,,,0x8020000000000000,0,,,,0x3e7,,Mandatory Label\System Mandatory Level,,,,,'Microsoft-Windows-Security-Auditing',0x2060,C:\Windows\System32\where.exe,,,,,,0,C:\Windows\System32\cmd.exe,,,,'4',0x201c,,where  /Q repadmin,,998939188,,,,,,,MMM,0x3e7,ppppPWBADDC03$,NT AUTHORITY\SYSTEM,,'2026-05-18T23:31:32.3505566Z',<Provider Name='Microsoft-Windows-Security-Auditing' Guid='{54849625-5478-4994-a5ba-3e3b0328c30d}'/><EventID>4688</EventID><Version>2</Version><Level>0</Level><Task>13312</Task><Opcode>0</Opcode><Keywords>0x8020000000000000</Keywords><TimeCreated SystemTime='2026-05-18T23:31:32.3505566Z'/><EventRecordID>998939188</EventRecordID><Correlation/><Execution ProcessID='4' ThreadID='15644'/><Channel>Security</Channel><Computer>ppppPWBADDC03.mmm.hhh.ggg</Computer><Security/>,-,0x0,,,-,NULL SID,,,-,,-,13312,'15644',%%1936,%%1936,1936.0,,,,,2,,,,,2026-05-18T19:31:32.350-0400,allowed,win:unknown,,,,,ppppPWBADDC03.mmm.hhh.ggg,,ppppPWBADDC03.mmm.hhh.ggg,ppppPWBADDC03,998939188,endpoint_services_processes windows_endpoint_processes windows_event_signature windows_process_new wineventlog_security wineventlog_windows winsec,,,ppppPWBADDC03,998939188,occs-sss-windows,1,A new process has been created,C:\Windows\System32\where.exe,0x2060,where.exe,,,,,,,C:\Windows\System32\cmd.exe,0x201c,cmd.exe,C:\Windows\System32\cmd.exe,C:\Windows\System32\where.exe /Q repadmin,/Q repadmin,where,where.exe,0x2060,where.exe,C:\Windows\System32\where.exe,Windows,<_='://../////'><><_='---'_='{----}'/><></><></><>,,,,,,,,0x3e7,,,A new process has been created,4688,XmlWinEventLog:Security,XmlWinEventLog,bbbbbsplunkes03,,,MMM,,ppppPWBADDC03$,,success,A new process has been created,failure,,,"execute
os
process
report
security
start
track_event_signatures
windows",,,,"execute
os
process
report
security
start
track_event_signatures
windows",,,ppppPWBADDC03$,-,,,,,Microsoft,,Microsoft Windows
,,,,,MMM,,,ppppPWBADDC03$,,,Security,,,,,,where  /Q repadmin,ppppPWBADDC03.mmm.hhh.ggg,,,,-,4688,<Data Name='SubjectUserSid'>NT AUTHORITY\SYSTEM</Data><Data Name='SubjectUserName'>ppppPWBADDC03$</Data><Data Name='SubjectDomainName'>MMM</Data><Data Name='SubjectLogonId'>0x3e7</Data><Data Name='NewProcessId'>0x2eec</Data><Data Name='NewProcessName'>C:\Windows\System32\where.exe</Data><Data Name='TokenElevationType'>%%1936</Data><Data Name='ProcessId'>0x4264</Data><Data Name='CommandLine'>where  /Q repadmin </Data><Data Name='TargetUserSid'>NULL SID</Data><Data Name='TargetUserName'>-</Data><Data Name='TargetDomainName'>-</Data><Data Name='TargetLogonId'>0x0</Data><Data Name='ParentProcessName'>C:\Windows\System32\cmd.exe</Data><Data Name='MandatoryLabel'>Mandatory Label\System Mandatory Level</Data>,4688.0,998934380,,,,,,,,,,,0x8020000000000000,0,,,,0x3e7,,Mandatory Label\System Mandatory Level,,,,,'Microsoft-Windows-Security-Auditing',0x2eec,C:\Windows\System32\where.exe,,,,,,0,C:\Windows\System32\cmd.exe,,,,'4',0x4264,,where  /Q repadmin,,998934380,,,,,,,MMM,0x3e7,ppppPWBADDC03$,NT AUTHORITY\SYSTEM,,'2026-05-18T23:26:29.6346828Z',<Provider Name='Microsoft-Windows-Security-Auditing' Guid='{54849625-5478-4994-a5ba-3e3b0328c30d}'/><EventID>4688</EventID><Version>2</Version><Level>0</Level><Task>13312</Task><Opcode>0</Opcode><Keywords>0x8020000000000000</Keywords><TimeCreated SystemTime='2026-05-18T23:26:29.6346828Z'/><EventRecordID>998934380</EventRecordID><Correlation/><Execution ProcessID='4' ThreadID='16004'/><Channel>Security</Channel><Computer>ppppPWBADDC03.mmm.hhh.ggg</Computer><Security/>,-,0x0,,,-,NULL SID,,,-,,-,13312,'16004',%%1936,%%1936,1936.0,,,,,2,,,,,2026-05-18T19:26:29.634-0400,allowed,win:unknown,,,,,ppppPWBADDC03.mmm.hhh.ggg,,ppppPWBADDC03.mmm.hhh.ggg,ppppPWBADDC03,998934380,endpoint_services_processes windows_endpoint_processes windows_event_signature windows_process_new wineventlog_security wineventlog_windows winsec,,,ppppPWBADDC03,998934380,occs-sss-windows,1,A new process has been created,C:\Windows\System32\where.exe,0x2eec,where.exe,,,,,,,C:\Windows\System32\cmd.exe,0x4264,cmd.exe,C:\Windows\System32\cmd.exe,C:\Windows\System32\where.exe /Q repadmin,/Q repadmin,where,where.exe,0x2eec,where.exe,C:\Windows\System32\where.exe,Windows,<_='://../////'><><_='---'_='{----}'/><></><></><>,,,,,,,,0x3e7,,,A new process has been created,4688,XmlWinEventLog:Security,XmlWinEventLog,bbbbbsplunkes03,,,MMM,,ppppPWBADDC03$,,success,A new process has been created,failure,,,"execute
os
process
report
security
start
track_event_signatures
windows",,,,"execute
os
process
report
security
start
track_event_signatures
windows",,,ppppPWBADDC03$,-,,,,,Microsoft,,Microsoft Windows
,,,,,MMM,,,ppppPWBADDC03$,,,Security,,,,,,where  /Q repadmin,ppppPWBADDC03.mmm.hhh.ggg,,,,-,4688,<Data Name='SubjectUserSid'>NT AUTHORITY\SYSTEM</Data><Data Name='SubjectUserName'>ppppPWBADDC03$</Data><Data Name='SubjectDomainName'>MMM</Data><Data Name='SubjectLogonId'>0x3e7</Data><Data Name='NewProcessId'>0x3c14</Data><Data Name='NewProcessName'>C:\Windows\System32\where.exe</Data><Data Name='TokenElevationType'>%%1936</Data><Data Name='ProcessId'>0x3088</Data><Data Name='CommandLine'>where  /Q repadmin </Data><Data Name='TargetUserSid'>NULL SID</Data><Data Name='TargetUserName'>-</Data><Data Name='TargetDomainName'>-</Data><Data Name='TargetLogonId'>0x0</Data><Data Name='ParentProcessName'>C:\Windows\System32\cmd.exe</Data><Data Name='MandatoryLabel'>Mandatory Label\System Mandatory Level</Data>,4688.0,998929274,,,,,,,,,,,0x8020000000000000,0,,,,0x3e7,,Mandatory Label\System Mandatory Level,,,,,'Microsoft-Windows-Security-Auditing',0x3c14,C:\Windows\System32\where.exe,,,,,,0,C:\Windows\System32\cmd.exe,,,,'4',0x3088,,where  /Q repadmin,,998929274,,,,,,,MMM,0x3e7,ppppPWBADDC03$,NT AUTHORITY\SYSTEM,,'2026-05-18T23:21:26.9373547Z',<Provider Name='Microsoft-Windows-Security-Auditing' Guid='{54849625-5478-4994-a5ba-3e3b0328c30d}'/><EventID>4688</EventID><Version>2</Version><Level>0</Level><Task>13312</Task><Opcode>0</Opcode><Keywords>0x8020000000000000</Keywords><TimeCreated SystemTime='2026-05-18T23:21:26.9373547Z'/><EventRecordID>998929274</EventRecordID><Correlation/><Execution ProcessID='4' ThreadID='9072'/><Channel>Security</Channel><Computer>ppppPWBADDC03.mmm.hhh.ggg</Computer><Security/>,-,0x0,,,-,NULL SID,,,-,,-,13312,'9072',%%1936,%%1936,1936.0,,,,,2,,,,,2026-05-18T19:21:26.937-0400,allowed,win:unknown,,,,,ppppPWBADDC03.mmm.hhh.ggg,,ppppPWBADDC03.mmm.hhh.ggg,ppppPWBADDC03,998929274,endpoint_services_processes windows_endpoint_processes windows_event_signature windows_process_new wineventlog_security wineventlog_windows winsec,,,ppppPWBADDC03,998929274,occs-sss-windows,1,A new process has been created,C:\Windows\System32\where.exe,0x3c14,where.exe,,,,,,,C:\Windows\System32\cmd.exe,0x3088,cmd.exe,C:\Windows\System32\cmd.exe,C:\Windows\System32\where.exe /Q repadmin,/Q repadmin,where,where.exe,0x3c14,where.exe,C:\Windows\System32\where.exe,Windows,<_='://../////'><><_='---'_='{----}'/><></><></><>,,,,,,,,0x3e7,,,A new process has been created,4688,XmlWinEventLog:Security,XmlWinEventLog,bbbbbsplunkes02,,,MMM,,ppppPWBADDC03$,,success,A new process has been created,failure,,,"execute
os
process
report
security
start
track_event_signatures
windows",,,,"execute
os
process
report
security
start
track_event_signatures
windows",,,ppppPWBADDC03$,-,,,,,Microsoft,,Microsoft Windows
,,,,,MMM,,,ppppPWBADDC03$,,,Security,,,,,,where  /Q repadmin,ppppPWBADDC03.mmm.hhh.ggg,,,,-,4688,<Data Name='SubjectUserSid'>NT AUTHORITY\SYSTEM</Data><Data Name='SubjectUserName'>ppppPWBADDC03$</Data><Data Name='SubjectDomainName'>MMM</Data><Data Name='SubjectLogonId'>0x3e7</Data><Data Name='NewProcessId'>0x1e9c</Data><Data Name='NewProcessName'>C:\Windows\System32\where.exe</Data><Data Name='TokenElevationType'>%%1936</Data><Data Name='ProcessId'>0x73c</Data><Data Name='CommandLine'>where  /Q repadmin </Data><Data Name='TargetUserSid'>NULL SID</Data><Data Name='TargetUserName'>-</Data><Data Name='TargetDomainName'>-</Data><Data Name='TargetLogonId'>0x0</Data><Data Name='ParentProcessName'>C:\Windows\System32\cmd.exe</Data><Data Name='MandatoryLabel'>Mandatory Label\System Mandatory Level</Data>,4688.0,998923259,,,,,,,,,,,0x8020000000000000,0,,,,0x3e7,,Mandatory Label\System Mandatory Level,,,,,'Microsoft-Windows-Security-Auditing',0x1e9c,C:\Windows\System32\where.exe,,,,,,0,C:\Windows\System32\cmd.exe,,,,'4',0x73c,,where  /Q repadmin,,998923259,,,,,,,MMM,0x3e7,ppppPWBADDC03$,NT AUTHORITY\SYSTEM,,'2026-05-18T23:16:24.1650796Z',<Provider Name='Microsoft-Windows-Security-Auditing' Guid='{54849625-5478-4994-a5ba-3e3b0328c30d}'/><EventID>4688</EventID><Version>2</Version><Level>0</Level><Task>13312</Task><Opcode>0</Opcode><Keywords>0x8020000000000000</Keywords><TimeCreated SystemTime='2026-05-18T23:16:24.1650796Z'/><EventRecordID>998923259</EventRecordID><Correlation/><Execution ProcessID='4' ThreadID='15100'/><Channel>Security</Channel><Computer>ppppPWBADDC03.mmm.hhh.ggg</Computer><Security/>,-,0x0,,,-,NULL SID,,,-,,-,13312,'15100',%%1936,%%1936,1936.0,,,,,2,,,,,2026-05-18T19:16:24.165-0400,allowed,win:unknown,,,,,ppppPWBADDC03.mmm.hhh.ggg,,ppppPWBADDC03.mmm.hhh.ggg,ppppPWBADDC03,998923259,endpoint_services_processes windows_endpoint_processes windows_event_signature windows_process_new wineventlog_security wineventlog_windows winsec,,,ppppPWBADDC03,998923259,occs-sss-windows,1,A new process has been created,C:\Windows\System32\where.exe,0x1e9c,where.exe,,,,,,,C:\Windows\System32\cmd.exe,0x73c,cmd.exe,C:\Windows\System32\cmd.exe,C:\Windows\System32\where.exe /Q repadmin,/Q repadmin,where,where.exe,0x1e9c,where.exe,C:\Windows\System32\where.exe,Windows,<_='://../////'><><_='---'_='{----}'/><></><></><>,,,,,,,,0x3e7,,,A new process has been created,4688,XmlWinEventLog:Security,XmlWinEventLog,bbbbbsplunkes02,,,MMM,,ppppPWBADDC03$,,success,A new process has been created,failure,,,"execute
os
process
report
security
start
track_event_signatures
windows",,,,"execute
os
process
report
security
start
track_event_signatures
windows",,,ppppPWBADDC03$,-,,,,,Microsoft,,Microsoft Windows
,,,,,MMM,,,ppppPWBADDC03$,,,Security,,,,,,where  /Q repadmin,ppppPWBADDC03.mmm.hhh.ggg,,,,-,4688,<Data Name='SubjectUserSid'>NT AUTHORITY\SYSTEM</Data><Data Name='SubjectUserName'>ppppPWBADDC03$</Data><Data Name='SubjectDomainName'>MMM</Data><Data Name='SubjectLogonId'>0x3e7</Data><Data Name='NewProcessId'>0x2e80</Data><Data Name='NewProcessName'>C:\Windows\System32\where.exe</Data><Data Name='TokenElevationType'>%%1936</Data><Data Name='ProcessId'>0x4554</Data><Data Name='CommandLine'>where  /Q repadmin </Data><Data Name='TargetUserSid'>NULL SID</Data><Data Name='TargetUserName'>-</Data><Data Name='TargetDomainName'>-</Data><Data Name='TargetLogonId'>0x0</Data><Data Name='ParentProcessName'>C:\Windows\System32\cmd.exe</Data><Data Name='MandatoryLabel'>Mandatory Label\System Mandatory Level</Data>,4688.0,998917794,,,,,,,,,,,0x8020000000000000,0,,,,0x3e7,,Mandatory Label\System Mandatory Level,,,,,'Microsoft-Windows-Security-Auditing',0x2e80,C:\Windows\System32\where.exe,,,,,,0,C:\Windows\System32\cmd.exe,,,,'4',0x4554,,where  /Q repadmin,,998917794,,,,,,,MMM,0x3e7,ppppPWBADDC03$,NT AUTHORITY\SYSTEM,,'2026-05-18T23:11:20.7148480Z',<Provider Name='Microsoft-Windows-Security-Auditing' Guid='{54849625-5478-4994-a5ba-3e3b0328c30d}'/><EventID>4688</EventID><Version>2</Version><Level>0</Level><Task>13312</Task><Opcode>0</Opcode><Keywords>0x8020000000000000</Keywords><TimeCreated SystemTime='2026-05-18T23:11:20.7148480Z'/><EventRecordID>998917794</EventRecordID><Correlation/><Execution ProcessID='4' ThreadID='2552'/><Channel>Security</Channel><Computer>ppppPWBADDC03.mmm.hhh.ggg</Computer><Security/>,-,0x0,,,-,NULL SID,,,-,,-,13312,'2552',%%1936,%%1936,1936.0,,,,,2,,,,,2026-05-18T19:11:20.714-0400,allowed,win:unknown,,,,,ppppPWBADDC03.mmm.hhh.ggg,,ppppPWBADDC03.mmm.hhh.ggg,ppppPWBADDC03,998917794,endpoint_services_processes windows_endpoint_processes windows_event_signature windows_process_new wineventlog_security wineventlog_windows winsec,,,ppppPWBADDC03,998917794,occs-sss-windows,1,A new process has been created,C:\Windows\System32\where.exe,0x2e80,where.exe,,,,,,,C:\Windows\System32\cmd.exe,0x4554,cmd.exe,C:\Windows\System32\cmd.exe,C:\Windows\System32\where.exe /Q repadmin,/Q repadmin,where,where.exe,0x2e80,where.exe,C:\Windows\System32\where.exe,Windows,<_='://../////'><><_='---'_='{----}'/><></><></><>,,,,,,,,0x3e7,,,A new process has been created,4688,XmlWinEventLog:Security,XmlWinEventLog,bbbbbsplunkes02,,,MMM,,ppppPWBADDC03$,,success,A new process has been created,failure,,,"execute
os
process
report
security
start
track_event_signatures
windows",,,,"execute
os
process
report
security
start
track_event_signatures
windows",,,ppppPWBADDC03$,-,,,,,Microsoft,,Microsoft Windows
,,,,,MMM,,,ppppPWBADDC03$,,,Security,,,,,,where  /Q repadmin,ppppPWBADDC03.mmm.hhh.ggg,,,,-,4688,<Data Name='SubjectUserSid'>NT AUTHORITY\SYSTEM</Data><Data Name='SubjectUserName'>ppppPWBADDC03$</Data><Data Name='SubjectDomainName'>MMM</Data><Data Name='SubjectLogonId'>0x3e7</Data><Data Name='NewProcessId'>0x44b4</Data><Data Name='NewProcessName'>C:\Windows\System32\where.exe</Data><Data Name='TokenElevationType'>%%1936</Data><Data Name='ProcessId'>0x3af0</Data><Data Name='CommandLine'>where  /Q repadmin </Data><Data Name='TargetUserSid'>NULL SID</Data><Data Name='TargetUserName'>-</Data><Data Name='TargetDomainName'>-</Data><Data Name='TargetLogonId'>0x0</Data><Data Name='ParentProcessName'>C:\Windows\System32\cmd.exe</Data><Data Name='MandatoryLabel'>Mandatory Label\System Mandatory Level</Data>,4688.0,998912848,,,,,,,,,,,0x8020000000000000,0,,,,0x3e7,,Mandatory Label\System Mandatory Level,,,,,'Microsoft-Windows-Security-Auditing',0x44b4,C:\Windows\System32\where.exe,,,,,,0,C:\Windows\System32\cmd.exe,,,,'4',0x3af0,,where  /Q repadmin,,998912848,,,,,,,MMM,0x3e7,ppppPWBADDC03$,NT AUTHORITY\SYSTEM,,'2026-05-18T23:06:18.0374977Z',<Provider Name='Microsoft-Windows-Security-Auditing' Guid='{54849625-5478-4994-a5ba-3e3b0328c30d}'/><EventID>4688</EventID><Version>2</Version><Level>0</Level><Task>13312</Task><Opcode>0</Opcode><Keywords>0x8020000000000000</Keywords><TimeCreated SystemTime='2026-05-18T23:06:18.0374977Z'/><EventRecordID>998912848</EventRecordID><Correlation/><Execution ProcessID='4' ThreadID='17596'/><Channel>Security</Channel><Computer>ppppPWBADDC03.mmm.hhh.ggg</Computer><Security/>,-,0x0,,,-,NULL SID,,,-,,-,13312,'17596',%%1936,%%1936,1936.0,,,,,2,,,,,2026-05-18T19:06:18.037-0400,allowed,win:unknown,,,,,ppppPWBADDC03.mmm.hhh.ggg,,ppppPWBADDC03.mmm.hhh.ggg,ppppPWBADDC03,998912848,endpoint_services_processes windows_endpoint_processes windows_event_signature windows_process_new wineventlog_security wineventlog_windows winsec,,,ppppPWBADDC03,998912848,occs-sss-windows,1,A new process has been created,C:\Windows\System32\where.exe,0x44b4,where.exe,,,,,,,C:\Windows\System32\cmd.exe,0x3af0,cmd.exe,C:\Windows\System32\cmd.exe,C:\Windows\System32\where.exe /Q repadmin,/Q repadmin,where,where.exe,0x44b4,where.exe,C:\Windows\System32\where.exe,Windows,<_='://../////'><><_='---'_='{----}'/><></><></><>,,,,,,,,0x3e7,,,A new process has been created,4688,XmlWinEventLog:Security,XmlWinEventLog,bbbbbsplunkes01,,,MMM,,ppppPWBADDC03$,,success,A new process has been created,failure,,,"execute
os
process
report
security
start
track_event_signatures
windows",,,,"execute
os
process
report
security
start
track_event_signatures
windows",,,ppppPWBADDC03$,-,,,,,Microsoft,,Microsoft Windows
,,,,,MMM,,,ppppPWBADDC03$,,,Security,,,,,,where  /Q repadmin,ppppPWBADDC03.mmm.hhh.ggg,,,,-,4688,<Data Name='SubjectUserSid'>NT AUTHORITY\SYSTEM</Data><Data Name='SubjectUserName'>ppppPWBADDC03$</Data><Data Name='SubjectDomainName'>MMM</Data><Data Name='SubjectLogonId'>0x3e7</Data><Data Name='NewProcessId'>0x26e4</Data><Data Name='NewProcessName'>C:\Windows\System32\where.exe</Data><Data Name='TokenElevationType'>%%1936</Data><Data Name='ProcessId'>0x2df8</Data><Data Name='CommandLine'>where  /Q repadmin </Data><Data Name='TargetUserSid'>NULL SID</Data><Data Name='TargetUserName'>-</Data><Data Name='TargetDomainName'>-</Data><Data Name='TargetLogonId'>0x0</Data><Data Name='ParentProcessName'>C:\Windows\System32\cmd.exe</Data><Data Name='MandatoryLabel'>Mandatory Label\System Mandatory Level</Data>,4688.0,998907021,,,,,,,,,,,0x8020000000000000,0,,,,0x3e7,,Mandatory Label\System Mandatory Level,,,,,'Microsoft-Windows-Security-Auditing',0x26e4,C:\Windows\System32\where.exe,,,,,,0,C:\Windows\System32\cmd.exe,,,,'4',0x2df8,,where  /Q repadmin,,998907021,,,,,,,MMM,0x3e7,ppppPWBADDC03$,NT AUTHORITY\SYSTEM,,'2026-05-18T23:01:15.2776889Z',<Provider Name='Microsoft-Windows-Security-Auditing' Guid='{54849625-5478-4994-a5ba-3e3b0328c30d}'/><EventID>4688</EventID><Version>2</Version><Level>0</Level><Task>13312</Task><Opcode>0</Opcode><Keywords>0x8020000000000000</Keywords><TimeCreated SystemTime='2026-05-18T23:01:15.2776889Z'/><EventRecordID>998907021</EventRecordID><Correlation/><Execution ProcessID='4' ThreadID='16004'/><Channel>Security</Channel><Computer>ppppPWBADDC03.mmm.hhh.ggg</Computer><Security/>,-,0x0,,,-,NULL SID,,,-,,-,13312,'16004',%%1936,%%1936,1936.0,,,,,2,,,,,2026-05-18T19:01:15.277-0400,allowed,win:unknown,,,,,ppppPWBADDC03.mmm.hhh.ggg,,ppppPWBADDC03.mmm.hhh.ggg,ppppPWBADDC03,998907021,endpoint_services_processes windows_endpoint_processes windows_event_signature windows_process_new wineventlog_security wineventlog_windows winsec,,,ppppPWBADDC03,998907021,occs-sss-windows,1,A new process has been created,C:\Windows\System32\where.exe,0x26e4,where.exe,,,,,,,C:\Windows\System32\cmd.exe,0x2df8,cmd.exe,C:\Windows\System32\cmd.exe,C:\Windows\System32\where.exe /Q repadmin,/Q repadmin,where,where.exe,0x26e4,where.exe,C:\Windows\System32\where.exe,Windows,<_='://../////'><><_='---'_='{----}'/><></><></><>,,,,,,,,0x3e7,,,A new process has been created,4688,XmlWinEventLog:Security,XmlWinEventLog,bbbbbsplunkes03,,,MMM,,ppppPWBADDC03$,,success,A new process has been created,failure,,,"execute
os
process
report
security
start
track_event_signatures
windows",,,,"execute
os
process
report
security
start
track_event_signatures
windows",,,ppppPWBADDC03$,-,,,,,Microsoft,,Microsoft Windows
,,,,,MMM,,,ppppPWBADDC03$,,,Security,,,,,,where  /Q repadmin,ppppPWBADDC03.mmm.hhh.ggg,,,,-,4688,<Data Name='SubjectUserSid'>NT AUTHORITY\SYSTEM</Data><Data Name='SubjectUserName'>ppppPWBADDC03$</Data><Data Name='SubjectDomainName'>MMM</Data><Data Name='SubjectLogonId'>0x3e7</Data><Data Name='NewProcessId'>0x43d0</Data><Data Name='NewProcessName'>C:\Windows\System32\where.exe</Data><Data Name='TokenElevationType'>%%1936</Data><Data Name='ProcessId'>0x3c50</Data><Data Name='CommandLine'>where  /Q repadmin </Data><Data Name='TargetUserSid'>NULL SID</Data><Data Name='TargetUserName'>-</Data><Data Name='TargetDomainName'>-</Data><Data Name='TargetLogonId'>0x0</Data><Data Name='ParentProcessName'>C:\Windows\System32\cmd.exe</Data><Data Name='MandatoryLabel'>Mandatory Label\System Mandatory Level</Data>,4688.0,998901633,,,,,,,,,,,0x8020000000000000,0,,,,0x3e7,,Mandatory Label\System Mandatory Level,,,,,'Microsoft-Windows-Security-Auditing',0x43d0,C:\Windows\System32\where.exe,,,,,,0,C:\Windows\System32\cmd.exe,,,,'4',0x3c50,,where  /Q repadmin,,998901633,,,,,,,MMM,0x3e7,ppppPWBADDC03$,NT AUTHORITY\SYSTEM,,'2026-05-18T22:56:12.6288921Z',<Provider Name='Microsoft-Windows-Security-Auditing' Guid='{54849625-5478-4994-a5ba-3e3b0328c30d}'/><EventID>4688</EventID><Version>2</Version><Level>0</Level><Task>13312</Task><Opcode>0</Opcode><Keywords>0x8020000000000000</Keywords><TimeCreated SystemTime='2026-05-18T22:56:12.6288921Z'/><EventRecordID>998901633</EventRecordID><Correlation/><Execution ProcessID='4' ThreadID='18272'/><Channel>Security</Channel><Computer>ppppPWBADDC03.mmm.hhh.ggg</Computer><Security/>,-,0x0,,,-,NULL SID,,,-,,-,13312,'18272',%%1936,%%1936,1936.0,,,,,2,,,,,2026-05-18T18:56:12.628-0400,allowed,win:unknown,,,,,ppppPWBADDC03.mmm.hhh.ggg,,ppppPWBADDC03.mmm.hhh.ggg,ppppPWBADDC03,998901633,endpoint_services_processes windows_endpoint_processes windows_event_signature windows_process_new wineventlog_security wineventlog_windows winsec,,,ppppPWBADDC03,998901633,occs-sss-windows,1,A new process has been created,C:\Windows\System32\where.exe,0x43d0,where.exe,,,,,,,C:\Windows\System32\cmd.exe,0x3c50,cmd.exe,C:\Windows\System32\cmd.exe,C:\Windows\System32\where.exe /Q repadmin,/Q repadmin,where,where.exe,0x43d0,where.exe,C:\Windows\System32\where.exe,Windows,<_='://../////'><><_='---'_='{----}'/><></><></><>,,,,,,,,0x3e7,,,A new process has been created,4688,XmlWinEventLog:Security,XmlWinEventLog,bbbbbsplunkes02,,,MMM,,ppppPWBADDC03$,,success,A new process has been created,failure,,,"execute
os
process
report
security
start
track_event_signatures
windows",,,,"execute
os
process
report
security
start
track_event_signatures
windows",,,ppppPWBADDC03$,-,,,,,Microsoft,,Microsoft Windows
,,,,,MMM,,,ppppPWBADDC03$,,,Security,,,,,,where  /Q repadmin,ppppPWBADDC03.mmm.hhh.ggg,,,,-,4688,<Data Name='SubjectUserSid'>NT AUTHORITY\SYSTEM</Data><Data Name='SubjectUserName'>ppppPWBADDC03$</Data><Data Name='SubjectDomainName'>MMM</Data><Data Name='SubjectLogonId'>0x3e7</Data><Data Name='NewProcessId'>0x40c</Data><Data Name='NewProcessName'>C:\Windows\System32\where.exe</Data><Data Name='TokenElevationType'>%%1936</Data><Data Name='ProcessId'>0x3960</Data><Data Name='CommandLine'>where  /Q repadmin </Data><Data Name='TargetUserSid'>NULL SID</Data><Data Name='TargetUserName'>-</Data><Data Name='TargetDomainName'>-</Data><Data Name='TargetLogonId'>0x0</Data><Data Name='ParentProcessName'>C:\Windows\System32\cmd.exe</Data><Data Name='MandatoryLabel'>Mandatory Label\System Mandatory Level</Data>,4688.0,998896755,,,,,,,,,,,0x8020000000000000,0,,,,0x3e7,,Mandatory Label\System Mandatory Level,,,,,'Microsoft-Windows-Security-Auditing',0x40c,C:\Windows\System32\where.exe,,,,,,0,C:\Windows\System32\cmd.exe,,,,'4',0x3960,,where  /Q repadmin,,998896755,,,,,,,MMM,0x3e7,ppppPWBADDC03$,NT AUTHORITY\SYSTEM,,'2026-05-18T22:51:09.1555397Z',<Provider Name='Microsoft-Windows-Security-Auditing' Guid='{54849625-5478-4994-a5ba-3e3b0328c30d}'/><EventID>4688</EventID><Version>2</Version><Level>0</Level><Task>13312</Task><Opcode>0</Opcode><Keywords>0x8020000000000000</Keywords><TimeCreated SystemTime='2026-05-18T22:51:09.1555397Z'/><EventRecordID>998896755</EventRecordID><Correlation/><Execution ProcessID='4' ThreadID='5532'/><Channel>Security</Channel><Computer>ppppPWBADDC03.mmm.hhh.ggg</Computer><Security/>,-,0x0,,,-,NULL SID,,,-,,-,13312,'5532',%%1936,%%1936,1936.0,,,,,2,,,,,2026-05-18T18:51:09.155-0400,allowed,win:unknown,,,,,ppppPWBADDC03.mmm.hhh.ggg,,ppppPWBADDC03.mmm.hhh.ggg,ppppPWBADDC03,998896755,endpoint_services_processes windows_endpoint_processes windows_event_signature windows_process_new wineventlog_security wineventlog_windows winsec,,,ppppPWBADDC03,998896755,occs-sss-windows,1,A new process has been created,C:\Windows\System32\where.exe,0x40c,where.exe,,,,,,,C:\Windows\System32\cmd.exe,0x3960,cmd.exe,C:\Windows\System32\cmd.exe,C:\Windows\System32\where.exe /Q repadmin,/Q repadmin,where,where.exe,0x40c,where.exe,C:\Windows\System32\where.exe,Windows,<_='://../////'><><_='---'_='{----}'/><></><></><>,,,,,,,,0x3e7,,,A new process has been created,4688,XmlWinEventLog:Security,XmlWinEventLog,bbbbbsplunkes03,,,MMM,,ppppPWBADDC03$,,success,A new process has been created,failure,,,"execute
os
process
report
security
start
track_event_signatures
windows",,,,"execute
os
process
report
security
start
track_event_signatures
windows",,,ppppPWBADDC03$,-,,,,,Microsoft,,Microsoft Windows
,,,,,MMM,,,ppppPWBADDC03$,,,Security,,,,,,where  /Q repadmin,ppppPWBADDC03.mmm.hhh.ggg,,,,-,4688,<Data Name='SubjectUserSid'>NT AUTHORITY\SYSTEM</Data><Data Name='SubjectUserName'>ppppPWBADDC03$</Data><Data Name='SubjectDomainName'>MMM</Data><Data Name='SubjectLogonId'>0x3e7</Data><Data Name='NewProcessId'>0xa98</Data><Data Name='NewProcessName'>C:\Windows\System32\where.exe</Data><Data Name='TokenElevationType'>%%1936</Data><Data Name='ProcessId'>0x3a40</Data><Data Name='CommandLine'>where  /Q repadmin </Data><Data Name='TargetUserSid'>NULL SID</Data><Data Name='TargetUserName'>-</Data><Data Name='TargetDomainName'>-</Data><Data Name='TargetLogonId'>0x0</Data><Data Name='ParentProcessName'>C:\Windows\System32\cmd.exe</Data><Data Name='MandatoryLabel'>Mandatory Label\System Mandatory Level</Data>,4688.0,998891891,,,,,,,,,,,0x8020000000000000,0,,,,0x3e7,,Mandatory Label\System Mandatory Level,,,,,'Microsoft-Windows-Security-Auditing',0xa98,C:\Windows\System32\where.exe,,,,,,0,C:\Windows\System32\cmd.exe,,,,'4',0x3a40,,where  /Q repadmin,,998891891,,,,,,,MMM,0x3e7,ppppPWBADDC03$,NT AUTHORITY\SYSTEM,,'2026-05-18T22:46:06.4729853Z',<Provider Name='Microsoft-Windows-Security-Auditing' Guid='{54849625-5478-4994-a5ba-3e3b0328c30d}'/><EventID>4688</EventID><Version>2</Version><Level>0</Level><Task>13312</Task><Opcode>0</Opcode><Keywords>0x8020000000000000</Keywords><TimeCreated SystemTime='2026-05-18T22:46:06.4729853Z'/><EventRecordID>998891891</EventRecordID><Correlation/><Execution ProcessID='4' ThreadID='2956'/><Channel>Security</Channel><Computer>ppppPWBADDC03.mmm.hhh.ggg</Computer><Security/>,-,0x0,,,-,NULL SID,,,-,,-,13312,'2956',%%1936,%%1936,1936.0,,,,,2,,,,,2026-05-18T18:46:06.472-0400,allowed,win:unknown,,,,,ppppPWBADDC03.mmm.hhh.ggg,,ppppPWBADDC03.mmm.hhh.ggg,ppppPWBADDC03,998891891,endpoint_services_processes windows_endpoint_processes windows_event_signature windows_process_new wineventlog_security wineventlog_windows winsec,,,ppppPWBADDC03,998891891,occs-sss-windows,1,A new process has been created,C:\Windows\System32\where.exe,0xa98,where.exe,,,,,,,C:\Windows\System32\cmd.exe,0x3a40,cmd.exe,C:\Windows\System32\cmd.exe,C:\Windows\System32\where.exe /Q repadmin,/Q repadmin,where,where.exe,0xa98,where.exe,C:\Windows\System32\where.exe,Windows,<_='://../////'><><_='---'_='{----}'/><></><></><>,,,,,,,,0x3e7,,,A new process has been created,4688,XmlWinEventLog:Security,XmlWinEventLog,bbbbbsplunkes01,,,MMM,,ppppPWBADDC03$,,success,A new process has been created,failure,,,"execute
os
process
report
security
start
track_event_signatures
windows",,,,"execute
os
process
report
security
start
track_event_signatures
windows",,,ppppPWBADDC03$,-,,,,,Microsoft,,Microsoft Windows
,,,,,MMM,,,ppppPWBADDC03$,,,Security,,,,,,where  /Q repadmin,ppppPWBADDC03.mmm.hhh.ggg,,,,-,4688,<Data Name='SubjectUserSid'>NT AUTHORITY\SYSTEM</Data><Data Name='SubjectUserName'>ppppPWBADDC03$</Data><Data Name='SubjectDomainName'>MMM</Data><Data Name='SubjectLogonId'>0x3e7</Data><Data Name='NewProcessId'>0x11d0</Data><Data Name='NewProcessName'>C:\Windows\System32\where.exe</Data><Data Name='TokenElevationType'>%%1936</Data><Data Name='ProcessId'>0x47a4</Data><Data Name='CommandLine'>where  /Q repadmin </Data><Data Name='TargetUserSid'>NULL SID</Data><Data Name='TargetUserName'>-</Data><Data Name='TargetDomainName'>-</Data><Data Name='TargetLogonId'>0x0</Data><Data Name='ParentProcessName'>C:\Windows\System32\cmd.exe</Data><Data Name='MandatoryLabel'>Mandatory Label\System Mandatory Level</Data>,4688.0,998887483,,,,,,,,,,,0x8020000000000000,0,,,,0x3e7,,Mandatory Label\System Mandatory Level,,,,,'Microsoft-Windows-Security-Auditing',0x11d0,C:\Windows\System32\where.exe,,,,,,0,C:\Windows\System32\cmd.exe,,,,'4',0x47a4,,where  /Q repadmin,,998887483,,,,,,,MMM,0x3e7,ppppPWBADDC03$,NT AUTHORITY\SYSTEM,,'2026-05-18T22:41:03.7994369Z',<Provider Name='Microsoft-Windows-Security-Auditing' Guid='{54849625-5478-4994-a5ba-3e3b0328c30d}'/><EventID>4688</EventID><Version>2</Version><Level>0</Level><Task>13312</Task><Opcode>0</Opcode><Keywords>0x8020000000000000</Keywords><TimeCreated SystemTime='2026-05-18T22:41:03.7994369Z'/><EventRecordID>998887483</EventRecordID><Correlation/><Execution ProcessID='4' ThreadID='9072'/><Channel>Security</Channel><Computer>ppppPWBADDC03.mmm.hhh.ggg</Computer><Security/>,-,0x0,,,-,NULL SID,,,-,,-,13312,'9072',%%1936,%%1936,1936.0,,,,,2,,,,,2026-05-18T18:41:03.799-0400,allowed,win:unknown,,,,,ppppPWBADDC03.mmm.hhh.ggg,,ppppPWBADDC03.mmm.hhh.ggg,ppppPWBADDC03,998887483,endpoint_services_processes windows_endpoint_processes windows_event_signature windows_process_new wineventlog_security wineventlog_windows winsec,,,ppppPWBADDC03,998887483,occs-sss-windows,1,A new process has been created,C:\Windows\System32\where.exe,0x11d0,where.exe,,,,,,,C:\Windows\System32\cmd.exe,0x47a4,cmd.exe,C:\Windows\System32\cmd.exe,C:\Windows\System32\where.exe /Q repadmin,/Q repadmin,where,where.exe,0x11d0,where.exe,C:\Windows\System32\where.exe,Windows,<_='://../////'><><_='---'_='{----}'/><></><></><>,,,,,,,,0x3e7,,,A new process has been created,4688,XmlWinEventLog:Security,XmlWinEventLog,bbbbbsplunkes01,,,MMM,,ppppPWBADDC03$,,success,A new process has been created,failure,,,"execute
os
process
report
security
start
track_event_signatures
windows",,,,"execute
os
process
report
security
start
track_event_signatures
windows",,,ppppPWBADDC03$,-,,,,,Microsoft,,Microsoft Windows
,,,,,MMM,,,ppppPWBADDC03$,,,Security,,,,,,where  /Q repadmin,ppppPWBADDC03.mmm.hhh.ggg,,,,-,4688,<Data Name='SubjectUserSid'>NT AUTHORITY\SYSTEM</Data><Data Name='SubjectUserName'>ppppPWBADDC03$</Data><Data Name='SubjectDomainName'>MMM</Data><Data Name='SubjectLogonId'>0x3e7</Data><Data Name='NewProcessId'>0x1438</Data><Data Name='NewProcessName'>C:\Windows\System32\where.exe</Data><Data Name='TokenElevationType'>%%1936</Data><Data Name='ProcessId'>0x1d8c</Data><Data Name='CommandLine'>where  /Q repadmin </Data><Data Name='TargetUserSid'>NULL SID</Data><Data Name='TargetUserName'>-</Data><Data Name='TargetDomainName'>-</Data><Data Name='TargetLogonId'>0x0</Data><Data Name='ParentProcessName'>C:\Windows\System32\cmd.exe</Data><Data Name='MandatoryLabel'>Mandatory Label\System Mandatory Level</Data>,4688.0,998883225,,,,,,,,,,,0x8020000000000000,0,,,,0x3e7,,Mandatory Label\System Mandatory Level,,,,,'Microsoft-Windows-Security-Auditing',0x1438,C:\Windows\System32\where.exe,,,,,,0,C:\Windows\System32\cmd.exe,,,,'4',0x1d8c,,where  /Q repadmin,,998883225,,,,,,,MMM,0x3e7,ppppPWBADDC03$,NT AUTHORITY\SYSTEM,,'2026-05-18T22:36:01.1123774Z',<Provider Name='Microsoft-Windows-Security-Auditing' Guid='{54849625-5478-4994-a5ba-3e3b0328c30d}'/><EventID>4688</EventID><Version>2</Version><Level>0</Level><Task>13312</Task><Opcode>0</Opcode><Keywords>0x8020000000000000</Keywords><TimeCreated SystemTime='2026-05-18T22:36:01.1123774Z'/><EventRecordID>998883225</EventRecordID><Correlation/><Execution ProcessID='4' ThreadID='18252'/><Channel>Security</Channel><Computer>ppppPWBADDC03.mmm.hhh.ggg</Computer><Security/>,-,0x0,,,-,NULL SID,,,-,,-,13312,'18252',%%1936,%%1936,1936.0,,,,,2,,,,,2026-05-18T18:36:01.112-0400,allowed,win:unknown,,,,,ppppPWBADDC03.mmm.hhh.ggg,,ppppPWBADDC03.mmm.hhh.ggg,ppppPWBADDC03,998883225,endpoint_services_processes windows_endpoint_processes windows_event_signature windows_process_new wineventlog_security wineventlog_windows winsec,,,ppppPWBADDC03,998883225,occs-sss-windows,1,A new process has been created,C:\Windows\System32\where.exe,0x1438,where.exe,,,,,,,C:\Windows\System32\cmd.exe,0x1d8c,cmd.exe,C:\Windows\System32\cmd.exe,C:\Windows\System32\where.exe /Q repadmin,/Q repadmin,where,where.exe,0x1438,where.exe,C:\Windows\System32\where.exe,Windows,<_='://../////'><><_='---'_='{----}'/><></><></><>,,,,,,,,0x3e7,,,A new process has been created,4688,XmlWinEventLog:Security,XmlWinEventLog,bbbbbsplunkes03,,,MMM,,ppppPWBADDC03$,,success,A new process has been created,failure,,,"execute
os
process
report
security
start
track_event_signatures
windows",,,,"execute
os
process
report
security
start
track_event_signatures
windows",,,ppppPWBADDC03$,-,,,,,Microsoft,,Microsoft Windows
,,,,,MMM,,,ppppPWBADDC03$,,,Security,,,,,,where  /Q repadmin,ppppPWBADDC03.mmm.hhh.ggg,,,,-,4688,<Data Name='SubjectUserSid'>NT AUTHORITY\SYSTEM</Data><Data Name='SubjectUserName'>ppppPWBADDC03$</Data><Data Name='SubjectDomainName'>MMM</Data><Data Name='SubjectLogonId'>0x3e7</Data><Data Name='NewProcessId'>0x4680</Data><Data Name='NewProcessName'>C:\Windows\System32\where.exe</Data><Data Name='TokenElevationType'>%%1936</Data><Data Name='ProcessId'>0x40fc</Data><Data Name='CommandLine'>where  /Q repadmin </Data><Data Name='TargetUserSid'>NULL SID</Data><Data Name='TargetUserName'>-</Data><Data Name='TargetDomainName'>-</Data><Data Name='TargetLogonId'>0x0</Data><Data Name='ParentProcessName'>C:\Windows\System32\cmd.exe</Data><Data Name='MandatoryLabel'>Mandatory Label\System Mandatory Level</Data>,4688.0,998878161,,,,,,,,,,,0x8020000000000000,0,,,,0x3e7,,Mandatory Label\System Mandatory Level,,,,,'Microsoft-Windows-Security-Auditing',0x4680,C:\Windows\System32\where.exe,,,,,,0,C:\Windows\System32\cmd.exe,,,,'4',0x40fc,,where  /Q repadmin,,998878161,,,,,,,MMM,0x3e7,ppppPWBADDC03$,NT AUTHORITY\SYSTEM,,'2026-05-18T22:30:57.6588949Z',<Provider Name='Microsoft-Windows-Security-Auditing' Guid='{54849625-5478-4994-a5ba-3e3b0328c30d}'/><EventID>4688</EventID><Version>2</Version><Level>0</Level><Task>13312</Task><Opcode>0</Opcode><Keywords>0x8020000000000000</Keywords><TimeCreated SystemTime='2026-05-18T22:30:57.6588949Z'/><EventRecordID>998878161</EventRecordID><Correlation/><Execution ProcessID='4' ThreadID='9072'/><Channel>Security</Channel><Computer>ppppPWBADDC03.mmm.hhh.ggg</Computer><Security/>,-,0x0,,,-,NULL SID,,,-,,-,13312,'9072',%%1936,%%1936,1936.0,,,,,2,,,,,2026-05-18T18:30:57.658-0400,allowed,win:unknown,,,,,ppppPWBADDC03.mmm.hhh.ggg,,ppppPWBADDC03.mmm.hhh.ggg,ppppPWBADDC03,998878161,endpoint_services_processes windows_endpoint_processes windows_event_signature windows_process_new wineventlog_security wineventlog_windows winsec,,,ppppPWBADDC03,998878161,occs-sss-windows,1,A new process has been created,C:\Windows\System32\where.exe,0x4680,where.exe,,,,,,,C:\Windows\System32\cmd.exe,0x40fc,cmd.exe,C:\Windows\System32\cmd.exe,C:\Windows\System32\where.exe /Q repadmin,/Q repadmin,where,where.exe,0x4680,where.exe,C:\Windows\System32\where.exe,Windows,<_='://../////'><><_='---'_='{----}'/><></><></><>,,,,,,,,0x3e7,,,A new process has been created,4688,XmlWinEventLog:Security,XmlWinEventLog,bbbbbsplunkes02,,,MMM,,ppppPWBADDC03$,,success,A new process has been created,failure,,,"execute
os
process
report
security
start
track_event_signatures
windows",,,,"execute
os
process
report
security
start
track_event_signatures
windows",,,ppppPWBADDC03$,-,,,,,Microsoft,,Microsoft Windows
,,,,,MMM,,,ppppPWBADDC03$,,,Security,,,,,,where  /Q repadmin,ppppPWBADDC03.mmm.hhh.ggg,,,,-,4688,<Data Name='SubjectUserSid'>NT AUTHORITY\SYSTEM</Data><Data Name='SubjectUserName'>ppppPWBADDC03$</Data><Data Name='SubjectDomainName'>MMM</Data><Data Name='SubjectLogonId'>0x3e7</Data><Data Name='NewProcessId'>0x2b14</Data><Data Name='NewProcessName'>C:\Windows\System32\where.exe</Data><Data Name='TokenElevationType'>%%1936</Data><Data Name='ProcessId'>0x1ec8</Data><Data Name='CommandLine'>where  /Q repadmin </Data><Data Name='TargetUserSid'>NULL SID</Data><Data Name='TargetUserName'>-</Data><Data Name='TargetDomainName'>-</Data><Data Name='TargetLogonId'>0x0</Data><Data Name='ParentProcessName'>C:\Windows\System32\cmd.exe</Data><Data Name='MandatoryLabel'>Mandatory Label\System Mandatory Level</Data>,4688.0,998873804,,,,,,,,,,,0x8020000000000000,0,,,,0x3e7,,Mandatory Label\System Mandatory Level,,,,,'Microsoft-Windows-Security-Auditing',0x2b14,C:\Windows\System32\where.exe,,,,,,0,C:\Windows\System32\cmd.exe,,,,'4',0x1ec8,,where  /Q repadmin,,998873804,,,,,,,MMM,0x3e7,ppppPWBADDC03$,NT AUTHORITY\SYSTEM,,'2026-05-18T22:25:54.9892437Z',<Provider Name='Microsoft-Windows-Security-Auditing' Guid='{54849625-5478-4994-a5ba-3e3b0328c30d}'/><EventID>4688</EventID><Version>2</Version><Level>0</Level><Task>13312</Task><Opcode>0</Opcode><Keywords>0x8020000000000000</Keywords><TimeCreated SystemTime='2026-05-18T22:25:54.9892437Z'/><EventRecordID>998873804</EventRecordID><Correlation/><Execution ProcessID='4' ThreadID='4840'/><Channel>Security</Channel><Computer>ppppPWBADDC03.mmm.hhh.ggg</Computer><Security/>,-,0x0,,,-,NULL SID,,,-,,-,13312,'4840',%%1936,%%1936,1936.0,,,,,2,,,,,2026-05-18T18:25:54.989-0400,allowed,win:unknown,,,,,ppppPWBADDC03.mmm.hhh.ggg,,ppppPWBADDC03.mmm.hhh.ggg,ppppPWBADDC03,998873804,endpoint_services_processes windows_endpoint_processes windows_event_signature windows_process_new wineventlog_security wineventlog_windows winsec,,,ppppPWBADDC03,998873804,occs-sss-windows,1,A new process has been created,C:\Windows\System32\where.exe,0x2b14,where.exe,,,,,,,C:\Windows\System32\cmd.exe,0x1ec8,cmd.exe,C:\Windows\System32\cmd.exe,C:\Windows\System32\where.exe /Q repadmin,/Q repadmin,where,where.exe,0x2b14,where.exe,C:\Windows\System32\where.exe,Windows,<_='://../////'><><_='---'_='{----}'/><></><></><>,,,,,,,,0x3e7,,,A new process has been created,4688,XmlWinEventLog:Security,XmlWinEventLog,bbbbbsplunkes01,,,MMM,,ppppPWBADDC03$,,success,A new process has been created,failure,,,"execute
os
process
report
security
start
track_event_signatures
windows",,,,"execute
os
process
report
security
start
track_event_signatures
windows",,,ppppPWBADDC03$,-,,,,,Microsoft,,Microsoft Windows
,,,,,MMM,,,ppppPWBADDC03$,,,Security,,,,,,where  /Q repadmin,ppppPWBADDC03.mmm.hhh.ggg,,,,-,4688,<Data Name='SubjectUserSid'>NT AUTHORITY\SYSTEM</Data><Data Name='SubjectUserName'>ppppPWBADDC03$</Data><Data Name='SubjectDomainName'>MMM</Data><Data Name='SubjectLogonId'>0x3e7</Data><Data Name='NewProcessId'>0x4794</Data><Data Name='NewProcessName'>C:\Windows\System32\where.exe</Data><Data Name='TokenElevationType'>%%1936</Data><Data Name='ProcessId'>0x378c</Data><Data Name='CommandLine'>where  /Q repadmin </Data><Data Name='TargetUserSid'>NULL SID</Data><Data Name='TargetUserName'>-</Data><Data Name='TargetDomainName'>-</Data><Data Name='TargetLogonId'>0x0</Data><Data Name='ParentProcessName'>C:\Windows\System32\cmd.exe</Data><Data Name='MandatoryLabel'>Mandatory Label\System Mandatory Level</Data>,4688.0,998869583,,,,,,,,,,,0x8020000000000000,0,,,,0x3e7,,Mandatory Label\System Mandatory Level,,,,,'Microsoft-Windows-Security-Auditing',0x4794,C:\Windows\System32\where.exe,,,,,,0,C:\Windows\System32\cmd.exe,,,,'4',0x378c,,where  /Q repadmin,,998869583,,,,,,,MMM,0x3e7,ppppPWBADDC03$,NT AUTHORITY\SYSTEM,,'2026-05-18T22:20:52.3041051Z',<Provider Name='Microsoft-Windows-Security-Auditing' Guid='{54849625-5478-4994-a5ba-3e3b0328c30d}'/><EventID>4688</EventID><Version>2</Version><Level>0</Level><Task>13312</Task><Opcode>0</Opcode><Keywords>0x8020000000000000</Keywords><TimeCreated SystemTime='2026-05-18T22:20:52.3041051Z'/><EventRecordID>998869583</EventRecordID><Correlation/><Execution ProcessID='4' ThreadID='14716'/><Channel>Security</Channel><Computer>ppppPWBADDC03.mmm.hhh.ggg</Computer><Security/>,-,0x0,,,-,NULL SID,,,-,,-,13312,'14716',%%1936,%%1936,1936.0,,,,,2,,,,,2026-05-18T18:20:52.304-0400,allowed,win:unknown,,,,,ppppPWBADDC03.mmm.hhh.ggg,,ppppPWBADDC03.mmm.hhh.ggg,ppppPWBADDC03,998869583,endpoint_services_processes windows_endpoint_processes windows_event_signature windows_process_new wineventlog_security wineventlog_windows winsec,,,ppppPWBADDC03,998869583,occs-sss-windows,1,A new process has been created,C:\Windows\System32\where.exe,0x4794,where.exe,,,,,,,C:\Windows\System32\cmd.exe,0x378c,cmd.exe,C:\Windows\System32\cmd.exe,C:\Windows\System32\where.exe /Q repadmin,/Q repadmin,where,where.exe,0x4794,where.exe,C:\Windows\System32\where.exe,Windows,<_='://../////'><><_='---'_='{----}'/><></><></><>,,,,,,,,0x3e7,,,A new process has been created,4688,XmlWinEventLog:Security,XmlWinEventLog,bbbbbsplunkes02,,,MMM,,ppppPWBADDC03$,,success,A new process has been created,failure,,,"execute
os
process
report
security
start
track_event_signatures
windows",,,,"execute
os
process
report
security
start
track_event_signatures
windows",,,ppppPWBADDC03$,-,,,,,Microsoft,,Microsoft Windows
,,,,,MMM,,,ppppPWBADDC03$,,,Security,,,,,,where  /Q repadmin,ppppPWBADDC03.mmm.hhh.ggg,,,,-,4688,<Data Name='SubjectUserSid'>NT AUTHORITY\SYSTEM</Data><Data Name='SubjectUserName'>ppppPWBADDC03$</Data><Data Name='SubjectDomainName'>MMM</Data><Data Name='SubjectLogonId'>0x3e7</Data><Data Name='NewProcessId'>0x448c</Data><Data Name='NewProcessName'>C:\Windows\System32\where.exe</Data><Data Name='TokenElevationType'>%%1936</Data><Data Name='ProcessId'>0x404</Data><Data Name='CommandLine'>where  /Q repadmin </Data><Data Name='TargetUserSid'>NULL SID</Data><Data Name='TargetUserName'>-</Data><Data Name='TargetDomainName'>-</Data><Data Name='TargetLogonId'>0x0</Data><Data Name='ParentProcessName'>C:\Windows\System32\cmd.exe</Data><Data Name='MandatoryLabel'>Mandatory Label\System Mandatory Level</Data>,4688.0,998863458,,,,,,,,,,,0x8020000000000000,0,,,,0x3e7,,Mandatory Label\System Mandatory Level,,,,,'Microsoft-Windows-Security-Auditing',0x448c,C:\Windows\System32\where.exe,,,,,,0,C:\Windows\System32\cmd.exe,,,,'4',0x404,,where  /Q repadmin,,998863458,,,,,,,MMM,0x3e7,ppppPWBADDC03$,NT AUTHORITY\SYSTEM,,'2026-05-18T22:15:49.6158328Z',<Provider Name='Microsoft-Windows-Security-Auditing' Guid='{54849625-5478-4994-a5ba-3e3b0328c30d}'/><EventID>4688</EventID><Version>2</Version><Level>0</Level><Task>13312</Task><Opcode>0</Opcode><Keywords>0x8020000000000000</Keywords><TimeCreated SystemTime='2026-05-18T22:15:49.6158328Z'/><EventRecordID>998863458</EventRecordID><Correlation/><Execution ProcessID='4' ThreadID='9408'/><Channel>Security</Channel><Computer>ppppPWBADDC03.mmm.hhh.ggg</Computer><Security/>,-,0x0,,,-,NULL SID,,,-,,-,13312,'9408',%%1936,%%1936,1936.0,,,,,2,,,,,2026-05-18T18:15:49.615-0400,allowed,win:unknown,,,,,ppppPWBADDC03.mmm.hhh.ggg,,ppppPWBADDC03.mmm.hhh.ggg,ppppPWBADDC03,998863458,endpoint_services_processes windows_endpoint_processes windows_event_signature windows_process_new wineventlog_security wineventlog_windows winsec,,,ppppPWBADDC03,998863458,occs-sss-windows,1,A new process has been created,C:\Windows\System32\where.exe,0x448c,where.exe,,,,,,,C:\Windows\System32\cmd.exe,0x404,cmd.exe,C:\Windows\System32\cmd.exe,C:\Windows\System32\where.exe /Q repadmin,/Q repadmin,where,where.exe,0x448c,where.exe,C:\Windows\System32\where.exe,Windows,<_='://../////'><><_='---'_='{----}'/><></><></><>,,,,,,,,0x3e7,,,A new process has been created,4688,XmlWinEventLog:Security,XmlWinEventLog,bbbbbsplunkes03,,,MMM,,ppppPWBADDC03$,,success,A new process has been created,failure,,,"execute
os
process
report
security
start
track_event_signatures
windows",,,,"execute
os
process
report
security
start
track_event_signatures
windows",,,ppppPWBADDC03$,-,,,,,Microsoft,,Microsoft Windows
,,,,,MMM,,,ppppPWBADDC03$,,,Security,,,,,,where  /Q repadmin,ppppPWBADDC03.mmm.hhh.ggg,,,,-,4688,<Data Name='SubjectUserSid'>NT AUTHORITY\SYSTEM</Data><Data Name='SubjectUserName'>ppppPWBADDC03$</Data><Data Name='SubjectDomainName'>MMM</Data><Data Name='SubjectLogonId'>0x3e7</Data><Data Name='NewProcessId'>0x3ea8</Data><Data Name='NewProcessName'>C:\Windows\System32\where.exe</Data><Data Name='TokenElevationType'>%%1936</Data><Data Name='ProcessId'>0x468c</Data><Data Name='CommandLine'>where  /Q repadmin </Data><Data Name='TargetUserSid'>NULL SID</Data><Data Name='TargetUserName'>-</Data><Data Name='TargetDomainName'>-</Data><Data Name='TargetLogonId'>0x0</Data><Data Name='ParentProcessName'>C:\Windows\System32\cmd.exe</Data><Data Name='MandatoryLabel'>Mandatory Label\System Mandatory Level</Data>,4688.0,998858075,,,,,,,,,,,0x8020000000000000,0,,,,0x3e7,,Mandatory Label\System Mandatory Level,,,,,'Microsoft-Windows-Security-Auditing',0x3ea8,C:\Windows\System32\where.exe,,,,,,0,C:\Windows\System32\cmd.exe,,,,'4',0x468c,,where  /Q repadmin,,998858075,,,,,,,MMM,0x3e7,ppppPWBADDC03$,NT AUTHORITY\SYSTEM,,'2026-05-18T22:10:45.8635144Z',<Provider Name='Microsoft-Windows-Security-Auditing' Guid='{54849625-5478-4994-a5ba-3e3b0328c30d}'/><EventID>4688</EventID><Version>2</Version><Level>0</Level><Task>13312</Task><Opcode>0</Opcode><Keywords>0x8020000000000000</Keywords><TimeCreated SystemTime='2026-05-18T22:10:45.8635144Z'/><EventRecordID>998858075</EventRecordID><Correlation/><Execution ProcessID='4' ThreadID='2948'/><Channel>Security</Channel><Computer>ppppPWBADDC03.mmm.hhh.ggg</Computer><Security/>,-,0x0,,,-,NULL SID,,,-,,-,13312,'2948',%%1936,%%1936,1936.0,,,,,2,,,,,2026-05-18T18:10:45.863-0400,allowed,win:unknown,,,,,ppppPWBADDC03.mmm.hhh.ggg,,ppppPWBADDC03.mmm.hhh.ggg,ppppPWBADDC03,998858075,endpoint_services_processes windows_endpoint_processes windows_event_signature windows_process_new wineventlog_security wineventlog_windows winsec,,,ppppPWBADDC03,998858075,occs-sss-windows,1,A new process has been created,C:\Windows\System32\where.exe,0x3ea8,where.exe,,,,,,,C:\Windows\System32\cmd.exe,0x468c,cmd.exe,C:\Windows\System32\cmd.exe,C:\Windows\System32\where.exe /Q repadmin,/Q repadmin,where,where.exe,0x3ea8,where.exe,C:\Windows\System32\where.exe,Windows,<_='://../////'><><_='---'_='{----}'/><></><></><>,,,,,,,,0x3e7,,,A new process has been created,4688,XmlWinEventLog:Security,XmlWinEventLog,bbbbbsplunkes03,,,MMM,,ppppPWBADDC03$,,success,A new process has been created,failure,,,"execute
os
process
report
security
start
track_event_signatures
windows",,,,"execute
os
process
report
security
start
track_event_signatures
windows",,,ppppPWBADDC03$,-,,,,,Microsoft,,Microsoft Windows
,,,,,MMM,,,ppppPWBADDC03$,,,Security,,,,,,where  /Q repadmin,ppppPWBADDC03.mmm.hhh.ggg,,,,-,4688,<Data Name='SubjectUserSid'>NT AUTHORITY\SYSTEM</Data><Data Name='SubjectUserName'>ppppPWBADDC03$</Data><Data Name='SubjectDomainName'>MMM</Data><Data Name='SubjectLogonId'>0x3e7</Data><Data Name='NewProcessId'>0x46f4</Data><Data Name='NewProcessName'>C:\Windows\System32\where.exe</Data><Data Name='TokenElevationType'>%%1936</Data><Data Name='ProcessId'>0x3120</Data><Data Name='CommandLine'>where  /Q repadmin </Data><Data Name='TargetUserSid'>NULL SID</Data><Data Name='TargetUserName'>-</Data><Data Name='TargetDomainName'>-</Data><Data Name='TargetLogonId'>0x0</Data><Data Name='ParentProcessName'>C:\Windows\System32\cmd.exe</Data><Data Name='MandatoryLabel'>Mandatory Label\System Mandatory Level</Data>,4688.0,998853328,,,,,,,,,,,0x8020000000000000,0,,,,0x3e7,,Mandatory Label\System Mandatory Level,,,,,'Microsoft-Windows-Security-Auditing',0x46f4,C:\Windows\System32\where.exe,,,,,,0,C:\Windows\System32\cmd.exe,,,,'4',0x3120,,where  /Q repadmin,,998853328,,,,,,,MMM,0x3e7,ppppPWBADDC03$,NT AUTHORITY\SYSTEM,,'2026-05-18T22:05:43.1916335Z',<Provider Name='Microsoft-Windows-Security-Auditing' Guid='{54849625-5478-4994-a5ba-3e3b0328c30d}'/><EventID>4688</EventID><Version>2</Version><Level>0</Level><Task>13312</Task><Opcode>0</Opcode><Keywords>0x8020000000000000</Keywords><TimeCreated SystemTime='2026-05-18T22:05:43.1916335Z'/><EventRecordID>998853328</EventRecordID><Correlation/><Execution ProcessID='4' ThreadID='3500'/><Channel>Security</Channel><Computer>ppppPWBADDC03.mmm.hhh.ggg</Computer><Security/>,-,0x0,,,-,NULL SID,,,-,,-,13312,'3500',%%1936,%%1936,1936.0,,,,,2,,,,,2026-05-18T18:05:43.191-0400,allowed,win:unknown,,,,,ppppPWBADDC03.mmm.hhh.ggg,,ppppPWBADDC03.mmm.hhh.ggg,ppppPWBADDC03,998853328,endpoint_services_processes windows_endpoint_processes windows_event_signature windows_process_new wineventlog_security wineventlog_windows winsec,,,ppppPWBADDC03,998853328,occs-sss-windows,1,A new process has been created,C:\Windows\System32\where.exe,0x46f4,where.exe,,,,,,,C:\Windows\System32\cmd.exe,0x3120,cmd.exe,C:\Windows\System32\cmd.exe,C:\Windows\System32\where.exe /Q repadmin,/Q repadmin,where,where.exe,0x46f4,where.exe,C:\Windows\System32\where.exe,Windows,<_='://../////'><><_='---'_='{----}'/><></><></><>,,,,,,,,0x3e7,,,A new process has been created,4688,XmlWinEventLog:Security,XmlWinEventLog,bbbbbsplunkes02,,,MMM,,ppppPWBADDC03$,,success,A new process has been created,failure,,,"execute
os
process
report
security
start
track_event_signatures
windows",,,,"execute
os
process
report
security
start
track_event_signatures
windows",,,ppppPWBADDC03$,-,,,,,Microsoft,,Microsoft Windows
,,,,,MMM,,,ppppPWBADDC03$,,,Security,,,,,,where  /Q repadmin,ppppPWBADDC03.mmm.hhh.ggg,,,,-,4688,<Data Name='SubjectUserSid'>NT AUTHORITY\SYSTEM</Data><Data Name='SubjectUserName'>ppppPWBADDC03$</Data><Data Name='SubjectDomainName'>MMM</Data><Data Name='SubjectLogonId'>0x3e7</Data><Data Name='NewProcessId'>0x3fb0</Data><Data Name='NewProcessName'>C:\Windows\System32\where.exe</Data><Data Name='TokenElevationType'>%%1936</Data><Data Name='ProcessId'>0x3b2c</Data><Data Name='CommandLine'>where  /Q repadmin </Data><Data Name='TargetUserSid'>NULL SID</Data><Data Name='TargetUserName'>-</Data><Data Name='TargetDomainName'>-</Data><Data Name='TargetLogonId'>0x0</Data><Data Name='ParentProcessName'>C:\Windows\System32\cmd.exe</Data><Data Name='MandatoryLabel'>Mandatory Label\System Mandatory Level</Data>,4688.0,998847982,,,,,,,,,,,0x8020000000000000,0,,,,0x3e7,,Mandatory Label\System Mandatory Level,,,,,'Microsoft-Windows-Security-Auditing',0x3fb0,C:\Windows\System32\where.exe,,,,,,0,C:\Windows\System32\cmd.exe,,,,'4',0x3b2c,,where  /Q repadmin,,998847982,,,,,,,MMM,0x3e7,ppppPWBADDC03$,NT AUTHORITY\SYSTEM,,'2026-05-18T22:00:40.5335843Z',<Provider Name='Microsoft-Windows-Security-Auditing' Guid='{54849625-5478-4994-a5ba-3e3b0328c30d}'/><EventID>4688</EventID><Version>2</Version><Level>0</Level><Task>13312</Task><Opcode>0</Opcode><Keywords>0x8020000000000000</Keywords><TimeCreated SystemTime='2026-05-18T22:00:40.5335843Z'/><EventRecordID>998847982</EventRecordID><Correlation/><Execution ProcessID='4' ThreadID='10916'/><Channel>Security</Channel><Computer>ppppPWBADDC03.mmm.hhh.ggg</Computer><Security/>,-,0x0,,,-,NULL SID,,,-,,-,13312,'10916',%%1936,%%1936,1936.0,,,,,2,,,,,2026-05-18T18:00:40.533-0400,allowed,win:unknown,,,,,ppppPWBADDC03.mmm.hhh.ggg,,ppppPWBADDC03.mmm.hhh.ggg,ppppPWBADDC03,998847982,endpoint_services_processes windows_endpoint_processes windows_event_signature windows_process_new wineventlog_security wineventlog_windows winsec,,,ppppPWBADDC03,998847982,occs-sss-windows,1,A new process has been created,C:\Windows\System32\where.exe,0x3fb0,where.exe,,,,,,,C:\Windows\System32\cmd.exe,0x3b2c,cmd.exe,C:\Windows\System32\cmd.exe,C:\Windows\System32\where.exe /Q repadmin,/Q repadmin,where,where.exe,0x3fb0,where.exe,C:\Windows\System32\where.exe,Windows,<_='://../////'><><_='---'_='{----}'/><></><></><>,,,,,,,,0x3e7,,,A new process has been created,4688,XmlWinEventLog:Security,XmlWinEventLog,bbbbbsplunkes03,,,MMM,,ppppPWBADDC03$,,success,A new process has been created,failure,,,"execute
os
process
report
security
start
track_event_signatures
windows",,,,"execute
os
process
report
security
start
track_event_signatures
windows",,,ppppPWBADDC03$,-,,,,,Microsoft,,Microsoft Windows
,,,,,MMM,,,ppppPWBADDC03$,,,Security,,,,,,where  /Q repadmin,ppppPWBADDC03.mmm.hhh.ggg,,,,-,4688,<Data Name='SubjectUserSid'>NT AUTHORITY\SYSTEM</Data><Data Name='SubjectUserName'>ppppPWBADDC03$</Data><Data Name='SubjectDomainName'>MMM</Data><Data Name='SubjectLogonId'>0x3e7</Data><Data Name='NewProcessId'>0x3db0</Data><Data Name='NewProcessName'>C:\Windows\System32\where.exe</Data><Data Name='TokenElevationType'>%%1936</Data><Data Name='ProcessId'>0x19ec</Data><Data Name='CommandLine'>where  /Q repadmin </Data><Data Name='TargetUserSid'>NULL SID</Data><Data Name='TargetUserName'>-</Data><Data Name='TargetDomainName'>-</Data><Data Name='TargetLogonId'>0x0</Data><Data Name='ParentProcessName'>C:\Windows\System32\cmd.exe</Data><Data Name='MandatoryLabel'>Mandatory Label\System Mandatory Level</Data>,4688.0,998842240,,,,,,,,,,,0x8020000000000000,0,,,,0x3e7,,Mandatory Label\System Mandatory Level,,,,,'Microsoft-Windows-Security-Auditing',0x3db0,C:\Windows\System32\where.exe,,,,,,0,C:\Windows\System32\cmd.exe,,,,'4',0x19ec,,where  /Q repadmin,,998842240,,,,,,,MMM,0x3e7,ppppPWBADDC03$,NT AUTHORITY\SYSTEM,,'2026-05-18T21:55:37.7630807Z',<Provider Name='Microsoft-Windows-Security-Auditing' Guid='{54849625-5478-4994-a5ba-3e3b0328c30d}'/><EventID>4688</EventID><Version>2</Version><Level>0</Level><Task>13312</Task><Opcode>0</Opcode><Keywords>0x8020000000000000</Keywords><TimeCreated SystemTime='2026-05-18T21:55:37.7630807Z'/><EventRecordID>998842240</EventRecordID><Correlation/><Execution ProcessID='4' ThreadID='15660'/><Channel>Security</Channel><Computer>ppppPWBADDC03.mmm.hhh.ggg</Computer><Security/>,-,0x0,,,-,NULL SID,,,-,,-,13312,'15660',%%1936,%%1936,1936.0,,,,,2,,,,,2026-05-18T17:55:37.763-0400,allowed,win:unknown,,,,,ppppPWBADDC03.mmm.hhh.ggg,,ppppPWBADDC03.mmm.hhh.ggg,ppppPWBADDC03,998842240,endpoint_services_processes windows_endpoint_processes windows_event_signature windows_process_new wineventlog_security wineventlog_windows winsec,,,ppppPWBADDC03,998842240,occs-sss-windows,1,A new process has been created,C:\Windows\System32\where.exe,0x3db0,where.exe,,,,,,,C:\Windows\System32\cmd.exe,0x19ec,cmd.exe,C:\Windows\System32\cmd.exe,C:\Windows\System32\where.exe /Q repadmin,/Q repadmin,where,where.exe,0x3db0,where.exe,C:\Windows\System32\where.exe,Windows,<_='://../////'><><_='---'_='{----}'/><></><></><>,,,,,,,,0x3e7,,,A new process has been created,4688,XmlWinEventLog:Security,XmlWinEventLog,bbbbbsplunkes01,,,MMM,,ppppPWBADDC03$,,success,A new process has been created,failure,,,"execute
os
process
report
security
start
track_event_signatures
windows",,,,"execute
os
process
report
security
start
track_event_signatures
windows",,,ppppPWBADDC03$,-,,,,,Microsoft,,Microsoft Windows
,,,,,MMM,,,ppppPWBADDC03$,,,Security,,,,,,where  /Q repadmin,ppppPWBADDC03.mmm.hhh.ggg,,,,-,4688,<Data Name='SubjectUserSid'>NT AUTHORITY\SYSTEM</Data><Data Name='SubjectUserName'>ppppPWBADDC03$</Data><Data Name='SubjectDomainName'>MMM</Data><Data Name='SubjectLogonId'>0x3e7</Data><Data Name='NewProcessId'>0x46f4</Data><Data Name='NewProcessName'>C:\Windows\System32\where.exe</Data><Data Name='TokenElevationType'>%%1936</Data><Data Name='ProcessId'>0x3bd4</Data><Data Name='CommandLine'>where  /Q repadmin </Data><Data Name='TargetUserSid'>NULL SID</Data><Data Name='TargetUserName'>-</Data><Data Name='TargetDomainName'>-</Data><Data Name='TargetLogonId'>0x0</Data><Data Name='ParentProcessName'>C:\Windows\System32\cmd.exe</Data><Data Name='MandatoryLabel'>Mandatory Label\System Mandatory Level</Data>,4688.0,998837881,,,,,,,,,,,0x8020000000000000,0,,,,0x3e7,,Mandatory Label\System Mandatory Level,,,,,'Microsoft-Windows-Security-Auditing',0x46f4,C:\Windows\System32\where.exe,,,,,,0,C:\Windows\System32\cmd.exe,,,,'4',0x3bd4,,where  /Q repadmin,,998837881,,,,,,,MMM,0x3e7,ppppPWBADDC03$,NT AUTHORITY\SYSTEM,,'2026-05-18T21:50:34.2997171Z',<Provider Name='Microsoft-Windows-Security-Auditing' Guid='{54849625-5478-4994-a5ba-3e3b0328c30d}'/><EventID>4688</EventID><Version>2</Version><Level>0</Level><Task>13312</Task><Opcode>0</Opcode><Keywords>0x8020000000000000</Keywords><TimeCreated SystemTime='2026-05-18T21:50:34.2997171Z'/><EventRecordID>998837881</EventRecordID><Correlation/><Execution ProcessID='4' ThreadID='14596'/><Channel>Security</Channel><Computer>ppppPWBADDC03.mmm.hhh.ggg</Computer><Security/>,-,0x0,,,-,NULL SID,,,-,,-,13312,'14596',%%1936,%%1936,1936.0,,,,,2,,,,,2026-05-18T17:50:34.299-0400,allowed,win:unknown,,,,,ppppPWBADDC03.mmm.hhh.ggg,,ppppPWBADDC03.mmm.hhh.ggg,ppppPWBADDC03,998837881,endpoint_services_processes windows_endpoint_processes windows_event_signature windows_process_new wineventlog_security wineventlog_windows winsec,,,ppppPWBADDC03,998837881,occs-sss-windows,1,A new process has been created,C:\Windows\System32\where.exe,0x46f4,where.exe,,,,,,,C:\Windows\System32\cmd.exe,0x3bd4,cmd.exe,C:\Windows\System32\cmd.exe,C:\Windows\System32\where.exe /Q repadmin,/Q repadmin,where,where.exe,0x46f4,where.exe,C:\Windows\System32\where.exe,Windows,<_='://../////'><><_='---'_='{----}'/><></><></><>,,,,,,,,0x3e7,,,A new process has been created,4688,XmlWinEventLog:Security,XmlWinEventLog,bbbbbsplunkes02,,,MMM,,ppppPWBADDC03$,,success,A new process has been created,failure,,,"execute
os
process
report
security
start
track_event_signatures
windows",,,,"execute
os
process
report
security
start
track_event_signatures
windows",,,ppppPWBADDC03$,-,,,,,Microsoft,,Microsoft Windows
,,,,,MMM,,,ppppPWBADDC03$,,,Security,,,,,,where  /Q repadmin,ppppPWBADDC03.mmm.hhh.ggg,,,,-,4688,<Data Name='SubjectUserSid'>NT AUTHORITY\SYSTEM</Data><Data Name='SubjectUserName'>ppppPWBADDC03$</Data><Data Name='SubjectDomainName'>MMM</Data><Data Name='SubjectLogonId'>0x3e7</Data><Data Name='NewProcessId'>0x424c</Data><Data Name='NewProcessName'>C:\Windows\System32\where.exe</Data><Data Name='TokenElevationType'>%%1936</Data><Data Name='ProcessId'>0x34d8</Data><Data Name='CommandLine'>where  /Q repadmin </Data><Data Name='TargetUserSid'>NULL SID</Data><Data Name='TargetUserName'>-</Data><Data Name='TargetDomainName'>-</Data><Data Name='TargetLogonId'>0x0</Data><Data Name='ParentProcessName'>C:\Windows\System32\cmd.exe</Data><Data Name='MandatoryLabel'>Mandatory Label\System Mandatory Level</Data>,4688.0,998832575,,,,,,,,,,,0x8020000000000000,0,,,,0x3e7,,Mandatory Label\System Mandatory Level,,,,,'Microsoft-Windows-Security-Auditing',0x424c,C:\Windows\System32\where.exe,,,,,,0,C:\Windows\System32\cmd.exe,,,,'4',0x34d8,,where  /Q repadmin,,998832575,,,,,,,MMM,0x3e7,ppppPWBADDC03$,NT AUTHORITY\SYSTEM,,'2026-05-18T21:45:31.6230022Z',<Provider Name='Microsoft-Windows-Security-Auditing' Guid='{54849625-5478-4994-a5ba-3e3b0328c30d}'/><EventID>4688</EventID><Version>2</Version><Level>0</Level><Task>13312</Task><Opcode>0</Opcode><Keywords>0x8020000000000000</Keywords><TimeCreated SystemTime='2026-05-18T21:45:31.6230022Z'/><EventRecordID>998832575</EventRecordID><Correlation/><Execution ProcessID='4' ThreadID='9072'/><Channel>Security</Channel><Computer>ppppPWBADDC03.mmm.hhh.ggg</Computer><Security/>,-,0x0,,,-,NULL SID,,,-,,-,13312,'9072',%%1936,%%1936,1936.0,,,,,2,,,,,2026-05-18T17:45:31.623-0400,allowed,win:unknown,,,,,ppppPWBADDC03.mmm.hhh.ggg,,ppppPWBADDC03.mmm.hhh.ggg,ppppPWBADDC03,998832575,endpoint_services_processes windows_endpoint_processes windows_event_signature windows_process_new wineventlog_security wineventlog_windows winsec,,,ppppPWBADDC03,998832575,occs-sss-windows,1,A new process has been created,C:\Windows\System32\where.exe,0x424c,where.exe,,,,,,,C:\Windows\System32\cmd.exe,0x34d8,cmd.exe,C:\Windows\System32\cmd.exe,C:\Windows\System32\where.exe /Q repadmin,/Q repadmin,where,where.exe,0x424c,where.exe,C:\Windows\System32\where.exe,Windows,<_='://../////'><><_='---'_='{----}'/><></><></><>,,,,,,,,0x3e7,,,A new process has been created,4688,XmlWinEventLog:Security,XmlWinEventLog,bbbbbsplunkes02,,,MMM,,ppppPWBADDC03$,,success,A new process has been created,failure,,,"execute
os
process
report
security
start
track_event_signatures
windows",,,,"execute
os
process
report
security
start
track_event_signatures
windows",,,ppppPWBADDC03$,-,,,,,Microsoft,,Microsoft Windows
,,,,,MMM,,,ppppPWBADDC03$,,,Security,,,,,,where  /Q repadmin,ppppPWBADDC03.mmm.hhh.ggg,,,,-,4688,<Data Name='SubjectUserSid'>NT AUTHORITY\SYSTEM</Data><Data Name='SubjectUserName'>ppppPWBADDC03$</Data><Data Name='SubjectDomainName'>MMM</Data><Data Name='SubjectLogonId'>0x3e7</Data><Data Name='NewProcessId'>0x2da8</Data><Data Name='NewProcessName'>C:\Windows\System32\where.exe</Data><Data Name='TokenElevationType'>%%1936</Data><Data Name='ProcessId'>0x13c4</Data><Data Name='CommandLine'>where  /Q repadmin </Data><Data Name='TargetUserSid'>NULL SID</Data><Data Name='TargetUserName'>-</Data><Data Name='TargetDomainName'>-</Data><Data Name='TargetLogonId'>0x0</Data><Data Name='ParentProcessName'>C:\Windows\System32\cmd.exe</Data><Data Name='MandatoryLabel'>Mandatory Label\System Mandatory Level</Data>,4688.0,998828361,,,,,,,,,,,0x8020000000000000,0,,,,0x3e7,,Mandatory Label\System Mandatory Level,,,,,'Microsoft-Windows-Security-Auditing',0x2da8,C:\Windows\System32\where.exe,,,,,,0,C:\Windows\System32\cmd.exe,,,,'4',0x13c4,,where  /Q repadmin,,998828361,,,,,,,MMM,0x3e7,ppppPWBADDC03$,NT AUTHORITY\SYSTEM,,'2026-05-18T21:40:28.8561181Z',<Provider Name='Microsoft-Windows-Security-Auditing' Guid='{54849625-5478-4994-a5ba-3e3b0328c30d}'/><EventID>4688</EventID><Version>2</Version><Level>0</Level><Task>13312</Task><Opcode>0</Opcode><Keywords>0x8020000000000000</Keywords><TimeCreated SystemTime='2026-05-18T21:40:28.8561181Z'/><EventRecordID>998828361</EventRecordID><Correlation/><Execution ProcessID='4' ThreadID='16784'/><Channel>Security</Channel><Computer>ppppPWBADDC03.mmm.hhh.ggg</Computer><Security/>,-,0x0,,,-,NULL SID,,,-,,-,13312,'16784',%%1936,%%1936,1936.0,,,,,2,,,,,2026-05-18T17:40:28.856-0400,allowed,win:unknown,,,,,ppppPWBADDC03.mmm.hhh.ggg,,ppppPWBADDC03.mmm.hhh.ggg,ppppPWBADDC03,998828361,endpoint_services_processes windows_endpoint_processes windows_event_signature windows_process_new wineventlog_security wineventlog_windows winsec,,,ppppPWBADDC03,998828361,occs-sss-windows,1,A new process has been created,C:\Windows\System32\where.exe,0x2da8,where.exe,,,,,,,C:\Windows\System32\cmd.exe,0x13c4,cmd.exe,C:\Windows\System32\cmd.exe,C:\Windows\System32\where.exe /Q repadmin,/Q repadmin,where,where.exe,0x2da8,where.exe,C:\Windows\System32\where.exe,Windows,<_='://../////'><><_='---'_='{----}'/><></><></><>,,,,,,,,0x3e7,,,A new process has been created,4688,XmlWinEventLog:Security,XmlWinEventLog,bbbbbsplunkes03,,,MMM,,ppppPWBADDC03$,,success,A new process has been created,failure,,,"execute
os
process
report
security
start
track_event_signatures
windows",,,,"execute
os
process
report
security
start
track_event_signatures
windows",,,ppppPWBADDC03$,-,,,,,Microsoft,,Microsoft Windows
,,,,,MMM,,,ppppPWBADDC03$,,,Security,,,,,,where  /Q repadmin,ppppPWBADDC03.mmm.hhh.ggg,,,,-,4688,<Data Name='SubjectUserSid'>NT AUTHORITY\SYSTEM</Data><Data Name='SubjectUserName'>ppppPWBADDC03$</Data><Data Name='SubjectDomainName'>MMM</Data><Data Name='SubjectLogonId'>0x3e7</Data><Data Name='NewProcessId'>0x46ec</Data><Data Name='NewProcessName'>C:\Windows\System32\where.exe</Data><Data Name='TokenElevationType'>%%1936</Data><Data Name='ProcessId'>0x2ac0</Data><Data Name='CommandLine'>where  /Q repadmin </Data><Data Name='TargetUserSid'>NULL SID</Data><Data Name='TargetUserName'>-</Data><Data Name='TargetDomainName'>-</Data><Data Name='TargetLogonId'>0x0</Data><Data Name='ParentProcessName'>C:\Windows\System32\cmd.exe</Data><Data Name='MandatoryLabel'>Mandatory Label\System Mandatory Level</Data>,4688.0,998822659,,,,,,,,,,,0x8020000000000000,0,,,,0x3e7,,Mandatory Label\System Mandatory Level,,,,,'Microsoft-Windows-Security-Auditing',0x46ec,C:\Windows\System32\where.exe,,,,,,0,C:\Windows\System32\cmd.exe,,,,'4',0x2ac0,,where  /Q repadmin,,998822659,,,,,,,MMM,0x3e7,ppppPWBADDC03$,NT AUTHORITY\SYSTEM,,'2026-05-18T21:34:53.0212428Z',<Provider Name='Microsoft-Windows-Security-Auditing' Guid='{54849625-5478-4994-a5ba-3e3b0328c30d}'/><EventID>4688</EventID><Version>2</Version><Level>0</Level><Task>13312</Task><Opcode>0</Opcode><Keywords>0x8020000000000000</Keywords><TimeCreated SystemTime='2026-05-18T21:34:53.0212428Z'/><EventRecordID>998822659</EventRecordID><Correlation/><Execution ProcessID='4' ThreadID='16864'/><Channel>Security</Channel><Computer>ppppPWBADDC03.mmm.hhh.ggg</Computer><Security/>,-,0x0,,,-,NULL SID,,,-,,-,13312,'16864',%%1936,%%1936,1936.0,,,,,2,,,,,2026-05-18T17:34:53.021-0400,allowed,win:unknown,,,,,ppppPWBADDC03.mmm.hhh.ggg,,ppppPWBADDC03.mmm.hhh.ggg,ppppPWBADDC03,998822659,endpoint_services_processes windows_endpoint_processes windows_event_signature windows_process_new wineventlog_security wineventlog_windows winsec,,,ppppPWBADDC03,998822659,occs-sss-windows,1,A new process has been created,C:\Windows\System32\where.exe,0x46ec,where.exe,,,,,,,C:\Windows\System32\cmd.exe,0x2ac0,cmd.exe,C:\Windows\System32\cmd.exe,C:\Windows\System32\where.exe /Q repadmin,/Q repadmin,where,where.exe,0x46ec,where.exe,C:\Windows\System32\where.exe,Windows,<_='://../////'><><_='---'_='{----}'/><></><></><>,,,,,,,,0x3e7,,,A new process has been created,4688,XmlWinEventLog:Security,XmlWinEventLog,bbbbbsplunkes01,,,MMM,,ppppPWBADDC03$,,success,A new process has been created,failure,,,"execute
os
process
report
security
start
track_event_signatures
windows",,,,"execute
os
process
report
security
start
track_event_signatures
windows",,,ppppPWBADDC03$,-,,,,,Microsoft,,Microsoft Windows
,,,,,MMM,,,ppppPWBADDC03$,,,Security,,,,,,where  /Q repadmin,ppppPWBADDC03.mmm.hhh.ggg,,,,-,4688,<Data Name='SubjectUserSid'>NT AUTHORITY\SYSTEM</Data><Data Name='SubjectUserName'>ppppPWBADDC03$</Data><Data Name='SubjectDomainName'>MMM</Data><Data Name='SubjectLogonId'>0x3e7</Data><Data Name='NewProcessId'>0x4468</Data><Data Name='NewProcessName'>C:\Windows\System32\where.exe</Data><Data Name='TokenElevationType'>%%1936</Data><Data Name='ProcessId'>0x20c4</Data><Data Name='CommandLine'>where  /Q repadmin </Data><Data Name='TargetUserSid'>NULL SID</Data><Data Name='TargetUserName'>-</Data><Data Name='TargetDomainName'>-</Data><Data Name='TargetLogonId'>0x0</Data><Data Name='ParentProcessName'>C:\Windows\System32\cmd.exe</Data><Data Name='MandatoryLabel'>Mandatory Label\System Mandatory Level</Data>,4688.0,998816945,,,,,,,,,,,0x8020000000000000,0,,,,0x3e7,,Mandatory Label\System Mandatory Level,,,,,'Microsoft-Windows-Security-Auditing',0x4468,C:\Windows\System32\where.exe,,,,,,0,C:\Windows\System32\cmd.exe,,,,'4',0x20c4,,where  /Q repadmin,,998816945,,,,,,,MMM,0x3e7,ppppPWBADDC03$,NT AUTHORITY\SYSTEM,,'2026-05-18T21:29:45.9679689Z',<Provider Name='Microsoft-Windows-Security-Auditing' Guid='{54849625-5478-4994-a5ba-3e3b0328c30d}'/><EventID>4688</EventID><Version>2</Version><Level>0</Level><Task>13312</Task><Opcode>0</Opcode><Keywords>0x8020000000000000</Keywords><TimeCreated SystemTime='2026-05-18T21:29:45.9679689Z'/><EventRecordID>998816945</EventRecordID><Correlation/><Execution ProcessID='4' ThreadID='14596'/><Channel>Security</Channel><Computer>ppppPWBADDC03.mmm.hhh.ggg</Computer><Security/>,-,0x0,,,-,NULL SID,,,-,,-,13312,'14596',%%1936,%%1936,1936.0,,,,,2,,,,,2026-05-18T17:29:45.967-0400,allowed,win:unknown,,,,,ppppPWBADDC03.mmm.hhh.ggg,,ppppPWBADDC03.mmm.hhh.ggg,ppppPWBADDC03,998816945,endpoint_services_processes windows_endpoint_processes windows_event_signature windows_process_new wineventlog_security wineventlog_windows winsec,,,ppppPWBADDC03,998816945,occs-sss-windows,1,A new process has been created,C:\Windows\System32\where.exe,0x4468,where.exe,,,,,,,C:\Windows\System32\cmd.exe,0x20c4,cmd.exe,C:\Windows\System32\cmd.exe,C:\Windows\System32\where.exe /Q repadmin,/Q repadmin,where,where.exe,0x4468,where.exe,C:\Windows\System32\where.exe,Windows,<_='://../////'><><_='---'_='{----}'/><></><></><>,,,,,,,,0x3e7,,,A new process has been created,4688,XmlWinEventLog:Security,XmlWinEventLog,bbbbbsplunkes01,,,MMM,,ppppPWBADDC03$,,success,A new process has been created,failure,,,"execute
os
process
report
security
start
track_event_signatures
windows",,,,"execute
os
process
report
security
start
track_event_signatures
windows",,,ppppPWBADDC03$,-,,,,,Microsoft,,Microsoft Windows
,,,,,MMM,,,ppppPWBADDC03$,,,Security,,,,,,where  /Q repadmin,ppppPWBADDC03.mmm.hhh.ggg,,,,-,4688,<Data Name='SubjectUserSid'>NT AUTHORITY\SYSTEM</Data><Data Name='SubjectUserName'>ppppPWBADDC03$</Data><Data Name='SubjectDomainName'>MMM</Data><Data Name='SubjectLogonId'>0x3e7</Data><Data Name='NewProcessId'>0x1ec0</Data><Data Name='NewProcessName'>C:\Windows\System32\where.exe</Data><Data Name='TokenElevationType'>%%1936</Data><Data Name='ProcessId'>0x1370</Data><Data Name='CommandLine'>where  /Q repadmin </Data><Data Name='TargetUserSid'>NULL SID</Data><Data Name='TargetUserName'>-</Data><Data Name='TargetDomainName'>-</Data><Data Name='TargetLogonId'>0x0</Data><Data Name='ParentProcessName'>C:\Windows\System32\cmd.exe</Data><Data Name='MandatoryLabel'>Mandatory Label\System Mandatory Level</Data>,4688.0,998811818,,,,,,,,,,,0x8020000000000000,0,,,,0x3e7,,Mandatory Label\System Mandatory Level,,,,,'Microsoft-Windows-Security-Auditing',0x1ec0,C:\Windows\System32\where.exe,,,,,,0,C:\Windows\System32\cmd.exe,,,,'4',0x1370,,where  /Q repadmin,,998811818,,,,,,,MMM,0x3e7,ppppPWBADDC03$,NT AUTHORITY\SYSTEM,,'2026-05-18T21:24:43.5861126Z',<Provider Name='Microsoft-Windows-Security-Auditing' Guid='{54849625-5478-4994-a5ba-3e3b0328c30d}'/><EventID>4688</EventID><Version>2</Version><Level>0</Level><Task>13312</Task><Opcode>0</Opcode><Keywords>0x8020000000000000</Keywords><TimeCreated SystemTime='2026-05-18T21:24:43.5861126Z'/><EventRecordID>998811818</EventRecordID><Correlation/><Execution ProcessID='4' ThreadID='17596'/><Channel>Security</Channel><Computer>ppppPWBADDC03.mmm.hhh.ggg</Computer><Security/>,-,0x0,,,-,NULL SID,,,-,,-,13312,'17596',%%1936,%%1936,1936.0,,,,,2,,,,,2026-05-18T17:24:43.586-0400,allowed,win:unknown,,,,,ppppPWBADDC03.mmm.hhh.ggg,,ppppPWBADDC03.mmm.hhh.ggg,ppppPWBADDC03,998811818,endpoint_services_processes windows_endpoint_processes windows_event_signature windows_process_new wineventlog_security wineventlog_windows winsec,,,ppppPWBADDC03,998811818,occs-sss-windows,1,A new process has been created,C:\Windows\System32\where.exe,0x1ec0,where.exe,,,,,,,C:\Windows\System32\cmd.exe,0x1370,cmd.exe,C:\Windows\System32\cmd.exe,C:\Windows\System32\where.exe /Q repadmin,/Q repadmin,where,where.exe,0x1ec0,where.exe,C:\Windows\System32\where.exe,Windows,<_='://../////'><><_='---'_='{----}'/><></><></><>,,,,,,,,0x3e7,,,A new process has been created,4688,XmlWinEventLog:Security,XmlWinEventLog,bbbbbsplunkes01,,,MMM,,ppppPWBADDC03$,,success,A new process has been created,failure,,,"execute
os
process
report
security
start
track_event_signatures
windows",,,,"execute
os
process
report
security
start
track_event_signatures
windows",,,ppppPWBADDC03$,-,,,,,Microsoft,,Microsoft Windows
,,,,,MMM,,,ppppPWBADDC03$,,,Security,,,,,,where  /Q repadmin,ppppPWBADDC03.mmm.hhh.ggg,,,,-,4688,<Data Name='SubjectUserSid'>NT AUTHORITY\SYSTEM</Data><Data Name='SubjectUserName'>ppppPWBADDC03$</Data><Data Name='SubjectDomainName'>MMM</Data><Data Name='SubjectLogonId'>0x3e7</Data><Data Name='NewProcessId'>0x4768</Data><Data Name='NewProcessName'>C:\Windows\System32\where.exe</Data><Data Name='TokenElevationType'>%%1936</Data><Data Name='ProcessId'>0xd78</Data><Data Name='CommandLine'>where  /Q repadmin </Data><Data Name='TargetUserSid'>NULL SID</Data><Data Name='TargetUserName'>-</Data><Data Name='TargetDomainName'>-</Data><Data Name='TargetLogonId'>0x0</Data><Data Name='ParentProcessName'>C:\Windows\System32\cmd.exe</Data><Data Name='MandatoryLabel'>Mandatory Label\System Mandatory Level</Data>,4688.0,998806077,,,,,,,,,,,0x8020000000000000,0,,,,0x3e7,,Mandatory Label\System Mandatory Level,,,,,'Microsoft-Windows-Security-Auditing',0x4768,C:\Windows\System32\where.exe,,,,,,0,C:\Windows\System32\cmd.exe,,,,'4',0xd78,,where  /Q repadmin,,998806077,,,,,,,MMM,0x3e7,ppppPWBADDC03$,NT AUTHORITY\SYSTEM,,'2026-05-18T21:19:41.2432718Z',<Provider Name='Microsoft-Windows-Security-Auditing' Guid='{54849625-5478-4994-a5ba-3e3b0328c30d}'/><EventID>4688</EventID><Version>2</Version><Level>0</Level><Task>13312</Task><Opcode>0</Opcode><Keywords>0x8020000000000000</Keywords><TimeCreated SystemTime='2026-05-18T21:19:41.2432718Z'/><EventRecordID>998806077</EventRecordID><Correlation/><Execution ProcessID='4' ThreadID='9372'/><Channel>Security</Channel><Computer>ppppPWBADDC03.mmm.hhh.ggg</Computer><Security/>,-,0x0,,,-,NULL SID,,,-,,-,13312,'9372',%%1936,%%1936,1936.0,,,,,2,,,,,2026-05-18T17:19:41.243-0400,allowed,win:unknown,,,,,ppppPWBADDC03.mmm.hhh.ggg,,ppppPWBADDC03.mmm.hhh.ggg,ppppPWBADDC03,998806077,endpoint_services_processes windows_endpoint_processes windows_event_signature windows_process_new wineventlog_security wineventlog_windows winsec,,,ppppPWBADDC03,998806077,occs-sss-windows,1,A new process has been created,C:\Windows\System32\where.exe,0x4768,where.exe,,,,,,,C:\Windows\System32\cmd.exe,0xd78,cmd.exe,C:\Windows\System32\cmd.exe,C:\Windows\System32\where.exe /Q repadmin,/Q repadmin,where,where.exe,0x4768,where.exe,C:\Windows\System32\where.exe,Windows,<_='://../////'><><_='---'_='{----}'/><></><></><>,,,,,,,,0x3e7,,,A new process has been created,4688,XmlWinEventLog:Security,XmlWinEventLog,bbbbbsplunkes01,,,MMM,,ppppPWBADDC03$,,success,A new process has been created,failure,,,"execute
os
process
report
security
start
track_event_signatures
windows",,,,"execute
os
process
report
security
start
track_event_signatures
windows",,,ppppPWBADDC03$,-,,,,,Microsoft,,Microsoft Windows
,,,,,MMM,,,ppppPWBADDC03$,,,Security,,,,,,where  /Q repadmin,ppppPWBADDC03.mmm.hhh.ggg,,,,-,4688,<Data Name='SubjectUserSid'>NT AUTHORITY\SYSTEM</Data><Data Name='SubjectUserName'>ppppPWBADDC03$</Data><Data Name='SubjectDomainName'>MMM</Data><Data Name='SubjectLogonId'>0x3e7</Data><Data Name='NewProcessId'>0x4110</Data><Data Name='NewProcessName'>C:\Windows\System32\where.exe</Data><Data Name='TokenElevationType'>%%1936</Data><Data Name='ProcessId'>0x3a44</Data><Data Name='CommandLine'>where  /Q repadmin </Data><Data Name='TargetUserSid'>NULL SID</Data><Data Name='TargetUserName'>-</Data><Data Name='TargetDomainName'>-</Data><Data Name='TargetLogonId'>0x0</Data><Data Name='ParentProcessName'>C:\Windows\System32\cmd.exe</Data><Data Name='MandatoryLabel'>Mandatory Label\System Mandatory Level</Data>,4688.0,998798722,,,,,,,,,,,0x8020000000000000,0,,,,0x3e7,,Mandatory Label\System Mandatory Level,,,,,'Microsoft-Windows-Security-Auditing',0x4110,C:\Windows\System32\where.exe,,,,,,0,C:\Windows\System32\cmd.exe,,,,'4',0x3a44,,where  /Q repadmin,,998798722,,,,,,,MMM,0x3e7,ppppPWBADDC03$,NT AUTHORITY\SYSTEM,,'2026-05-18T21:14:38.9245267Z',<Provider Name='Microsoft-Windows-Security-Auditing' Guid='{54849625-5478-4994-a5ba-3e3b0328c30d}'/><EventID>4688</EventID><Version>2</Version><Level>0</Level><Task>13312</Task><Opcode>0</Opcode><Keywords>0x8020000000000000</Keywords><TimeCreated SystemTime='2026-05-18T21:14:38.9245267Z'/><EventRecordID>998798722</EventRecordID><Correlation/><Execution ProcessID='4' ThreadID='16784'/><Channel>Security</Channel><Computer>ppppPWBADDC03.mmm.hhh.ggg</Computer><Security/>,-,0x0,,,-,NULL SID,,,-,,-,13312,'16784',%%1936,%%1936,1936.0,,,,,2,,,,,2026-05-18T17:14:38.924-0400,allowed,win:unknown,,,,,ppppPWBADDC03.mmm.hhh.ggg,,ppppPWBADDC03.mmm.hhh.ggg,ppppPWBADDC03,998798722,endpoint_services_processes windows_endpoint_processes windows_event_signature windows_process_new wineventlog_security wineventlog_windows winsec,,,ppppPWBADDC03,998798722,occs-sss-windows,1,A new process has been created,C:\Windows\System32\where.exe,0x4110,where.exe,,,,,,,C:\Windows\System32\cmd.exe,0x3a44,cmd.exe,C:\Windows\System32\cmd.exe,C:\Windows\System32\where.exe /Q repadmin,/Q repadmin,where,where.exe,0x4110,where.exe,C:\Windows\System32\where.exe,Windows,<_='://../////'><><_='---'_='{----}'/><></><></><>,,,,,,,,0x3e7,,,A new process has been created,4688,XmlWinEventLog:Security,XmlWinEventLog,bbbbbsplunkes03,,,MMM,,ppppPWBADDC03$,,success,A new process has been created,failure,,,"execute
os
process
report
security
start
track_event_signatures
windows",,,,"execute
os
process
report
security
start
track_event_signatures
windows",,,ppppPWBADDC03$,-,,,,,Microsoft,,Microsoft Windows
,,,,,MMM,,,ppppPWBADDC03$,,,Security,,,,,,where  /Q repadmin,ppppPWBADDC03.mmm.hhh.ggg,,,,-,4688,<Data Name='SubjectUserSid'>NT AUTHORITY\SYSTEM</Data><Data Name='SubjectUserName'>ppppPWBADDC03$</Data><Data Name='SubjectDomainName'>MMM</Data><Data Name='SubjectLogonId'>0x3e7</Data><Data Name='NewProcessId'>0x3818</Data><Data Name='NewProcessName'>C:\Windows\System32\where.exe</Data><Data Name='TokenElevationType'>%%1936</Data><Data Name='ProcessId'>0x3e10</Data><Data Name='CommandLine'>where  /Q repadmin </Data><Data Name='TargetUserSid'>NULL SID</Data><Data Name='TargetUserName'>-</Data><Data Name='TargetDomainName'>-</Data><Data Name='TargetLogonId'>0x0</Data><Data Name='ParentProcessName'>C:\Windows\System32\cmd.exe</Data><Data Name='MandatoryLabel'>Mandatory Label\System Mandatory Level</Data>,4688.0,998792976,,,,,,,,,,,0x8020000000000000,0,,,,0x3e7,,Mandatory Label\System Mandatory Level,,,,,'Microsoft-Windows-Security-Auditing',0x3818,C:\Windows\System32\where.exe,,,,,,0,C:\Windows\System32\cmd.exe,,,,'4',0x3e10,,where  /Q repadmin,,998792976,,,,,,,MMM,0x3e7,ppppPWBADDC03$,NT AUTHORITY\SYSTEM,,'2026-05-18T21:09:35.7953823Z',<Provider Name='Microsoft-Windows-Security-Auditing' Guid='{54849625-5478-4994-a5ba-3e3b0328c30d}'/><EventID>4688</EventID><Version>2</Version><Level>0</Level><Task>13312</Task><Opcode>0</Opcode><Keywords>0x8020000000000000</Keywords><TimeCreated SystemTime='2026-05-18T21:09:35.7953823Z'/><EventRecordID>998792976</EventRecordID><Correlation/><Execution ProcessID='4' ThreadID='18252'/><Channel>Security</Channel><Computer>ppppPWBADDC03.mmm.hhh.ggg</Computer><Security/>,-,0x0,,,-,NULL SID,,,-,,-,13312,'18252',%%1936,%%1936,1936.0,,,,,2,,,,,2026-05-18T17:09:35.795-0400,allowed,win:unknown,,,,,ppppPWBADDC03.mmm.hhh.ggg,,ppppPWBADDC03.mmm.hhh.ggg,ppppPWBADDC03,998792976,endpoint_services_processes windows_endpoint_processes windows_event_signature windows_process_new wineventlog_security wineventlog_windows winsec,,,ppppPWBADDC03,998792976,occs-sss-windows,1,A new process has been created,C:\Windows\System32\where.exe,0x3818,where.exe,,,,,,,C:\Windows\System32\cmd.exe,0x3e10,cmd.exe,C:\Windows\System32\cmd.exe,C:\Windows\System32\where.exe /Q repadmin,/Q repadmin,where,where.exe,0x3818,where.exe,C:\Windows\System32\where.exe,Windows,<_='://../////'><><_='---'_='{----}'/><></><></><>,,,,,,,,0x3e7,,,A new process has been created,4688,XmlWinEventLog:Security,XmlWinEventLog,bbbbbsplunkes01,,,MMM,,ppppPWBADDC03$,,success,A new process has been created,failure,,,"execute
os
process
report
security
start
track_event_signatures
windows",,,,"execute
os
process
report
security
start
track_event_signatures
windows",,,ppppPWBADDC03$,-,,,,,Microsoft,,Microsoft Windows
,,,,,MMM,,,ppppPWBADDC03$,,,Security,,,,,,where  /Q repadmin,ppppPWBADDC03.mmm.hhh.ggg,,,,-,4688,<Data Name='SubjectUserSid'>NT AUTHORITY\SYSTEM</Data><Data Name='SubjectUserName'>ppppPWBADDC03$</Data><Data Name='SubjectDomainName'>MMM</Data><Data Name='SubjectLogonId'>0x3e7</Data><Data Name='NewProcessId'>0x2e8</Data><Data Name='NewProcessName'>C:\Windows\System32\where.exe</Data><Data Name='TokenElevationType'>%%1936</Data><Data Name='ProcessId'>0x3538</Data><Data Name='CommandLine'>where  /Q repadmin </Data><Data Name='TargetUserSid'>NULL SID</Data><Data Name='TargetUserName'>-</Data><Data Name='TargetDomainName'>-</Data><Data Name='TargetLogonId'>0x0</Data><Data Name='ParentProcessName'>C:\Windows\System32\cmd.exe</Data><Data Name='MandatoryLabel'>Mandatory Label\System Mandatory Level</Data>,4688.0,998787299,,,,,,,,,,,0x8020000000000000,0,,,,0x3e7,,Mandatory Label\System Mandatory Level,,,,,'Microsoft-Windows-Security-Auditing',0x2e8,C:\Windows\System32\where.exe,,,,,,0,C:\Windows\System32\cmd.exe,,,,'4',0x3538,,where  /Q repadmin,,998787299,,,,,,,MMM,0x3e7,ppppPWBADDC03$,NT AUTHORITY\SYSTEM,,'2026-05-18T21:04:33.4353523Z',<Provider Name='Microsoft-Windows-Security-Auditing' Guid='{54849625-5478-4994-a5ba-3e3b0328c30d}'/><EventID>4688</EventID><Version>2</Version><Level>0</Level><Task>13312</Task><Opcode>0</Opcode><Keywords>0x8020000000000000</Keywords><TimeCreated SystemTime='2026-05-18T21:04:33.4353523Z'/><EventRecordID>998787299</EventRecordID><Correlation/><Execution ProcessID='4' ThreadID='2956'/><Channel>Security</Channel><Computer>ppppPWBADDC03.mmm.hhh.ggg</Computer><Security/>,-,0x0,,,-,NULL SID,,,-,,-,13312,'2956',%%1936,%%1936,1936.0,,,,,2,,,,,2026-05-18T17:04:33.435-0400,allowed,win:unknown,,,,,ppppPWBADDC03.mmm.hhh.ggg,,ppppPWBADDC03.mmm.hhh.ggg,ppppPWBADDC03,998787299,endpoint_services_processes windows_endpoint_processes windows_event_signature windows_process_new wineventlog_security wineventlog_windows winsec,,,ppppPWBADDC03,998787299,occs-sss-windows,1,A new process has been created,C:\Windows\System32\where.exe,0x2e8,where.exe,,,,,,,C:\Windows\System32\cmd.exe,0x3538,cmd.exe,C:\Windows\System32\cmd.exe,C:\Windows\System32\where.exe /Q repadmin,/Q repadmin,where,where.exe,0x2e8,where.exe,C:\Windows\System32\where.exe,Windows,<_='://../////'><><_='---'_='{----}'/><></><></><>,,,,,,,,0x3e7,,,A new process has been created,4688,XmlWinEventLog:Security,XmlWinEventLog,bbbbbsplunkes03,,,MMM,,ppppPWBADDC03$,,success,A new process has been created,failure,,,"execute
os
process
report
security
start
track_event_signatures
windows",,,,"execute
os
process
report
security
start
track_event_signatures
windows",,,ppppPWBADDC03$,-,,,,,Microsoft,,Microsoft Windows
,,,,,MMM,,,ppppPWBADDC03$,,,Security,,,,,,where  /Q repadmin,ppppPWBADDC03.mmm.hhh.ggg,,,,-,4688,<Data Name='SubjectUserSid'>NT AUTHORITY\SYSTEM</Data><Data Name='SubjectUserName'>ppppPWBADDC03$</Data><Data Name='SubjectDomainName'>MMM</Data><Data Name='SubjectLogonId'>0x3e7</Data><Data Name='NewProcessId'>0x3710</Data><Data Name='NewProcessName'>C:\Windows\System32\where.exe</Data><Data Name='TokenElevationType'>%%1936</Data><Data Name='ProcessId'>0x2ae4</Data><Data Name='CommandLine'>where  /Q repadmin </Data><Data Name='TargetUserSid'>NULL SID</Data><Data Name='TargetUserName'>-</Data><Data Name='TargetDomainName'>-</Data><Data Name='TargetLogonId'>0x0</Data><Data Name='ParentProcessName'>C:\Windows\System32\cmd.exe</Data><Data Name='MandatoryLabel'>Mandatory Label\System Mandatory Level</Data>,4688.0,998780684,,,,,,,,,,,0x8020000000000000,0,,,,0x3e7,,Mandatory Label\System Mandatory Level,,,,,'Microsoft-Windows-Security-Auditing',0x3710,C:\Windows\System32\where.exe,,,,,,0,C:\Windows\System32\cmd.exe,,,,'4',0x2ae4,,where  /Q repadmin,,998780684,,,,,,,MMM,0x3e7,ppppPWBADDC03$,NT AUTHORITY\SYSTEM,,'2026-05-18T20:59:31.0698229Z',<Provider Name='Microsoft-Windows-Security-Auditing' Guid='{54849625-5478-4994-a5ba-3e3b0328c30d}'/><EventID>4688</EventID><Version>2</Version><Level>0</Level><Task>13312</Task><Opcode>0</Opcode><Keywords>0x8020000000000000</Keywords><TimeCreated SystemTime='2026-05-18T20:59:31.0698229Z'/><EventRecordID>998780684</EventRecordID><Correlation/><Execution ProcessID='4' ThreadID='16784'/><Channel>Security</Channel><Computer>ppppPWBADDC03.mmm.hhh.ggg</Computer><Security/>,-,0x0,,,-,NULL SID,,,-,,-,13312,'16784',%%1936,%%1936,1936.0,,,,,2,,,,,2026-05-18T16:59:31.069-0400,allowed,win:unknown,,,,,ppppPWBADDC03.mmm.hhh.ggg,,ppppPWBADDC03.mmm.hhh.ggg,ppppPWBADDC03,998780684,endpoint_services_processes windows_endpoint_processes windows_event_signature windows_process_new wineventlog_security wineventlog_windows winsec,,,ppppPWBADDC03,998780684,occs-sss-windows,1,A new process has been created,C:\Windows\System32\where.exe,0x3710,where.exe,,,,,,,C:\Windows\System32\cmd.exe,0x2ae4,cmd.exe,C:\Windows\System32\cmd.exe,C:\Windows\System32\where.exe /Q repadmin,/Q repadmin,where,where.exe,0x3710,where.exe,C:\Windows\System32\where.exe,Windows,<_='://../////'><><_='---'_='{----}'/><></><></><>,,,,,,,,0x3e7,,,A new process has been created,4688,XmlWinEventLog:Security,XmlWinEventLog,bbbbbsplunkes02,,,MMM,,ppppPWBADDC03$,,success,A new process has been created,failure,,,"execute
os
process
report
security
start
track_event_signatures
windows",,,,"execute
os
process
report
security
start
track_event_signatures
windows",,,ppppPWBADDC03$,-,,,,,Microsoft,,Microsoft Windows
,,,,,MMM,,,ppppPWBADDC03$,,,Security,,,,,,where  /Q repadmin,ppppPWBADDC03.mmm.hhh.ggg,,,,-,4688,<Data Name='SubjectUserSid'>NT AUTHORITY\SYSTEM</Data><Data Name='SubjectUserName'>ppppPWBADDC03$</Data><Data Name='SubjectDomainName'>MMM</Data><Data Name='SubjectLogonId'>0x3e7</Data><Data Name='NewProcessId'>0x3f88</Data><Data Name='NewProcessName'>C:\Windows\System32\where.exe</Data><Data Name='TokenElevationType'>%%1936</Data><Data Name='ProcessId'>0x4668</Data><Data Name='CommandLine'>where  /Q repadmin </Data><Data Name='TargetUserSid'>NULL SID</Data><Data Name='TargetUserName'>-</Data><Data Name='TargetDomainName'>-</Data><Data Name='TargetLogonId'>0x0</Data><Data Name='ParentProcessName'>C:\Windows\System32\cmd.exe</Data><Data Name='MandatoryLabel'>Mandatory Label\System Mandatory Level</Data>,4688.0,998775471,,,,,,,,,,,0x8020000000000000,0,,,,0x3e7,,Mandatory Label\System Mandatory Level,,,,,'Microsoft-Windows-Security-Auditing',0x3f88,C:\Windows\System32\where.exe,,,,,,0,C:\Windows\System32\cmd.exe,,,,'4',0x4668,,where  /Q repadmin,,998775471,,,,,,,MMM,0x3e7,ppppPWBADDC03$,NT AUTHORITY\SYSTEM,,'2026-05-18T20:54:28.6897829Z',<Provider Name='Microsoft-Windows-Security-Auditing' Guid='{54849625-5478-4994-a5ba-3e3b0328c30d}'/><EventID>4688</EventID><Version>2</Version><Level>0</Level><Task>13312</Task><Opcode>0</Opcode><Keywords>0x8020000000000000</Keywords><TimeCreated SystemTime='2026-05-18T20:54:28.6897829Z'/><EventRecordID>998775471</EventRecordID><Correlation/><Execution ProcessID='4' ThreadID='9372'/><Channel>Security</Channel><Computer>ppppPWBADDC03.mmm.hhh.ggg</Computer><Security/>,-,0x0,,,-,NULL SID,,,-,,-,13312,'9372',%%1936,%%1936,1936.0,,,,,2,,,,,2026-05-18T16:54:28.689-0400,allowed,win:unknown,,,,,ppppPWBADDC03.mmm.hhh.ggg,,ppppPWBADDC03.mmm.hhh.ggg,ppppPWBADDC03,998775471,endpoint_services_processes windows_endpoint_processes windows_event_signature windows_process_new wineventlog_security wineventlog_windows winsec,,,ppppPWBADDC03,998775471,occs-sss-windows,1,A new process has been created,C:\Windows\System32\where.exe,0x3f88,where.exe,,,,,,,C:\Windows\System32\cmd.exe,0x4668,cmd.exe,C:\Windows\System32\cmd.exe,C:\Windows\System32\where.exe /Q repadmin,/Q repadmin,where,where.exe,0x3f88,where.exe,C:\Windows\System32\where.exe,Windows,<_='://../////'><><_='---'_='{----}'/><></><></><>,,,,,,,,0x3e7,,,A new process has been created,4688,XmlWinEventLog:Security,XmlWinEventLog,bbbbbsplunkes01,,,MMM,,ppppPWBADDC03$,,success,A new process has been created,failure,,,"execute
os
process
report
security
start
track_event_signatures
windows",,,,"execute
os
process
report
security
start
track_event_signatures
windows",,,ppppPWBADDC03$,-,,,,,Microsoft,,Microsoft Windows
,,,,,MMM,,,ppppPWBADDC03$,,,Security,,,,,,where  /Q repadmin,ppppPWBADDC03.mmm.hhh.ggg,,,,-,4688,<Data Name='SubjectUserSid'>NT AUTHORITY\SYSTEM</Data><Data Name='SubjectUserName'>ppppPWBADDC03$</Data><Data Name='SubjectDomainName'>MMM</Data><Data Name='SubjectLogonId'>0x3e7</Data><Data Name='NewProcessId'>0x2668</Data><Data Name='NewProcessName'>C:\Windows\System32\where.exe</Data><Data Name='TokenElevationType'>%%1936</Data><Data Name='ProcessId'>0x3740</Data><Data Name='CommandLine'>where  /Q repadmin </Data><Data Name='TargetUserSid'>NULL SID</Data><Data Name='TargetUserName'>-</Data><Data Name='TargetDomainName'>-</Data><Data Name='TargetLogonId'>0x0</Data><Data Name='ParentProcessName'>C:\Windows\System32\cmd.exe</Data><Data Name='MandatoryLabel'>Mandatory Label\System Mandatory Level</Data>,4688.0,998770082,,,,,,,,,,,0x8020000000000000,0,,,,0x3e7,,Mandatory Label\System Mandatory Level,,,,,'Microsoft-Windows-Security-Auditing',0x2668,C:\Windows\System32\where.exe,,,,,,0,C:\Windows\System32\cmd.exe,,,,'4',0x3740,,where  /Q repadmin,,998770082,,,,,,,MMM,0x3e7,ppppPWBADDC03$,NT AUTHORITY\SYSTEM,,'2026-05-18T20:49:25.6442942Z',<Provider Name='Microsoft-Windows-Security-Auditing' Guid='{54849625-5478-4994-a5ba-3e3b0328c30d}'/><EventID>4688</EventID><Version>2</Version><Level>0</Level><Task>13312</Task><Opcode>0</Opcode><Keywords>0x8020000000000000</Keywords><TimeCreated SystemTime='2026-05-18T20:49:25.6442942Z'/><EventRecordID>998770082</EventRecordID><Correlation/><Execution ProcessID='4' ThreadID='14180'/><Channel>Security</Channel><Computer>ppppPWBADDC03.mmm.hhh.ggg</Computer><Security/>,-,0x0,,,-,NULL SID,,,-,,-,13312,'14180',%%1936,%%1936,1936.0,,,,,2,,,,,2026-05-18T16:49:25.644-0400,allowed,win:unknown,,,,,ppppPWBADDC03.mmm.hhh.ggg,,ppppPWBADDC03.mmm.hhh.ggg,ppppPWBADDC03,998770082,endpoint_services_processes windows_endpoint_processes windows_event_signature windows_process_new wineventlog_security wineventlog_windows winsec,,,ppppPWBADDC03,998770082,occs-sss-windows,1,A new process has been created,C:\Windows\System32\where.exe,0x2668,where.exe,,,,,,,C:\Windows\System32\cmd.exe,0x3740,cmd.exe,C:\Windows\System32\cmd.exe,C:\Windows\System32\where.exe /Q repadmin,/Q repadmin,where,where.exe,0x2668,where.exe,C:\Windows\System32\where.exe,Windows,<_='://../////'><><_='---'_='{----}'/><></><></><>,,,,,,,,0x3e7,,,A new process has been created,4688,XmlWinEventLog:Security,XmlWinEventLog,bbbbbsplunkes01,,,MMM,,ppppPWBADDC03$,,success,A new process has been created,failure,,,"execute
os
process
report
security
start
track_event_signatures
windows",,,,"execute
os
process
report
security
start
track_event_signatures
windows",,,ppppPWBADDC03$,-,,,,,Microsoft,,Microsoft Windows
,,,,,MMM,,,ppppPWBADDC03$,,,Security,,,,,,where  /Q repadmin,ppppPWBADDC03.mmm.hhh.ggg,,,,-,4688,<Data Name='SubjectUserSid'>NT AUTHORITY\SYSTEM</Data><Data Name='SubjectUserName'>ppppPWBADDC03$</Data><Data Name='SubjectDomainName'>MMM</Data><Data Name='SubjectLogonId'>0x3e7</Data><Data Name='NewProcessId'>0x2f40</Data><Data Name='NewProcessName'>C:\Windows\System32\where.exe</Data><Data Name='TokenElevationType'>%%1936</Data><Data Name='ProcessId'>0x3ae4</Data><Data Name='CommandLine'>where  /Q repadmin </Data><Data Name='TargetUserSid'>NULL SID</Data><Data Name='TargetUserName'>-</Data><Data Name='TargetDomainName'>-</Data><Data Name='TargetLogonId'>0x0</Data><Data Name='ParentProcessName'>C:\Windows\System32\cmd.exe</Data><Data Name='MandatoryLabel'>Mandatory Label\System Mandatory Level</Data>,4688.0,998764774,,,,,,,,,,,0x8020000000000000,0,,,,0x3e7,,Mandatory Label\System Mandatory Level,,,,,'Microsoft-Windows-Security-Auditing',0x2f40,C:\Windows\System32\where.exe,,,,,,0,C:\Windows\System32\cmd.exe,,,,'4',0x3ae4,,where  /Q repadmin,,998764774,,,,,,,MMM,0x3e7,ppppPWBADDC03$,NT AUTHORITY\SYSTEM,,'2026-05-18T20:44:23.2257867Z',<Provider Name='Microsoft-Windows-Security-Auditing' Guid='{54849625-5478-4994-a5ba-3e3b0328c30d}'/><EventID>4688</EventID><Version>2</Version><Level>0</Level><Task>13312</Task><Opcode>0</Opcode><Keywords>0x8020000000000000</Keywords><TimeCreated SystemTime='2026-05-18T20:44:23.2257867Z'/><EventRecordID>998764774</EventRecordID><Correlation/><Execution ProcessID='4' ThreadID='4840'/><Channel>Security</Channel><Computer>ppppPWBADDC03.mmm.hhh.ggg</Computer><Security/>,-,0x0,,,-,NULL SID,,,-,,-,13312,'4840',%%1936,%%1936,1936.0,,,,,2,,,,,2026-05-18T16:44:23.225-0400,allowed,win:unknown,,,,,ppppPWBADDC03.mmm.hhh.ggg,,ppppPWBADDC03.mmm.hhh.ggg,ppppPWBADDC03,998764774,endpoint_services_processes windows_endpoint_processes windows_event_signature windows_process_new wineventlog_security wineventlog_windows winsec,,,ppppPWBADDC03,998764774,occs-sss-windows,1,A new process has been created,C:\Windows\System32\where.exe,0x2f40,where.exe,,,,,,,C:\Windows\System32\cmd.exe,0x3ae4,cmd.exe,C:\Windows\System32\cmd.exe,C:\Windows\System32\where.exe /Q repadmin,/Q repadmin,where,where.exe,0x2f40,where.exe,C:\Windows\System32\where.exe,Windows,<_='://../////'><><_='---'_='{----}'/><></><></><>,,,,,,,,0x3e7,,,A new process has been created,4688,XmlWinEventLog:Security,XmlWinEventLog,bbbbbsplunkes03,,,MMM,,ppppPWBADDC03$,,success,A new process has been created,failure,,,"execute
os
process
report
security
start
track_event_signatures
windows",,,,"execute
os
process
report
security
start
track_event_signatures
windows",,,ppppPWBADDC03$,-,,,,,Microsoft,,Microsoft Windows
,,,,,MMM,,,ppppPWBADDC03$,,,Security,,,,,,where  /Q repadmin,ppppPWBADDC03.mmm.hhh.ggg,,,,-,4688,<Data Name='SubjectUserSid'>NT AUTHORITY\SYSTEM</Data><Data Name='SubjectUserName'>ppppPWBADDC03$</Data><Data Name='SubjectDomainName'>MMM</Data><Data Name='SubjectLogonId'>0x3e7</Data><Data Name='NewProcessId'>0x3e08</Data><Data Name='NewProcessName'>C:\Windows\System32\where.exe</Data><Data Name='TokenElevationType'>%%1936</Data><Data Name='ProcessId'>0x4240</Data><Data Name='CommandLine'>where  /Q repadmin </Data><Data Name='TargetUserSid'>NULL SID</Data><Data Name='TargetUserName'>-</Data><Data Name='TargetDomainName'>-</Data><Data Name='TargetLogonId'>0x0</Data><Data Name='ParentProcessName'>C:\Windows\System32\cmd.exe</Data><Data Name='MandatoryLabel'>Mandatory Label\System Mandatory Level</Data>,4688.0,998759194,,,,,,,,,,,0x8020000000000000,0,,,,0x3e7,,Mandatory Label\System Mandatory Level,,,,,'Microsoft-Windows-Security-Auditing',0x3e08,C:\Windows\System32\where.exe,,,,,,0,C:\Windows\System32\cmd.exe,,,,'4',0x4240,,where  /Q repadmin,,998759194,,,,,,,MMM,0x3e7,ppppPWBADDC03$,NT AUTHORITY\SYSTEM,,'2026-05-18T20:39:20.8184356Z',<Provider Name='Microsoft-Windows-Security-Auditing' Guid='{54849625-5478-4994-a5ba-3e3b0328c30d}'/><EventID>4688</EventID><Version>2</Version><Level>0</Level><Task>13312</Task><Opcode>0</Opcode><Keywords>0x8020000000000000</Keywords><TimeCreated SystemTime='2026-05-18T20:39:20.8184356Z'/><EventRecordID>998759194</EventRecordID><Correlation/><Execution ProcessID='4' ThreadID='16268'/><Channel>Security</Channel><Computer>ppppPWBADDC03.mmm.hhh.ggg</Computer><Security/>,-,0x0,,,-,NULL SID,,,-,,-,13312,'16268',%%1936,%%1936,1936.0,,,,,2,,,,,2026-05-18T16:39:20.818-0400,allowed,win:unknown,,,,,ppppPWBADDC03.mmm.hhh.ggg,,ppppPWBADDC03.mmm.hhh.ggg,ppppPWBADDC03,998759194,endpoint_services_processes windows_endpoint_processes windows_event_signature windows_process_new wineventlog_security wineventlog_windows winsec,,,ppppPWBADDC03,998759194,occs-sss-windows,1,A new process has been created,C:\Windows\System32\where.exe,0x3e08,where.exe,,,,,,,C:\Windows\System32\cmd.exe,0x4240,cmd.exe,C:\Windows\System32\cmd.exe,C:\Windows\System32\where.exe /Q repadmin,/Q repadmin,where,where.exe,0x3e08,where.exe,C:\Windows\System32\where.exe,Windows,<_='://../////'><><_='---'_='{----}'/><></><></><>,,,,,,,,0x3e7,,,A new process has been created,4688,XmlWinEventLog:Security,XmlWinEventLog,bbbbbsplunkes03,,,MMM,,ppppPWBADDC03$,,success,A new process has been created,failure,,,"execute
os
process
report
security
start
track_event_signatures
windows",,,,"execute
os
process
report
security
start
track_event_signatures
windows",,,ppppPWBADDC03$,-,,,,,Microsoft,,Microsoft Windows
,,,,,MMM,,,ppppPWBADDC03$,,,Security,,,,,,where  /Q repadmin,ppppPWBADDC03.mmm.hhh.ggg,,,,-,4688,<Data Name='SubjectUserSid'>NT AUTHORITY\SYSTEM</Data><Data Name='SubjectUserName'>ppppPWBADDC03$</Data><Data Name='SubjectDomainName'>MMM</Data><Data Name='SubjectLogonId'>0x3e7</Data><Data Name='NewProcessId'>0x3a0c</Data><Data Name='NewProcessName'>C:\Windows\System32\where.exe</Data><Data Name='TokenElevationType'>%%1936</Data><Data Name='ProcessId'>0x372c</Data><Data Name='CommandLine'>where  /Q repadmin </Data><Data Name='TargetUserSid'>NULL SID</Data><Data Name='TargetUserName'>-</Data><Data Name='TargetDomainName'>-</Data><Data Name='TargetLogonId'>0x0</Data><Data Name='ParentProcessName'>C:\Windows\System32\cmd.exe</Data><Data Name='MandatoryLabel'>Mandatory Label\System Mandatory Level</Data>,4688.0,998753551,,,,,,,,,,,0x8020000000000000,0,,,,0x3e7,,Mandatory Label\System Mandatory Level,,,,,'Microsoft-Windows-Security-Auditing',0x3a0c,C:\Windows\System32\where.exe,,,,,,0,C:\Windows\System32\cmd.exe,,,,'4',0x372c,,where  /Q repadmin,,998753551,,,,,,,MMM,0x3e7,ppppPWBADDC03$,NT AUTHORITY\SYSTEM,,'2026-05-18T20:34:18.4153456Z',<Provider Name='Microsoft-Windows-Security-Auditing' Guid='{54849625-5478-4994-a5ba-3e3b0328c30d}'/><EventID>4688</EventID><Version>2</Version><Level>0</Level><Task>13312</Task><Opcode>0</Opcode><Keywords>0x8020000000000000</Keywords><TimeCreated SystemTime='2026-05-18T20:34:18.4153456Z'/><EventRecordID>998753551</EventRecordID><Correlation/><Execution ProcessID='4' ThreadID='10088'/><Channel>Security</Channel><Computer>ppppPWBADDC03.mmm.hhh.ggg</Computer><Security/>,-,0x0,,,-,NULL SID,,,-,,-,13312,'10088',%%1936,%%1936,1936.0,,,,,2,,,,,2026-05-18T16:34:18.415-0400,allowed,win:unknown,,,,,ppppPWBADDC03.mmm.hhh.ggg,,ppppPWBADDC03.mmm.hhh.ggg,ppppPWBADDC03,998753551,endpoint_services_processes windows_endpoint_processes windows_event_signature windows_process_new wineventlog_security wineventlog_windows winsec,,,ppppPWBADDC03,998753551,occs-sss-windows,1,A new process has been created,C:\Windows\System32\where.exe,0x3a0c,where.exe,,,,,,,C:\Windows\System32\cmd.exe,0x372c,cmd.exe,C:\Windows\System32\cmd.exe,C:\Windows\System32\where.exe /Q repadmin,/Q repadmin,where,where.exe,0x3a0c,where.exe,C:\Windows\System32\where.exe,Windows,<_='://../////'><><_='---'_='{----}'/><></><></><>,,,,,,,,0x3e7,,,A new process has been created,4688,XmlWinEventLog:Security,XmlWinEventLog,bbbbbsplunkes02,,,MMM,,ppppPWBADDC03$,,success,A new process has been created,failure,,,"execute
os
process
report
security
start
track_event_signatures
windows",,,,"execute
os
process
report
security
start
track_event_signatures
windows",,,ppppPWBADDC03$,-,,,,,Microsoft,,Microsoft Windows
,,,,,MMM,,,ppppPWBADDC03$,,,Security,,,,,,where  /Q repadmin,ppppPWBADDC03.mmm.hhh.ggg,,,,-,4688,<Data Name='SubjectUserSid'>NT AUTHORITY\SYSTEM</Data><Data Name='SubjectUserName'>ppppPWBADDC03$</Data><Data Name='SubjectDomainName'>MMM</Data><Data Name='SubjectLogonId'>0x3e7</Data><Data Name='NewProcessId'>0x424</Data><Data Name='NewProcessName'>C:\Windows\System32\where.exe</Data><Data Name='TokenElevationType'>%%1936</Data><Data Name='ProcessId'>0x3fa4</Data><Data Name='CommandLine'>where  /Q repadmin </Data><Data Name='TargetUserSid'>NULL SID</Data><Data Name='TargetUserName'>-</Data><Data Name='TargetDomainName'>-</Data><Data Name='TargetLogonId'>0x0</Data><Data Name='ParentProcessName'>C:\Windows\System32\cmd.exe</Data><Data Name='MandatoryLabel'>Mandatory Label\System Mandatory Level</Data>,4688.0,998746583,,,,,,,,,,,0x8020000000000000,0,,,,0x3e7,,Mandatory Label\System Mandatory Level,,,,,'Microsoft-Windows-Security-Auditing',0x424,C:\Windows\System32\where.exe,,,,,,0,C:\Windows\System32\cmd.exe,,,,'4',0x3fa4,,where  /Q repadmin,,998746583,,,,,,,MMM,0x3e7,ppppPWBADDC03$,NT AUTHORITY\SYSTEM,,'2026-05-18T20:29:15.3632918Z',<Provider Name='Microsoft-Windows-Security-Auditing' Guid='{54849625-5478-4994-a5ba-3e3b0328c30d}'/><EventID>4688</EventID><Version>2</Version><Level>0</Level><Task>13312</Task><Opcode>0</Opcode><Keywords>0x8020000000000000</Keywords><TimeCreated SystemTime='2026-05-18T20:29:15.3632918Z'/><EventRecordID>998746583</EventRecordID><Correlation/><Execution ProcessID='4' ThreadID='16200'/><Channel>Security</Channel><Computer>ppppPWBADDC03.mmm.hhh.ggg</Computer><Security/>,-,0x0,,,-,NULL SID,,,-,,-,13312,'16200',%%1936,%%1936,1936.0,,,,,2,,,,,2026-05-18T16:29:15.363-0400,allowed,win:unknown,,,,,ppppPWBADDC03.mmm.hhh.ggg,,ppppPWBADDC03.mmm.hhh.ggg,ppppPWBADDC03,998746583,endpoint_services_processes windows_endpoint_processes windows_event_signature windows_process_new wineventlog_security wineventlog_windows winsec,,,ppppPWBADDC03,998746583,occs-sss-windows,1,A new process has been created,C:\Windows\System32\where.exe,0x424,where.exe,,,,,,,C:\Windows\System32\cmd.exe,0x3fa4,cmd.exe,C:\Windows\System32\cmd.exe,C:\Windows\System32\where.exe /Q repadmin,/Q repadmin,where,where.exe,0x424,where.exe,C:\Windows\System32\where.exe,Windows,<_='://../////'><><_='---'_='{----}'/><></><></><>,,,,,,,,0x3e7,,,A new process has been created,4688,XmlWinEventLog:Security,XmlWinEventLog,bbbbbsplunkes01,,,MMM,,ppppPWBADDC03$,,success,A new process has been created,failure,,,"execute
os
process
report
security
start
track_event_signatures
windows",,,,"execute
os
process
report
security
start
track_event_signatures
windows",,,ppppPWBADDC03$,-,,,,,Microsoft,,Microsoft Windows
,,,,,MMM,,,ppppPWBADDC03$,,,Security,,,,,,where  /Q repadmin,ppppPWBADDC03.mmm.hhh.ggg,,,,-,4688,<Data Name='SubjectUserSid'>NT AUTHORITY\SYSTEM</Data><Data Name='SubjectUserName'>ppppPWBADDC03$</Data><Data Name='SubjectDomainName'>MMM</Data><Data Name='SubjectLogonId'>0x3e7</Data><Data Name='NewProcessId'>0x3e20</Data><Data Name='NewProcessName'>C:\Windows\System32\where.exe</Data><Data Name='TokenElevationType'>%%1936</Data><Data Name='ProcessId'>0x36cc</Data><Data Name='CommandLine'>where  /Q repadmin </Data><Data Name='TargetUserSid'>NULL SID</Data><Data Name='TargetUserName'>-</Data><Data Name='TargetDomainName'>-</Data><Data Name='TargetLogonId'>0x0</Data><Data Name='ParentProcessName'>C:\Windows\System32\cmd.exe</Data><Data Name='MandatoryLabel'>Mandatory Label\System Mandatory Level</Data>,4688.0,998740416,,,,,,,,,,,0x8020000000000000,0,,,,0x3e7,,Mandatory Label\System Mandatory Level,,,,,'Microsoft-Windows-Security-Auditing',0x3e20,C:\Windows\System32\where.exe,,,,,,0,C:\Windows\System32\cmd.exe,,,,'4',0x36cc,,where  /Q repadmin,,998740416,,,,,,,MMM,0x3e7,ppppPWBADDC03$,NT AUTHORITY\SYSTEM,,'2026-05-18T20:24:13.0016097Z',<Provider Name='Microsoft-Windows-Security-Auditing' Guid='{54849625-5478-4994-a5ba-3e3b0328c30d}'/><EventID>4688</EventID><Version>2</Version><Level>0</Level><Task>13312</Task><Opcode>0</Opcode><Keywords>0x8020000000000000</Keywords><TimeCreated SystemTime='2026-05-18T20:24:13.0016097Z'/><EventRecordID>998740416</EventRecordID><Correlation/><Execution ProcessID='4' ThreadID='14180'/><Channel>Security</Channel><Computer>ppppPWBADDC03.mmm.hhh.ggg</Computer><Security/>,-,0x0,,,-,NULL SID,,,-,,-,13312,'14180',%%1936,%%1936,1936.0,,,,,2,,,,,2026-05-18T16:24:13.001-0400,allowed,win:unknown,,,,,ppppPWBADDC03.mmm.hhh.ggg,,ppppPWBADDC03.mmm.hhh.ggg,ppppPWBADDC03,998740416,endpoint_services_processes windows_endpoint_processes windows_event_signature windows_process_new wineventlog_security wineventlog_windows winsec,,,ppppPWBADDC03,998740416,occs-sss-windows,1,A new process has been created,C:\Windows\System32\where.exe,0x3e20,where.exe,,,,,,,C:\Windows\System32\cmd.exe,0x36cc,cmd.exe,C:\Windows\System32\cmd.exe,C:\Windows\System32\where.exe /Q repadmin,/Q repadmin,where,where.exe,0x3e20,where.exe,C:\Windows\System32\where.exe,Windows,<_='://../////'><><_='---'_='{----}'/><></><></><>,,,,,,,,0x3e7,,,A new process has been created,4688,XmlWinEventLog:Security,XmlWinEventLog,bbbbbsplunkes01,,,MMM,,ppppPWBADDC03$,,success,A new process has been created,failure,,,"execute
os
process
report
security
start
track_event_signatures
windows",,,,"execute
os
process
report
security
start
track_event_signatures
windows",,,ppppPWBADDC03$,-,,,,,Microsoft,,Microsoft Windows
,,,,,MMM,,,ppppPWBADDC03$,,,Security,,,,,,where  /Q repadmin,ppppPWBADDC03.mmm.hhh.ggg,,,,-,4688,<Data Name='SubjectUserSid'>NT AUTHORITY\SYSTEM</Data><Data Name='SubjectUserName'>ppppPWBADDC03$</Data><Data Name='SubjectDomainName'>MMM</Data><Data Name='SubjectLogonId'>0x3e7</Data><Data Name='NewProcessId'>0x2b34</Data><Data Name='NewProcessName'>C:\Windows\System32\where.exe</Data><Data Name='TokenElevationType'>%%1936</Data><Data Name='ProcessId'>0x104c</Data><Data Name='CommandLine'>where  /Q repadmin </Data><Data Name='TargetUserSid'>NULL SID</Data><Data Name='TargetUserName'>-</Data><Data Name='TargetDomainName'>-</Data><Data Name='TargetLogonId'>0x0</Data><Data Name='ParentProcessName'>C:\Windows\System32\cmd.exe</Data><Data Name='MandatoryLabel'>Mandatory Label\System Mandatory Level</Data>,4688.0,998734735,,,,,,,,,,,0x8020000000000000,0,,,,0x3e7,,Mandatory Label\System Mandatory Level,,,,,'Microsoft-Windows-Security-Auditing',0x2b34,C:\Windows\System32\where.exe,,,,,,0,C:\Windows\System32\cmd.exe,,,,'4',0x104c,,where  /Q repadmin,,998734735,,,,,,,MMM,0x3e7,ppppPWBADDC03$,NT AUTHORITY\SYSTEM,,'2026-05-18T20:19:10.6273242Z',<Provider Name='Microsoft-Windows-Security-Auditing' Guid='{54849625-5478-4994-a5ba-3e3b0328c30d}'/><EventID>4688</EventID><Version>2</Version><Level>0</Level><Task>13312</Task><Opcode>0</Opcode><Keywords>0x8020000000000000</Keywords><TimeCreated SystemTime='2026-05-18T20:19:10.6273242Z'/><EventRecordID>998734735</EventRecordID><Correlation/><Execution ProcessID='4' ThreadID='10916'/><Channel>Security</Channel><Computer>ppppPWBADDC03.mmm.hhh.ggg</Computer><Security/>,-,0x0,,,-,NULL SID,,,-,,-,13312,'10916',%%1936,%%1936,1936.0,,,,,2,,,,,2026-05-18T16:19:10.627-0400,allowed,win:unknown,,,,,ppppPWBADDC03.mmm.hhh.ggg,,ppppPWBADDC03.mmm.hhh.ggg,ppppPWBADDC03,998734735,endpoint_services_processes windows_endpoint_processes windows_event_signature windows_process_new wineventlog_security wineventlog_windows winsec,,,ppppPWBADDC03,998734735,occs-sss-windows,1,A new process has been created,C:\Windows\System32\where.exe,0x2b34,where.exe,,,,,,,C:\Windows\System32\cmd.exe,0x104c,cmd.exe,C:\Windows\System32\cmd.exe,C:\Windows\System32\where.exe /Q repadmin,/Q repadmin,where,where.exe,0x2b34,where.exe,C:\Windows\System32\where.exe,Windows,<_='://../////'><><_='---'_='{----}'/><></><></><>,,,,,,,,0x3e7,,,A new process has been created,4688,XmlWinEventLog:Security,XmlWinEventLog,bbbbbsplunkes01,,,MMM,,ppppPWBADDC03$,,success,A new process has been created,failure,,,"execute
os
process
report
security
start
track_event_signatures
windows",,,,"execute
os
process
report
security
start
track_event_signatures
windows",,,ppppPWBADDC03$,-,,,,,Microsoft,,Microsoft Windows
,,,,,MMM,,,ppppPWBADDC03$,,,Security,,,,,,where  /Q repadmin,ppppPWBADDC03.mmm.hhh.ggg,,,,-,4688,<Data Name='SubjectUserSid'>NT AUTHORITY\SYSTEM</Data><Data Name='SubjectUserName'>ppppPWBADDC03$</Data><Data Name='SubjectDomainName'>MMM</Data><Data Name='SubjectLogonId'>0x3e7</Data><Data Name='NewProcessId'>0x2ce0</Data><Data Name='NewProcessName'>C:\Windows\System32\where.exe</Data><Data Name='TokenElevationType'>%%1936</Data><Data Name='ProcessId'>0x16dc</Data><Data Name='CommandLine'>where  /Q repadmin </Data><Data Name='TargetUserSid'>NULL SID</Data><Data Name='TargetUserName'>-</Data><Data Name='TargetDomainName'>-</Data><Data Name='TargetLogonId'>0x0</Data><Data Name='ParentProcessName'>C:\Windows\System32\cmd.exe</Data><Data Name='MandatoryLabel'>Mandatory Label\System Mandatory Level</Data>,4688.0,998727652,,,,,,,,,,,0x8020000000000000,0,,,,0x3e7,,Mandatory Label\System Mandatory Level,,,,,'Microsoft-Windows-Security-Auditing',0x2ce0,C:\Windows\System32\where.exe,,,,,,0,C:\Windows\System32\cmd.exe,,,,'4',0x16dc,,where  /Q repadmin,,998727652,,,,,,,MMM,0x3e7,ppppPWBADDC03$,NT AUTHORITY\SYSTEM,,'2026-05-18T20:14:08.2938009Z',<Provider Name='Microsoft-Windows-Security-Auditing' Guid='{54849625-5478-4994-a5ba-3e3b0328c30d}'/><EventID>4688</EventID><Version>2</Version><Level>0</Level><Task>13312</Task><Opcode>0</Opcode><Keywords>0x8020000000000000</Keywords><TimeCreated SystemTime='2026-05-18T20:14:08.2938009Z'/><EventRecordID>998727652</EventRecordID><Correlation/><Execution ProcessID='4' ThreadID='15244'/><Channel>Security</Channel><Computer>ppppPWBADDC03.mmm.hhh.ggg</Computer><Security/>,-,0x0,,,-,NULL SID,,,-,,-,13312,'15244',%%1936,%%1936,1936.0,,,,,2,,,,,2026-05-18T16:14:08.293-0400,allowed,win:unknown,,,,,ppppPWBADDC03.mmm.hhh.ggg,,ppppPWBADDC03.mmm.hhh.ggg,ppppPWBADDC03,998727652,endpoint_services_processes windows_endpoint_processes windows_event_signature windows_process_new wineventlog_security wineventlog_windows winsec,,,ppppPWBADDC03,998727652,occs-sss-windows,1,A new process has been created,C:\Windows\System32\where.exe,0x2ce0,where.exe,,,,,,,C:\Windows\System32\cmd.exe,0x16dc,cmd.exe,C:\Windows\System32\cmd.exe,C:\Windows\System32\where.exe /Q repadmin,/Q repadmin,where,where.exe,0x2ce0,where.exe,C:\Windows\System32\where.exe,Windows,<_='://../////'><><_='---'_='{----}'/><></><></><>,,,,,,,,0x3e7,,,A new process has been created,4688,XmlWinEventLog:Security,XmlWinEventLog,bbbbbsplunkes01,,,MMM,,ppppPWBADDC03$,,success,A new process has been created,failure,,,"execute
os
process
report
security
start
track_event_signatures
windows",,,,"execute
os
process
report
security
start
track_event_signatures
windows",,,ppppPWBADDC03$,-,,,,,Microsoft,,Microsoft Windows
,,,,,MMM,,,ppppPWBADDC03$,,,Security,,,,,,where  /Q repadmin,ppppPWBADDC03.mmm.hhh.ggg,,,,-,4688,<Data Name='SubjectUserSid'>NT AUTHORITY\SYSTEM</Data><Data Name='SubjectUserName'>ppppPWBADDC03$</Data><Data Name='SubjectDomainName'>MMM</Data><Data Name='SubjectLogonId'>0x3e7</Data><Data Name='NewProcessId'>0x3fac</Data><Data Name='NewProcessName'>C:\Windows\System32\where.exe</Data><Data Name='TokenElevationType'>%%1936</Data><Data Name='ProcessId'>0x3cd0</Data><Data Name='CommandLine'>where  /Q repadmin </Data><Data Name='TargetUserSid'>NULL SID</Data><Data Name='TargetUserName'>-</Data><Data Name='TargetDomainName'>-</Data><Data Name='TargetLogonId'>0x0</Data><Data Name='ParentProcessName'>C:\Windows\System32\cmd.exe</Data><Data Name='MandatoryLabel'>Mandatory Label\System Mandatory Level</Data>,4688.0,998720788,,,,,,,,,,,0x8020000000000000,0,,,,0x3e7,,Mandatory Label\System Mandatory Level,,,,,'Microsoft-Windows-Security-Auditing',0x3fac,C:\Windows\System32\where.exe,,,,,,0,C:\Windows\System32\cmd.exe,,,,'4',0x3cd0,,where  /Q repadmin,,998720788,,,,,,,MMM,0x3e7,ppppPWBADDC03$,NT AUTHORITY\SYSTEM,,'2026-05-18T20:09:05.2210986Z',<Provider Name='Microsoft-Windows-Security-Auditing' Guid='{54849625-5478-4994-a5ba-3e3b0328c30d}'/><EventID>4688</EventID><Version>2</Version><Level>0</Level><Task>13312</Task><Opcode>0</Opcode><Keywords>0x8020000000000000</Keywords><TimeCreated SystemTime='2026-05-18T20:09:05.2210986Z'/><EventRecordID>998720788</EventRecordID><Correlation/><Execution ProcessID='4' ThreadID='9072'/><Channel>Security</Channel><Computer>ppppPWBADDC03.mmm.hhh.ggg</Computer><Security/>,-,0x0,,,-,NULL SID,,,-,,-,13312,'9072',%%1936,%%1936,1936.0,,,,,2,,,,,2026-05-18T16:09:05.221-0400,allowed,win:unknown,,,,,ppppPWBADDC03.mmm.hhh.ggg,,ppppPWBADDC03.mmm.hhh.ggg,ppppPWBADDC03,998720788,endpoint_services_processes windows_endpoint_processes windows_event_signature windows_process_new wineventlog_security wineventlog_windows winsec,,,ppppPWBADDC03,998720788,occs-sss-windows,1,A new process has been created,C:\Windows\System32\where.exe,0x3fac,where.exe,,,,,,,C:\Windows\System32\cmd.exe,0x3cd0,cmd.exe,C:\Windows\System32\cmd.exe,C:\Windows\System32\where.exe /Q repadmin,/Q repadmin,where,where.exe,0x3fac,where.exe,C:\Windows\System32\where.exe,Windows,<_='://../////'><><_='---'_='{----}'/><></><></><>,,,,,,,,0x3e7,,,A new process has been created,4688,XmlWinEventLog:Security,XmlWinEventLog,bbbbbsplunkes01,,,MMM,,ppppPWBADDC03$,,success,A new process has been created,failure,,,"execute
os
process
report
security
start
track_event_signatures
windows",,,,"execute
os
process
report
security
start
track_event_signatures
windows",,,ppppPWBADDC03$,-,,,,,Microsoft,,Microsoft Windows
,,,,,MMM,,,ppppPWBADDC03$,,,Security,,,,,,where  /Q repadmin,ppppPWBADDC03.mmm.hhh.ggg,,,,-,4688,<Data Name='SubjectUserSid'>NT AUTHORITY\SYSTEM</Data><Data Name='SubjectUserName'>ppppPWBADDC03$</Data><Data Name='SubjectDomainName'>MMM</Data><Data Name='SubjectLogonId'>0x3e7</Data><Data Name='NewProcessId'>0x1308</Data><Data Name='NewProcessName'>C:\Windows\System32\where.exe</Data><Data Name='TokenElevationType'>%%1936</Data><Data Name='ProcessId'>0x1650</Data><Data Name='CommandLine'>where  /Q repadmin </Data><Data Name='TargetUserSid'>NULL SID</Data><Data Name='TargetUserName'>-</Data><Data Name='TargetDomainName'>-</Data><Data Name='TargetLogonId'>0x0</Data><Data Name='ParentProcessName'>C:\Windows\System32\cmd.exe</Data><Data Name='MandatoryLabel'>Mandatory Label\System Mandatory Level</Data>,4688.0,998713993,,,,,,,,,,,0x8020000000000000,0,,,,0x3e7,,Mandatory Label\System Mandatory Level,,,,,'Microsoft-Windows-Security-Auditing',0x1308,C:\Windows\System32\where.exe,,,,,,0,C:\Windows\System32\cmd.exe,,,,'4',0x1650,,where  /Q repadmin,,998713993,,,,,,,MMM,0x3e7,ppppPWBADDC03$,NT AUTHORITY\SYSTEM,,'2026-05-18T20:04:02.8844508Z',<Provider Name='Microsoft-Windows-Security-Auditing' Guid='{54849625-5478-4994-a5ba-3e3b0328c30d}'/><EventID>4688</EventID><Version>2</Version><Level>0</Level><Task>13312</Task><Opcode>0</Opcode><Keywords>0x8020000000000000</Keywords><TimeCreated SystemTime='2026-05-18T20:04:02.8844508Z'/><EventRecordID>998713993</EventRecordID><Correlation/><Execution ProcessID='4' ThreadID='17596'/><Channel>Security</Channel><Computer>ppppPWBADDC03.mmm.hhh.ggg</Computer><Security/>,-,0x0,,,-,NULL SID,,,-,,-,13312,'17596',%%1936,%%1936,1936.0,,,,,2,,,,,2026-05-18T16:04:02.884-0400,allowed,win:unknown,,,,,ppppPWBADDC03.mmm.hhh.ggg,,ppppPWBADDC03.mmm.hhh.ggg,ppppPWBADDC03,998713993,endpoint_services_processes windows_endpoint_processes windows_event_signature windows_process_new wineventlog_security wineventlog_windows winsec,,,ppppPWBADDC03,998713993,occs-sss-windows,1,A new process has been created,C:\Windows\System32\where.exe,0x1308,where.exe,,,,,,,C:\Windows\System32\cmd.exe,0x1650,cmd.exe,C:\Windows\System32\cmd.exe,C:\Windows\System32\where.exe /Q repadmin,/Q repadmin,where,where.exe,0x1308,where.exe,C:\Windows\System32\where.exe,Windows,<_='://../////'><><_='---'_='{----}'/><></><></><>,,,,,,,,0x3e7,,,A new process has been created,4688,XmlWinEventLog:Security,XmlWinEventLog,bbbbbsplunkes01,,,MMM,,ppppPWBADDC03$,,success,A new process has been created,failure,,,"execute
os
process
report
security
start
track_event_signatures
windows",,,,"execute
os
process
report
security
start
track_event_signatures
windows",,,ppppPWBADDC03$,-,,,,,Microsoft,,Microsoft Windows
,,,,,MMM,,,ppppPWBADDC03$,,,Security,,,,,,where  /Q repadmin,ppppPWBADDC03.mmm.hhh.ggg,,,,-,4688,<Data Name='SubjectUserSid'>NT AUTHORITY\SYSTEM</Data><Data Name='SubjectUserName'>ppppPWBADDC03$</Data><Data Name='SubjectDomainName'>MMM</Data><Data Name='SubjectLogonId'>0x3e7</Data><Data Name='NewProcessId'>0x4774</Data><Data Name='NewProcessName'>C:\Windows\System32\where.exe</Data><Data Name='TokenElevationType'>%%1936</Data><Data Name='ProcessId'>0x200c</Data><Data Name='CommandLine'>where  /Q repadmin </Data><Data Name='TargetUserSid'>NULL SID</Data><Data Name='TargetUserName'>-</Data><Data Name='TargetDomainName'>-</Data><Data Name='TargetLogonId'>0x0</Data><Data Name='ParentProcessName'>C:\Windows\System32\cmd.exe</Data><Data Name='MandatoryLabel'>Mandatory Label\System Mandatory Level</Data>,4688.0,998705650,,,,,,,,,,,0x8020000000000000,0,,,,0x3e7,,Mandatory Label\System Mandatory Level,,,,,'Microsoft-Windows-Security-Auditing',0x4774,C:\Windows\System32\where.exe,,,,,,0,C:\Windows\System32\cmd.exe,,,,'4',0x200c,,where  /Q repadmin,,998705650,,,,,,,MMM,0x3e7,ppppPWBADDC03$,NT AUTHORITY\SYSTEM,,'2026-05-18T19:59:00.5384986Z',<Provider Name='Microsoft-Windows-Security-Auditing' Guid='{54849625-5478-4994-a5ba-3e3b0328c30d}'/><EventID>4688</EventID><Version>2</Version><Level>0</Level><Task>13312</Task><Opcode>0</Opcode><Keywords>0x8020000000000000</Keywords><TimeCreated SystemTime='2026-05-18T19:59:00.5384986Z'/><EventRecordID>998705650</EventRecordID><Correlation/><Execution ProcessID='4' ThreadID='18272'/><Channel>Security</Channel><Computer>ppppPWBADDC03.mmm.hhh.ggg</Computer><Security/>,-,0x0,,,-,NULL SID,,,-,,-,13312,'18272',%%1936,%%1936,1936.0,,,,,2,,,,,2026-05-18T15:59:00.538-0400,allowed,win:unknown,,,,,ppppPWBADDC03.mmm.hhh.ggg,,ppppPWBADDC03.mmm.hhh.ggg,ppppPWBADDC03,998705650,endpoint_services_processes windows_endpoint_processes windows_event_signature windows_process_new wineventlog_security wineventlog_windows winsec,,,ppppPWBADDC03,998705650,occs-sss-windows,1,A new process has been created,C:\Windows\System32\where.exe,0x4774,where.exe,,,,,,,C:\Windows\System32\cmd.exe,0x200c,cmd.exe,C:\Windows\System32\cmd.exe,C:\Windows\System32\where.exe /Q repadmin,/Q repadmin,where,where.exe,0x4774,where.exe,C:\Windows\System32\where.exe,Windows,<_='://../////'><><_='---'_='{----}'/><></><></><>,,,,,,,,0x3e7,,,A new process has been created,4688,XmlWinEventLog:Security,XmlWinEventLog,bbbbbsplunkes01,,,MMM,,ppppPWBADDC03$,,success,A new process has been created,failure,,,"execute
os
process
report
security
start
track_event_signatures
windows",,,,"execute
os
process
report
security
start
track_event_signatures
windows",,,ppppPWBADDC03$,-,,,,,Microsoft,,Microsoft Windows
,,,,,MMM,,,ppppPWBADDC03$,,,Security,,,,,,where  /Q repadmin,ppppPWBADDC03.mmm.hhh.ggg,,,,-,4688,<Data Name='SubjectUserSid'>NT AUTHORITY\SYSTEM</Data><Data Name='SubjectUserName'>ppppPWBADDC03$</Data><Data Name='SubjectDomainName'>MMM</Data><Data Name='SubjectLogonId'>0x3e7</Data><Data Name='NewProcessId'>0x3898</Data><Data Name='NewProcessName'>C:\Windows\System32\where.exe</Data><Data Name='TokenElevationType'>%%1936</Data><Data Name='ProcessId'>0x3cc4</Data><Data Name='CommandLine'>where  /Q repadmin </Data><Data Name='TargetUserSid'>NULL SID</Data><Data Name='TargetUserName'>-</Data><Data Name='TargetDomainName'>-</Data><Data Name='TargetLogonId'>0x0</Data><Data Name='ParentProcessName'>C:\Windows\System32\cmd.exe</Data><Data Name='MandatoryLabel'>Mandatory Label\System Mandatory Level</Data>,4688.0,998699579,,,,,,,,,,,0x8020000000000000,0,,,,0x3e7,,Mandatory Label\System Mandatory Level,,,,,'Microsoft-Windows-Security-Auditing',0x3898,C:\Windows\System32\where.exe,,,,,,0,C:\Windows\System32\cmd.exe,,,,'4',0x3cc4,,where  /Q repadmin,,998699579,,,,,,,MMM,0x3e7,ppppPWBADDC03$,NT AUTHORITY\SYSTEM,,'2026-05-18T19:53:58.1588965Z',<Provider Name='Microsoft-Windows-Security-Auditing' Guid='{54849625-5478-4994-a5ba-3e3b0328c30d}'/><EventID>4688</EventID><Version>2</Version><Level>0</Level><Task>13312</Task><Opcode>0</Opcode><Keywords>0x8020000000000000</Keywords><TimeCreated SystemTime='2026-05-18T19:53:58.1588965Z'/><EventRecordID>998699579</EventRecordID><Correlation/><Execution ProcessID='4' ThreadID='9372'/><Channel>Security</Channel><Computer>ppppPWBADDC03.mmm.hhh.ggg</Computer><Security/>,-,0x0,,,-,NULL SID,,,-,,-,13312,'9372',%%1936,%%1936,1936.0,,,,,2,,,,,2026-05-18T15:53:58.158-0400,allowed,win:unknown,,,,,ppppPWBADDC03.mmm.hhh.ggg,,ppppPWBADDC03.mmm.hhh.ggg,ppppPWBADDC03,998699579,endpoint_services_processes windows_endpoint_processes windows_event_signature windows_process_new wineventlog_security wineventlog_windows winsec,,,ppppPWBADDC03,998699579,occs-sss-windows,1,A new process has been created,C:\Windows\System32\where.exe,0x3898,where.exe,,,,,,,C:\Windows\System32\cmd.exe,0x3cc4,cmd.exe,C:\Windows\System32\cmd.exe,C:\Windows\System32\where.exe /Q repadmin,/Q repadmin,where,where.exe,0x3898,where.exe,C:\Windows\System32\where.exe,Windows,<_='://../////'><><_='---'_='{----}'/><></><></><>,,,,,,,,0x3e7,,,A new process has been created,4688,XmlWinEventLog:Security,XmlWinEventLog,bbbbbsplunkes03,,,MMM,,ppppPWBADDC03$,,success,A new process has been created,failure,,,"execute
os
process
report
security
start
track_event_signatures
windows",,,,"execute
os
process
report
security
start
track_event_signatures
windows",,,ppppPWBADDC03$,-,,,,,Microsoft,,Microsoft Windows
,,,,,MMM,,,ppppPWBADDC03$,,,Security,,,,,,where  /Q repadmin,ppppPWBADDC03.mmm.hhh.ggg,,,,-,4688,<Data Name='SubjectUserSid'>NT AUTHORITY\SYSTEM</Data><Data Name='SubjectUserName'>ppppPWBADDC03$</Data><Data Name='SubjectDomainName'>MMM</Data><Data Name='SubjectLogonId'>0x3e7</Data><Data Name='NewProcessId'>0x3b60</Data><Data Name='NewProcessName'>C:\Windows\System32\where.exe</Data><Data Name='TokenElevationType'>%%1936</Data><Data Name='ProcessId'>0x2394</Data><Data Name='CommandLine'>where  /Q repadmin </Data><Data Name='TargetUserSid'>NULL SID</Data><Data Name='TargetUserName'>-</Data><Data Name='TargetDomainName'>-</Data><Data Name='TargetLogonId'>0x0</Data><Data Name='ParentProcessName'>C:\Windows\System32\cmd.exe</Data><Data Name='MandatoryLabel'>Mandatory Label\System Mandatory Level</Data>,4688.0,998692962,,,,,,,,,,,0x8020000000000000,0,,,,0x3e7,,Mandatory Label\System Mandatory Level,,,,,'Microsoft-Windows-Security-Auditing',0x3b60,C:\Windows\System32\where.exe,,,,,,0,C:\Windows\System32\cmd.exe,,,,'4',0x2394,,where  /Q repadmin,,998692962,,,,,,,MMM,0x3e7,ppppPWBADDC03$,NT AUTHORITY\SYSTEM,,'2026-05-18T19:48:55.1570403Z',<Provider Name='Microsoft-Windows-Security-Auditing' Guid='{54849625-5478-4994-a5ba-3e3b0328c30d}'/><EventID>4688</EventID><Version>2</Version><Level>0</Level><Task>13312</Task><Opcode>0</Opcode><Keywords>0x8020000000000000</Keywords><TimeCreated SystemTime='2026-05-18T19:48:55.1570403Z'/><EventRecordID>998692962</EventRecordID><Correlation/><Execution ProcessID='4' ThreadID='9072'/><Channel>Security</Channel><Computer>ppppPWBADDC03.mmm.hhh.ggg</Computer><Security/>,-,0x0,,,-,NULL SID,,,-,,-,13312,'9072',%%1936,%%1936,1936.0,,,,,2,,,,,2026-05-18T15:48:55.157-0400,allowed,win:unknown,,,,,ppppPWBADDC03.mmm.hhh.ggg,,ppppPWBADDC03.mmm.hhh.ggg,ppppPWBADDC03,998692962,endpoint_services_processes windows_endpoint_processes windows_event_signature windows_process_new wineventlog_security wineventlog_windows winsec,,,ppppPWBADDC03,998692962,occs-sss-windows,1,A new process has been created,C:\Windows\System32\where.exe,0x3b60,where.exe,,,,,,,C:\Windows\System32\cmd.exe,0x2394,cmd.exe,C:\Windows\System32\cmd.exe,C:\Windows\System32\where.exe /Q repadmin,/Q repadmin,where,where.exe,0x3b60,where.exe,C:\Windows\System32\where.exe,Windows,<_='://../////'><><_='---'_='{----}'/><></><></><>,,,,,,,,0x3e7,,,A new process has been created,4688,XmlWinEventLog:Security,XmlWinEventLog,bbbbbsplunkes03,,,MMM,,ppppPWBADDC03$,,success,A new process has been created,failure,,,"execute
os
process
report
security
start
track_event_signatures
windows",,,,"execute
os
process
report
security
start
track_event_signatures
windows",,,ppppPWBADDC03$,-,,,,,Microsoft,,Microsoft Windows
,,,,,MMM,,,ppppPWBADDC03$,,,Security,,,,,,where  /Q repadmin,ppppPWBADDC03.mmm.hhh.ggg,,,,-,4688,<Data Name='SubjectUserSid'>NT AUTHORITY\SYSTEM</Data><Data Name='SubjectUserName'>ppppPWBADDC03$</Data><Data Name='SubjectDomainName'>MMM</Data><Data Name='SubjectLogonId'>0x3e7</Data><Data Name='NewProcessId'>0x27dc</Data><Data Name='NewProcessName'>C:\Windows\System32\where.exe</Data><Data Name='TokenElevationType'>%%1936</Data><Data Name='ProcessId'>0x2540</Data><Data Name='CommandLine'>where  /Q repadmin </Data><Data Name='TargetUserSid'>NULL SID</Data><Data Name='TargetUserName'>-</Data><Data Name='TargetDomainName'>-</Data><Data Name='TargetLogonId'>0x0</Data><Data Name='ParentProcessName'>C:\Windows\System32\cmd.exe</Data><Data Name='MandatoryLabel'>Mandatory Label\System Mandatory Level</Data>,4688.0,998686121,,,,,,,,,,,0x8020000000000000,0,,,,0x3e7,,Mandatory Label\System Mandatory Level,,,,,'Microsoft-Windows-Security-Auditing',0x27dc,C:\Windows\System32\where.exe,,,,,,0,C:\Windows\System32\cmd.exe,,,,'4',0x2540,,where  /Q repadmin,,998686121,,,,,,,MMM,0x3e7,ppppPWBADDC03$,NT AUTHORITY\SYSTEM,,'2026-05-18T19:43:52.7874943Z',<Provider Name='Microsoft-Windows-Security-Auditing' Guid='{54849625-5478-4994-a5ba-3e3b0328c30d}'/><EventID>4688</EventID><Version>2</Version><Level>0</Level><Task>13312</Task><Opcode>0</Opcode><Keywords>0x8020000000000000</Keywords><TimeCreated SystemTime='2026-05-18T19:43:52.7874943Z'/><EventRecordID>998686121</EventRecordID><Correlation/><Execution ProcessID='4' ThreadID='15100'/><Channel>Security</Channel><Computer>ppppPWBADDC03.mmm.hhh.ggg</Computer><Security/>,-,0x0,,,-,NULL SID,,,-,,-,13312,'15100',%%1936,%%1936,1936.0,,,,,2,,,,,2026-05-18T15:43:52.787-0400,allowed,win:unknown,,,,,ppppPWBADDC03.mmm.hhh.ggg,,ppppPWBADDC03.mmm.hhh.ggg,ppppPWBADDC03,998686121,endpoint_services_processes windows_endpoint_processes windows_event_signature windows_process_new wineventlog_security wineventlog_windows winsec,,,ppppPWBADDC03,998686121,occs-sss-windows,1,A new process has been created,C:\Windows\System32\where.exe,0x27dc,where.exe,,,,,,,C:\Windows\System32\cmd.exe,0x2540,cmd.exe,C:\Windows\System32\cmd.exe,C:\Windows\System32\where.exe /Q repadmin,/Q repadmin,where,where.exe,0x27dc,where.exe,C:\Windows\System32\where.exe,Windows,<_='://../////'><><_='---'_='{----}'/><></><></><>,,,,,,,,0x3e7,,,A new process has been created,4688,XmlWinEventLog:Security,XmlWinEventLog,bbbbbsplunkes02,,,MMM,,ppppPWBADDC03$,,success,A new process has been created,failure,,,"execute
os
process
report
security
start
track_event_signatures
windows",,,,"execute
os
process
report
security
start
track_event_signatures
windows",,,ppppPWBADDC03$,-,,,,,Microsoft,,Microsoft Windows
,,,,,MMM,,,ppppPWBADDC03$,,,Security,,,,,,where  /Q repadmin,ppppPWBADDC03.mmm.hhh.ggg,,,,-,4688,<Data Name='SubjectUserSid'>NT AUTHORITY\SYSTEM</Data><Data Name='SubjectUserName'>ppppPWBADDC03$</Data><Data Name='SubjectDomainName'>MMM</Data><Data Name='SubjectLogonId'>0x3e7</Data><Data Name='NewProcessId'>0x3878</Data><Data Name='NewProcessName'>C:\Windows\System32\where.exe</Data><Data Name='TokenElevationType'>%%1936</Data><Data Name='ProcessId'>0x13f0</Data><Data Name='CommandLine'>where  /Q repadmin </Data><Data Name='TargetUserSid'>NULL SID</Data><Data Name='TargetUserName'>-</Data><Data Name='TargetDomainName'>-</Data><Data Name='TargetLogonId'>0x0</Data><Data Name='ParentProcessName'>C:\Windows\System32\cmd.exe</Data><Data Name='MandatoryLabel'>Mandatory Label\System Mandatory Level</Data>,4688.0,998680384,,,,,,,,,,,0x8020000000000000,0,,,,0x3e7,,Mandatory Label\System Mandatory Level,,,,,'Microsoft-Windows-Security-Auditing',0x3878,C:\Windows\System32\where.exe,,,,,,0,C:\Windows\System32\cmd.exe,,,,'4',0x13f0,,where  /Q repadmin,,998680384,,,,,,,MMM,0x3e7,ppppPWBADDC03$,NT AUTHORITY\SYSTEM,,'2026-05-18T19:38:50.4273767Z',<Provider Name='Microsoft-Windows-Security-Auditing' Guid='{54849625-5478-4994-a5ba-3e3b0328c30d}'/><EventID>4688</EventID><Version>2</Version><Level>0</Level><Task>13312</Task><Opcode>0</Opcode><Keywords>0x8020000000000000</Keywords><TimeCreated SystemTime='2026-05-18T19:38:50.4273767Z'/><EventRecordID>998680384</EventRecordID><Correlation/><Execution ProcessID='4' ThreadID='14180'/><Channel>Security</Channel><Computer>ppppPWBADDC03.mmm.hhh.ggg</Computer><Security/>,-,0x0,,,-,NULL SID,,,-,,-,13312,'14180',%%1936,%%1936,1936.0,,,,,2,,,,,2026-05-18T15:38:50.427-0400,allowed,win:unknown,,,,,ppppPWBADDC03.mmm.hhh.ggg,,ppppPWBADDC03.mmm.hhh.ggg,ppppPWBADDC03,998680384,endpoint_services_processes windows_endpoint_processes windows_event_signature windows_process_new wineventlog_security wineventlog_windows winsec,,,ppppPWBADDC03,998680384,occs-sss-windows,1,A new process has been created,C:\Windows\System32\where.exe,0x3878,where.exe,,,,,,,C:\Windows\System32\cmd.exe,0x13f0,cmd.exe,C:\Windows\System32\cmd.exe,C:\Windows\System32\where.exe /Q repadmin,/Q repadmin,where,where.exe,0x3878,where.exe,C:\Windows\System32\where.exe,Windows,<_='://../////'><><_='---'_='{----}'/><></><></><>,,,,,,,,0x3e7,,,A new process has been created,4688,XmlWinEventLog:Security,XmlWinEventLog,bbbbbsplunkes01,,,MMM,,ppppPWBADDC03$,,success,A new process has been created,failure,,,"execute
os
process
report
security
start
track_event_signatures
windows",,,,"execute
os
process
report
security
start
track_event_signatures
windows",,,ppppPWBADDC03$,-,,,,,Microsoft,,Microsoft Windows
,,,,,MMM,,,ppppPWBADDC03$,,,Security,,,,,,where  /Q repadmin,ppppPWBADDC03.mmm.hhh.ggg,,,,-,4688,<Data Name='SubjectUserSid'>NT AUTHORITY\SYSTEM</Data><Data Name='SubjectUserName'>ppppPWBADDC03$</Data><Data Name='SubjectDomainName'>MMM</Data><Data Name='SubjectLogonId'>0x3e7</Data><Data Name='NewProcessId'>0x3d14</Data><Data Name='NewProcessName'>C:\Windows\System32\where.exe</Data><Data Name='TokenElevationType'>%%1936</Data><Data Name='ProcessId'>0x13f0</Data><Data Name='CommandLine'>where  /Q repadmin </Data><Data Name='TargetUserSid'>NULL SID</Data><Data Name='TargetUserName'>-</Data><Data Name='TargetDomainName'>-</Data><Data Name='TargetLogonId'>0x0</Data><Data Name='ParentProcessName'>C:\Windows\System32\cmd.exe</Data><Data Name='MandatoryLabel'>Mandatory Label\System Mandatory Level</Data>,4688.0,998674198,,,,,,,,,,,0x8020000000000000,0,,,,0x3e7,,Mandatory Label\System Mandatory Level,,,,,'Microsoft-Windows-Security-Auditing',0x3d14,C:\Windows\System32\where.exe,,,,,,0,C:\Windows\System32\cmd.exe,,,,'4',0x13f0,,where  /Q repadmin,,998674198,,,,,,,MMM,0x3e7,ppppPWBADDC03$,NT AUTHORITY\SYSTEM,,'2026-05-18T19:33:48.0779725Z',<Provider Name='Microsoft-Windows-Security-Auditing' Guid='{54849625-5478-4994-a5ba-3e3b0328c30d}'/><EventID>4688</EventID><Version>2</Version><Level>0</Level><Task>13312</Task><Opcode>0</Opcode><Keywords>0x8020000000000000</Keywords><TimeCreated SystemTime='2026-05-18T19:33:48.0779725Z'/><EventRecordID>998674198</EventRecordID><Correlation/><Execution ProcessID='4' ThreadID='18272'/><Channel>Security</Channel><Computer>ppppPWBADDC03.mmm.hhh.ggg</Computer><Security/>,-,0x0,,,-,NULL SID,,,-,,-,13312,'18272',%%1936,%%1936,1936.0,,,,,2,,,,,2026-05-18T15:33:48.077-0400,allowed,win:unknown,,,,,ppppPWBADDC03.mmm.hhh.ggg,,ppppPWBADDC03.mmm.hhh.ggg,ppppPWBADDC03,998674198,endpoint_services_processes windows_endpoint_processes windows_event_signature windows_process_new wineventlog_security wineventlog_windows winsec,,,ppppPWBADDC03,998674198,occs-sss-windows,1,A new process has been created,C:\Windows\System32\where.exe,0x3d14,where.exe,,,,,,,C:\Windows\System32\cmd.exe,0x13f0,cmd.exe,C:\Windows\System32\cmd.exe,C:\Windows\System32\where.exe /Q repadmin,/Q repadmin,where,where.exe,0x3d14,where.exe,C:\Windows\System32\where.exe,Windows,<_='://../////'><><_='---'_='{----}'/><></><></><>,,,,,,,,0x3e7,,,A new process has been created,4688,XmlWinEventLog:Security,XmlWinEventLog,bbbbbsplunkes02,,,MMM,,ppppPWBADDC03$,,success,A new process has been created,failure,,,"execute
os
process
report
security
start
track_event_signatures
windows",,,,"execute
os
process
report
security
start
track_event_signatures
windows",,,ppppPWBADDC03$,-,,,,,Microsoft,,Microsoft Windows
,,,,,MMM,,,ppppPWBADDC03$,,,Security,,,,,,where  /Q repadmin,ppppPWBADDC03.mmm.hhh.ggg,,,,-,4688,<Data Name='SubjectUserSid'>NT AUTHORITY\SYSTEM</Data><Data Name='SubjectUserName'>ppppPWBADDC03$</Data><Data Name='SubjectDomainName'>MMM</Data><Data Name='SubjectLogonId'>0x3e7</Data><Data Name='NewProcessId'>0x115c</Data><Data Name='NewProcessName'>C:\Windows\System32\where.exe</Data><Data Name='TokenElevationType'>%%1936</Data><Data Name='ProcessId'>0x4704</Data><Data Name='CommandLine'>where  /Q repadmin </Data><Data Name='TargetUserSid'>NULL SID</Data><Data Name='TargetUserName'>-</Data><Data Name='TargetDomainName'>-</Data><Data Name='TargetLogonId'>0x0</Data><Data Name='ParentProcessName'>C:\Windows\System32\cmd.exe</Data><Data Name='MandatoryLabel'>Mandatory Label\System Mandatory Level</Data>,4688.0,998666527,,,,,,,,,,,0x8020000000000000,0,,,,0x3e7,,Mandatory Label\System Mandatory Level,,,,,'Microsoft-Windows-Security-Auditing',0x115c,C:\Windows\System32\where.exe,,,,,,0,C:\Windows\System32\cmd.exe,,,,'4',0x4704,,where  /Q repadmin,,998666527,,,,,,,MMM,0x3e7,ppppPWBADDC03$,NT AUTHORITY\SYSTEM,,'2026-05-18T19:28:45.0005908Z',<Provider Name='Microsoft-Windows-Security-Auditing' Guid='{54849625-5478-4994-a5ba-3e3b0328c30d}'/><EventID>4688</EventID><Version>2</Version><Level>0</Level><Task>13312</Task><Opcode>0</Opcode><Keywords>0x8020000000000000</Keywords><TimeCreated SystemTime='2026-05-18T19:28:45.0005908Z'/><EventRecordID>998666527</EventRecordID><Correlation/><Execution ProcessID='4' ThreadID='17428'/><Channel>Security</Channel><Computer>ppppPWBADDC03.mmm.hhh.ggg</Computer><Security/>,-,0x0,,,-,NULL SID,,,-,,-,13312,'17428',%%1936,%%1936,1936.0,,,,,2,,,,,2026-05-18T15:28:45.000-0400,allowed,win:unknown,,,,,ppppPWBADDC03.mmm.hhh.ggg,,ppppPWBADDC03.mmm.hhh.ggg,ppppPWBADDC03,998666527,endpoint_services_processes windows_endpoint_processes windows_event_signature windows_process_new wineventlog_security wineventlog_windows winsec,,,ppppPWBADDC03,998666527,occs-sss-windows,1,A new process has been created,C:\Windows\System32\where.exe,0x115c,where.exe,,,,,,,C:\Windows\System32\cmd.exe,0x4704,cmd.exe,C:\Windows\System32\cmd.exe,C:\Windows\System32\where.exe /Q repadmin,/Q repadmin,where,where.exe,0x115c,where.exe,C:\Windows\System32\where.exe,Windows,<_='://../////'><><_='---'_='{----}'/><></><></><>,,,,,,,,0x3e7,,,A new process has been created,4688,XmlWinEventLog:Security,XmlWinEventLog,bbbbbsplunkes01,,,MMM,,ppppPWBADDC03$,,success,A new process has been created,failure,,,"execute
os
process
report
security
start
track_event_signatures
windows",,,,"execute
os
process
report
security
start
track_event_signatures
windows",,,ppppPWBADDC03$,-,,,,,Microsoft,,Microsoft Windows
,,,,,MMM,,,ppppPWBADDC03$,,,Security,,,,,,where  /Q repadmin,ppppPWBADDC03.mmm.hhh.ggg,,,,-,4688,<Data Name='SubjectUserSid'>NT AUTHORITY\SYSTEM</Data><Data Name='SubjectUserName'>ppppPWBADDC03$</Data><Data Name='SubjectDomainName'>MMM</Data><Data Name='SubjectLogonId'>0x3e7</Data><Data Name='NewProcessId'>0xda0</Data><Data Name='NewProcessName'>C:\Windows\System32\where.exe</Data><Data Name='TokenElevationType'>%%1936</Data><Data Name='ProcessId'>0x3fb4</Data><Data Name='CommandLine'>where  /Q repadmin </Data><Data Name='TargetUserSid'>NULL SID</Data><Data Name='TargetUserName'>-</Data><Data Name='TargetDomainName'>-</Data><Data Name='TargetLogonId'>0x0</Data><Data Name='ParentProcessName'>C:\Windows\System32\cmd.exe</Data><Data Name='MandatoryLabel'>Mandatory Label\System Mandatory Level</Data>,4688.0,998659594,,,,,,,,,,,0x8020000000000000,0,,,,0x3e7,,Mandatory Label\System Mandatory Level,,,,,'Microsoft-Windows-Security-Auditing',0xda0,C:\Windows\System32\where.exe,,,,,,0,C:\Windows\System32\cmd.exe,,,,'4',0x3fb4,,where  /Q repadmin,,998659594,,,,,,,MMM,0x3e7,ppppPWBADDC03$,NT AUTHORITY\SYSTEM,,'2026-05-18T19:23:42.6187607Z',<Provider Name='Microsoft-Windows-Security-Auditing' Guid='{54849625-5478-4994-a5ba-3e3b0328c30d}'/><EventID>4688</EventID><Version>2</Version><Level>0</Level><Task>13312</Task><Opcode>0</Opcode><Keywords>0x8020000000000000</Keywords><TimeCreated SystemTime='2026-05-18T19:23:42.6187607Z'/><EventRecordID>998659594</EventRecordID><Correlation/><Execution ProcessID='4' ThreadID='2552'/><Channel>Security</Channel><Computer>ppppPWBADDC03.mmm.hhh.ggg</Computer><Security/>,-,0x0,,,-,NULL SID,,,-,,-,13312,'2552',%%1936,%%1936,1936.0,,,,,2,,,,,2026-05-18T15:23:42.618-0400,allowed,win:unknown,,,,,ppppPWBADDC03.mmm.hhh.ggg,,ppppPWBADDC03.mmm.hhh.ggg,ppppPWBADDC03,998659594,endpoint_services_processes windows_endpoint_processes windows_event_signature windows_process_new wineventlog_security wineventlog_windows winsec,,,ppppPWBADDC03,998659594,occs-sss-windows,1,A new process has been created,C:\Windows\System32\where.exe,0xda0,where.exe,,,,,,,C:\Windows\System32\cmd.exe,0x3fb4,cmd.exe,C:\Windows\System32\cmd.exe,C:\Windows\System32\where.exe /Q repadmin,/Q repadmin,where,where.exe,0xda0,where.exe,C:\Windows\System32\where.exe,Windows,<_='://../////'><><_='---'_='{----}'/><></><></><>,,,,,,,,0x3e7,,,A new process has been created,4688,XmlWinEventLog:Security,XmlWinEventLog,bbbbbsplunkes03,,,MMM,,ppppPWBADDC03$,,success,A new process has been created,failure,,,"execute
os
process
report
security
start
track_event_signatures
windows",,,,"execute
os
process
report
security
start
track_event_signatures
windows",,,ppppPWBADDC03$,-,,,,,Microsoft,,Microsoft Windows
,,,,,MMM,,,ppppPWBADDC03$,,,Security,,,,,,where  /Q repadmin,ppppPWBADDC03.mmm.hhh.ggg,,,,-,4688,<Data Name='SubjectUserSid'>NT AUTHORITY\SYSTEM</Data><Data Name='SubjectUserName'>ppppPWBADDC03$</Data><Data Name='SubjectDomainName'>MMM</Data><Data Name='SubjectLogonId'>0x3e7</Data><Data Name='NewProcessId'>0x3584</Data><Data Name='NewProcessName'>C:\Windows\System32\where.exe</Data><Data Name='TokenElevationType'>%%1936</Data><Data Name='ProcessId'>0x1db4</Data><Data Name='CommandLine'>where  /Q repadmin </Data><Data Name='TargetUserSid'>NULL SID</Data><Data Name='TargetUserName'>-</Data><Data Name='TargetDomainName'>-</Data><Data Name='TargetLogonId'>0x0</Data><Data Name='ParentProcessName'>C:\Windows\System32\cmd.exe</Data><Data Name='MandatoryLabel'>Mandatory Label\System Mandatory Level</Data>,4688.0,998653869,,,,,,,,,,,0x8020000000000000,0,,,,0x3e7,,Mandatory Label\System Mandatory Level,,,,,'Microsoft-Windows-Security-Auditing',0x3584,C:\Windows\System32\where.exe,,,,,,0,C:\Windows\System32\cmd.exe,,,,'4',0x1db4,,where  /Q repadmin,,998653869,,,,,,,MMM,0x3e7,ppppPWBADDC03$,NT AUTHORITY\SYSTEM,,'2026-05-18T19:18:40.2753492Z',<Provider Name='Microsoft-Windows-Security-Auditing' Guid='{54849625-5478-4994-a5ba-3e3b0328c30d}'/><EventID>4688</EventID><Version>2</Version><Level>0</Level><Task>13312</Task><Opcode>0</Opcode><Keywords>0x8020000000000000</Keywords><TimeCreated SystemTime='2026-05-18T19:18:40.2753492Z'/><EventRecordID>998653869</EventRecordID><Correlation/><Execution ProcessID='4' ThreadID='2552'/><Channel>Security</Channel><Computer>ppppPWBADDC03.mmm.hhh.ggg</Computer><Security/>,-,0x0,,,-,NULL SID,,,-,,-,13312,'2552',%%1936,%%1936,1936.0,,,,,2,,,,,2026-05-18T15:18:40.275-0400,allowed,win:unknown,,,,,ppppPWBADDC03.mmm.hhh.ggg,,ppppPWBADDC03.mmm.hhh.ggg,ppppPWBADDC03,998653869,endpoint_services_processes windows_endpoint_processes windows_event_signature windows_process_new wineventlog_security wineventlog_windows winsec,,,ppppPWBADDC03,998653869,occs-sss-windows,1,A new process has been created,C:\Windows\System32\where.exe,0x3584,where.exe,,,,,,,C:\Windows\System32\cmd.exe,0x1db4,cmd.exe,C:\Windows\System32\cmd.exe,C:\Windows\System32\where.exe /Q repadmin,/Q repadmin,where,where.exe,0x3584,where.exe,C:\Windows\System32\where.exe,Windows,<_='://../////'><><_='---'_='{----}'/><></><></><>,,,,,,,,0x3e7,,,A new process has been created,4688,XmlWinEventLog:Security,XmlWinEventLog,bbbbbsplunkes01,,,MMM,,ppppPWBADDC03$,,success,A new process has been created,failure,,,"execute
os
process
report
security
start
track_event_signatures
windows",,,,"execute
os
process
report
security
start
track_event_signatures
windows",,,ppppPWBADDC03$,-,,,,,Microsoft,,Microsoft Windows
,,,,,MMM,,,ppppPWBADDC03$,,,Security,,,,,,where  /Q repadmin,ppppPWBADDC03.mmm.hhh.ggg,,,,-,4688,<Data Name='SubjectUserSid'>NT AUTHORITY\SYSTEM</Data><Data Name='SubjectUserName'>ppppPWBADDC03$</Data><Data Name='SubjectDomainName'>MMM</Data><Data Name='SubjectLogonId'>0x3e7</Data><Data Name='NewProcessId'>0x3cec</Data><Data Name='NewProcessName'>C:\Windows\System32\where.exe</Data><Data Name='TokenElevationType'>%%1936</Data><Data Name='ProcessId'>0x4618</Data><Data Name='CommandLine'>where  /Q repadmin </Data><Data Name='TargetUserSid'>NULL SID</Data><Data Name='TargetUserName'>-</Data><Data Name='TargetDomainName'>-</Data><Data Name='TargetLogonId'>0x0</Data><Data Name='ParentProcessName'>C:\Windows\System32\cmd.exe</Data><Data Name='MandatoryLabel'>Mandatory Label\System Mandatory Level</Data>,4688.0,998645655,,,,,,,,,,,0x8020000000000000,0,,,,0x3e7,,Mandatory Label\System Mandatory Level,,,,,'Microsoft-Windows-Security-Auditing',0x3cec,C:\Windows\System32\where.exe,,,,,,0,C:\Windows\System32\cmd.exe,,,,'4',0x4618,,where  /Q repadmin,,998645655,,,,,,,MMM,0x3e7,ppppPWBADDC03$,NT AUTHORITY\SYSTEM,,'2026-05-18T19:13:37.9655668Z',<Provider Name='Microsoft-Windows-Security-Auditing' Guid='{54849625-5478-4994-a5ba-3e3b0328c30d}'/><EventID>4688</EventID><Version>2</Version><Level>0</Level><Task>13312</Task><Opcode>0</Opcode><Keywords>0x8020000000000000</Keywords><TimeCreated SystemTime='2026-05-18T19:13:37.9655668Z'/><EventRecordID>998645655</EventRecordID><Correlation/><Execution ProcessID='4' ThreadID='17680'/><Channel>Security</Channel><Computer>ppppPWBADDC03.mmm.hhh.ggg</Computer><Security/>,-,0x0,,,-,NULL SID,,,-,,-,13312,'17680',%%1936,%%1936,1936.0,,,,,2,,,,,2026-05-18T15:13:37.965-0400,allowed,win:unknown,,,,,ppppPWBADDC03.mmm.hhh.ggg,,ppppPWBADDC03.mmm.hhh.ggg,ppppPWBADDC03,998645655,endpoint_services_processes windows_endpoint_processes windows_event_signature windows_process_new wineventlog_security wineventlog_windows winsec,,,ppppPWBADDC03,998645655,occs-sss-windows,1,A new process has been created,C:\Windows\System32\where.exe,0x3cec,where.exe,,,,,,,C:\Windows\System32\cmd.exe,0x4618,cmd.exe,C:\Windows\System32\cmd.exe,C:\Windows\System32\where.exe /Q repadmin,/Q repadmin,where,where.exe,0x3cec,where.exe,C:\Windows\System32\where.exe,Windows,<_='://../////'><><_='---'_='{----}'/><></><></><>,,,,,,,,0x3e7,,,A new process has been created,4688,XmlWinEventLog:Security,XmlWinEventLog,bbbbbsplunkes03,,,MMM,,ppppPWBADDC03$,,success,A new process has been created,failure,,,"execute
os
process
report
security
start
track_event_signatures
windows",,,,"execute
os
process
report
security
start
track_event_signatures
windows",,,ppppPWBADDC03$,-,,,,,Microsoft,,Microsoft Windows
,,,,,MMM,,,ppppPWBADDC03$,,,Security,,,,,,where  /Q repadmin,ppppPWBADDC03.mmm.hhh.ggg,,,,-,4688,<Data Name='SubjectUserSid'>NT AUTHORITY\SYSTEM</Data><Data Name='SubjectUserName'>ppppPWBADDC03$</Data><Data Name='SubjectDomainName'>MMM</Data><Data Name='SubjectLogonId'>0x3e7</Data><Data Name='NewProcessId'>0x3ae0</Data><Data Name='NewProcessName'>C:\Windows\System32\where.exe</Data><Data Name='TokenElevationType'>%%1936</Data><Data Name='ProcessId'>0x115c</Data><Data Name='CommandLine'>where  /Q repadmin </Data><Data Name='TargetUserSid'>NULL SID</Data><Data Name='TargetUserName'>-</Data><Data Name='TargetDomainName'>-</Data><Data Name='TargetLogonId'>0x0</Data><Data Name='ParentProcessName'>C:\Windows\System32\cmd.exe</Data><Data Name='MandatoryLabel'>Mandatory Label\System Mandatory Level</Data>,4688.0,998638051,,,,,,,,,,,0x8020000000000000,0,,,,0x3e7,,Mandatory Label\System Mandatory Level,,,,,'Microsoft-Windows-Security-Auditing',0x3ae0,C:\Windows\System32\where.exe,,,,,,0,C:\Windows\System32\cmd.exe,,,,'4',0x115c,,where  /Q repadmin,,998638051,,,,,,,MMM,0x3e7,ppppPWBADDC03$,NT AUTHORITY\SYSTEM,,'2026-05-18T19:08:34.8234481Z',<Provider Name='Microsoft-Windows-Security-Auditing' Guid='{54849625-5478-4994-a5ba-3e3b0328c30d}'/><EventID>4688</EventID><Version>2</Version><Level>0</Level><Task>13312</Task><Opcode>0</Opcode><Keywords>0x8020000000000000</Keywords><TimeCreated SystemTime='2026-05-18T19:08:34.8234481Z'/><EventRecordID>998638051</EventRecordID><Correlation/><Execution ProcessID='4' ThreadID='18272'/><Channel>Security</Channel><Computer>ppppPWBADDC03.mmm.hhh.ggg</Computer><Security/>,-,0x0,,,-,NULL SID,,,-,,-,13312,'18272',%%1936,%%1936,1936.0,,,,,2,,,,,2026-05-18T15:08:34.823-0400,allowed,win:unknown,,,,,ppppPWBADDC03.mmm.hhh.ggg,,ppppPWBADDC03.mmm.hhh.ggg,ppppPWBADDC03,998638051,endpoint_services_processes windows_endpoint_processes windows_event_signature windows_process_new wineventlog_security wineventlog_windows winsec,,,ppppPWBADDC03,998638051,occs-sss-windows,1,A new process has been created,C:\Windows\System32\where.exe,0x3ae0,where.exe,,,,,,,C:\Windows\System32\cmd.exe,0x115c,cmd.exe,C:\Windows\System32\cmd.exe,C:\Windows\System32\where.exe /Q repadmin,/Q repadmin,where,where.exe,0x3ae0,where.exe,C:\Windows\System32\where.exe,Windows,<_='://../////'><><_='---'_='{----}'/><></><></><>,,,,,,,,0x3e7,,,A new process has been created,4688,XmlWinEventLog:Security,XmlWinEventLog,bbbbbsplunkes02,,,MMM,,ppppPWBADDC03$,,success,A new process has been created,failure,,,"execute
os
process
report
security
start
track_event_signatures
windows",,,,"execute
os
process
report
security
start
track_event_signatures
windows",,,ppppPWBADDC03$,-,,,,,Microsoft,,Microsoft Windows
,,,,,MMM,,,ppppPWBADDC03$,,,Security,,,,,,where  /Q repadmin,ppppPWBADDC03.mmm.hhh.ggg,,,,-,4688,<Data Name='SubjectUserSid'>NT AUTHORITY\SYSTEM</Data><Data Name='SubjectUserName'>ppppPWBADDC03$</Data><Data Name='SubjectDomainName'>MMM</Data><Data Name='SubjectLogonId'>0x3e7</Data><Data Name='NewProcessId'>0x3910</Data><Data Name='NewProcessName'>C:\Windows\System32\where.exe</Data><Data Name='TokenElevationType'>%%1936</Data><Data Name='ProcessId'>0x3f40</Data><Data Name='CommandLine'>where  /Q repadmin </Data><Data Name='TargetUserSid'>NULL SID</Data><Data Name='TargetUserName'>-</Data><Data Name='TargetDomainName'>-</Data><Data Name='TargetLogonId'>0x0</Data><Data Name='ParentProcessName'>C:\Windows\System32\cmd.exe</Data><Data Name='MandatoryLabel'>Mandatory Label\System Mandatory Level</Data>,4688.0,998631926,,,,,,,,,,,0x8020000000000000,0,,,,0x3e7,,Mandatory Label\System Mandatory Level,,,,,'Microsoft-Windows-Security-Auditing',0x3910,C:\Windows\System32\where.exe,,,,,,0,C:\Windows\System32\cmd.exe,,,,'4',0x3f40,,where  /Q repadmin,,998631926,,,,,,,MMM,0x3e7,ppppPWBADDC03$,NT AUTHORITY\SYSTEM,,'2026-05-18T19:03:32.4513258Z',<Provider Name='Microsoft-Windows-Security-Auditing' Guid='{54849625-5478-4994-a5ba-3e3b0328c30d}'/><EventID>4688</EventID><Version>2</Version><Level>0</Level><Task>13312</Task><Opcode>0</Opcode><Keywords>0x8020000000000000</Keywords><TimeCreated SystemTime='2026-05-18T19:03:32.4513258Z'/><EventRecordID>998631926</EventRecordID><Correlation/><Execution ProcessID='4' ThreadID='9072'/><Channel>Security</Channel><Computer>ppppPWBADDC03.mmm.hhh.ggg</Computer><Security/>,-,0x0,,,-,NULL SID,,,-,,-,13312,'9072',%%1936,%%1936,1936.0,,,,,2,,,,,2026-05-18T15:03:32.451-0400,allowed,win:unknown,,,,,ppppPWBADDC03.mmm.hhh.ggg,,ppppPWBADDC03.mmm.hhh.ggg,ppppPWBADDC03,998631926,endpoint_services_processes windows_endpoint_processes windows_event_signature windows_process_new wineventlog_security wineventlog_windows winsec,,,ppppPWBADDC03,998631926,occs-sss-windows,1,A new process has been created,C:\Windows\System32\where.exe,0x3910,where.exe,,,,,,,C:\Windows\System32\cmd.exe,0x3f40,cmd.exe,C:\Windows\System32\cmd.exe,C:\Windows\System32\where.exe /Q repadmin,/Q repadmin,where,where.exe,0x3910,where.exe,C:\Windows\System32\where.exe,Windows,<_='://../////'><><_='---'_='{----}'/><></><></><>,,,,,,,,0x3e7,,,A new process has been created,4688,XmlWinEventLog:Security,XmlWinEventLog,bbbbbsplunkes01,,,MMM,,ppppPWBADDC03$,,success,A new process has been created,failure,,,"execute
os
process
report
security
start
track_event_signatures
windows",,,,"execute
os
process
report
security
start
track_event_signatures
windows",,,ppppPWBADDC03$,-,,,,,Microsoft,,Microsoft Windows
,,,,,MMM,,,ppppPWBADDC03$,,,Security,,,,,,where  /Q repadmin,ppppPWBADDC03.mmm.hhh.ggg,,,,-,4688,<Data Name='SubjectUserSid'>NT AUTHORITY\SYSTEM</Data><Data Name='SubjectUserName'>ppppPWBADDC03$</Data><Data Name='SubjectDomainName'>MMM</Data><Data Name='SubjectLogonId'>0x3e7</Data><Data Name='NewProcessId'>0x449c</Data><Data Name='NewProcessName'>C:\Windows\System32\where.exe</Data><Data Name='TokenElevationType'>%%1936</Data><Data Name='ProcessId'>0x44ec</Data><Data Name='CommandLine'>where  /Q repadmin </Data><Data Name='TargetUserSid'>NULL SID</Data><Data Name='TargetUserName'>-</Data><Data Name='TargetDomainName'>-</Data><Data Name='TargetLogonId'>0x0</Data><Data Name='ParentProcessName'>C:\Windows\System32\cmd.exe</Data><Data Name='MandatoryLabel'>Mandatory Label\System Mandatory Level</Data>,4688.0,998622442,,,,,,,,,,,0x8020000000000000,0,,,,0x3e7,,Mandatory Label\System Mandatory Level,,,,,'Microsoft-Windows-Security-Auditing',0x449c,C:\Windows\System32\where.exe,,,,,,0,C:\Windows\System32\cmd.exe,,,,'4',0x44ec,,where  /Q repadmin,,998622442,,,,,,,MMM,0x3e7,ppppPWBADDC03$,NT AUTHORITY\SYSTEM,,'2026-05-18T18:58:30.1244020Z',<Provider Name='Microsoft-Windows-Security-Auditing' Guid='{54849625-5478-4994-a5ba-3e3b0328c30d}'/><EventID>4688</EventID><Version>2</Version><Level>0</Level><Task>13312</Task><Opcode>0</Opcode><Keywords>0x8020000000000000</Keywords><TimeCreated SystemTime='2026-05-18T18:58:30.1244020Z'/><EventRecordID>998622442</EventRecordID><Correlation/><Execution ProcessID='4' ThreadID='16444'/><Channel>Security</Channel><Computer>ppppPWBADDC03.mmm.hhh.ggg</Computer><Security/>,-,0x0,,,-,NULL SID,,,-,,-,13312,'16444',%%1936,%%1936,1936.0,,,,,2,,,,,2026-05-18T14:58:30.124-0400,allowed,win:unknown,,,,,ppppPWBADDC03.mmm.hhh.ggg,,ppppPWBADDC03.mmm.hhh.ggg,ppppPWBADDC03,998622442,endpoint_services_processes windows_endpoint_processes windows_event_signature windows_process_new wineventlog_security wineventlog_windows winsec,,,ppppPWBADDC03,998622442,occs-sss-windows,1,A new process has been created,C:\Windows\System32\where.exe,0x449c,where.exe,,,,,,,C:\Windows\System32\cmd.exe,0x44ec,cmd.exe,C:\Windows\System32\cmd.exe,C:\Windows\System32\where.exe /Q repadmin,/Q repadmin,where,where.exe,0x449c,where.exe,C:\Windows\System32\where.exe,Windows,<_='://../////'><><_='---'_='{----}'/><></><></><>,,,,,,,,0x3e7,,,A new process has been created,4688,XmlWinEventLog:Security,XmlWinEventLog,bbbbbsplunkes02,,,MMM,,ppppPWBADDC03$,,success,A new process has been created,failure,,,"execute
os
process
report
security
start
track_event_signatures
windows",,,,"execute
os
process
report
security
start
track_event_signatures
windows",,,ppppPWBADDC03$,-,,,,,Microsoft,,Microsoft Windows
,,,,,MMM,,,ppppPWBADDC03$,,,Security,,,,,,where  /Q repadmin,ppppPWBADDC03.mmm.hhh.ggg,,,,-,4688,<Data Name='SubjectUserSid'>NT AUTHORITY\SYSTEM</Data><Data Name='SubjectUserName'>ppppPWBADDC03$</Data><Data Name='SubjectDomainName'>MMM</Data><Data Name='SubjectLogonId'>0x3e7</Data><Data Name='NewProcessId'>0x1ec0</Data><Data Name='NewProcessName'>C:\Windows\System32\where.exe</Data><Data Name='TokenElevationType'>%%1936</Data><Data Name='ProcessId'>0x1d74</Data><Data Name='CommandLine'>where  /Q repadmin </Data><Data Name='TargetUserSid'>NULL SID</Data><Data Name='TargetUserName'>-</Data><Data Name='TargetDomainName'>-</Data><Data Name='TargetLogonId'>0x0</Data><Data Name='ParentProcessName'>C:\Windows\System32\cmd.exe</Data><Data Name='MandatoryLabel'>Mandatory Label\System Mandatory Level</Data>,4688.0,998616580,,,,,,,,,,,0x8020000000000000,0,,,,0x3e7,,Mandatory Label\System Mandatory Level,,,,,'Microsoft-Windows-Security-Auditing',0x1ec0,C:\Windows\System32\where.exe,,,,,,0,C:\Windows\System32\cmd.exe,,,,'4',0x1d74,,where  /Q repadmin,,998616580,,,,,,,MMM,0x3e7,ppppPWBADDC03$,NT AUTHORITY\SYSTEM,,'2026-05-18T18:53:27.7611442Z',<Provider Name='Microsoft-Windows-Security-Auditing' Guid='{54849625-5478-4994-a5ba-3e3b0328c30d}'/><EventID>4688</EventID><Version>2</Version><Level>0</Level><Task>13312</Task><Opcode>0</Opcode><Keywords>0x8020000000000000</Keywords><TimeCreated SystemTime='2026-05-18T18:53:27.7611442Z'/><EventRecordID>998616580</EventRecordID><Correlation/><Execution ProcessID='4' ThreadID='2552'/><Channel>Security</Channel><Computer>ppppPWBADDC03.mmm.hhh.ggg</Computer><Security/>,-,0x0,,,-,NULL SID,,,-,,-,13312,'2552',%%1936,%%1936,1936.0,,,,,2,,,,,2026-05-18T14:53:27.761-0400,allowed,win:unknown,,,,,ppppPWBADDC03.mmm.hhh.ggg,,ppppPWBADDC03.mmm.hhh.ggg,ppppPWBADDC03,998616580,endpoint_services_processes windows_endpoint_processes windows_event_signature windows_process_new wineventlog_security wineventlog_windows winsec,,,ppppPWBADDC03,998616580,occs-sss-windows,1,A new process has been created,C:\Windows\System32\where.exe,0x1ec0,where.exe,,,,,,,C:\Windows\System32\cmd.exe,0x1d74,cmd.exe,C:\Windows\System32\cmd.exe,C:\Windows\System32\where.exe /Q repadmin,/Q repadmin,where,where.exe,0x1ec0,where.exe,C:\Windows\System32\where.exe,Windows,<_='://../////'><><_='---'_='{----}'/><></><></><>,,,,,,,,0x3e7,,,A new process has been created,4688,XmlWinEventLog:Security,XmlWinEventLog,bbbbbsplunkes03,,,MMM,,ppppPWBADDC03$,,success,A new process has been created,failure,,,"execute
os
process
report
security
start
track_event_signatures
windows",,,,"execute
os
process
report
security
start
track_event_signatures
windows",,,ppppPWBADDC03$,-,,,,,Microsoft,,Microsoft Windows
,,,,,MMM,,,ppppPWBADDC03$,,,Security,,,,,,where  /Q repadmin,ppppPWBADDC03.mmm.hhh.ggg,,,,-,4688,<Data Name='SubjectUserSid'>NT AUTHORITY\SYSTEM</Data><Data Name='SubjectUserName'>ppppPWBADDC03$</Data><Data Name='SubjectDomainName'>MMM</Data><Data Name='SubjectLogonId'>0x3e7</Data><Data Name='NewProcessId'>0x2c68</Data><Data Name='NewProcessName'>C:\Windows\System32\where.exe</Data><Data Name='TokenElevationType'>%%1936</Data><Data Name='ProcessId'>0x3984</Data><Data Name='CommandLine'>where  /Q repadmin </Data><Data Name='TargetUserSid'>NULL SID</Data><Data Name='TargetUserName'>-</Data><Data Name='TargetDomainName'>-</Data><Data Name='TargetLogonId'>0x0</Data><Data Name='ParentProcessName'>C:\Windows\System32\cmd.exe</Data><Data Name='MandatoryLabel'>Mandatory Label\System Mandatory Level</Data>,4688.0,998610345,,,,,,,,,,,0x8020000000000000,0,,,,0x3e7,,Mandatory Label\System Mandatory Level,,,,,'Microsoft-Windows-Security-Auditing',0x2c68,C:\Windows\System32\where.exe,,,,,,0,C:\Windows\System32\cmd.exe,,,,'4',0x3984,,where  /Q repadmin,,998610345,,,,,,,MMM,0x3e7,ppppPWBADDC03$,NT AUTHORITY\SYSTEM,,'2026-05-18T18:48:24.7118301Z',<Provider Name='Microsoft-Windows-Security-Auditing' Guid='{54849625-5478-4994-a5ba-3e3b0328c30d}'/><EventID>4688</EventID><Version>2</Version><Level>0</Level><Task>13312</Task><Opcode>0</Opcode><Keywords>0x8020000000000000</Keywords><TimeCreated SystemTime='2026-05-18T18:48:24.7118301Z'/><EventRecordID>998610345</EventRecordID><Correlation/><Execution ProcessID='4' ThreadID='13580'/><Channel>Security</Channel><Computer>ppppPWBADDC03.mmm.hhh.ggg</Computer><Security/>,-,0x0,,,-,NULL SID,,,-,,-,13312,'13580',%%1936,%%1936,1936.0,,,,,2,,,,,2026-05-18T14:48:24.711-0400,allowed,win:unknown,,,,,ppppPWBADDC03.mmm.hhh.ggg,,ppppPWBADDC03.mmm.hhh.ggg,ppppPWBADDC03,998610345,endpoint_services_processes windows_endpoint_processes windows_event_signature windows_process_new wineventlog_security wineventlog_windows winsec,,,ppppPWBADDC03,998610345,occs-sss-windows,1,A new process has been created,C:\Windows\System32\where.exe,0x2c68,where.exe,,,,,,,C:\Windows\System32\cmd.exe,0x3984,cmd.exe,C:\Windows\System32\cmd.exe,C:\Windows\System32\where.exe /Q repadmin,/Q repadmin,where,where.exe,0x2c68,where.exe,C:\Windows\System32\where.exe,Windows,<_='://../////'><><_='---'_='{----}'/><></><></><>,,,,,,,,0x3e7,,,A new process has been created,4688,XmlWinEventLog:Security,XmlWinEventLog,bbbbbsplunkes02,,,MMM,,ppppPWBADDC03$,,success,A new process has been created,failure,,,"execute
os
process
report
security
start
track_event_signatures
windows",,,,"execute
os
process
report
security
start
track_event_signatures
windows",,,ppppPWBADDC03$,-,,,,,Microsoft,,Microsoft Windows
,,,,,MMM,,,ppppPWBADDC03$,,,Security,,,,,,where  /Q repadmin,ppppPWBADDC03.mmm.hhh.ggg,,,,-,4688,<Data Name='SubjectUserSid'>NT AUTHORITY\SYSTEM</Data><Data Name='SubjectUserName'>ppppPWBADDC03$</Data><Data Name='SubjectDomainName'>MMM</Data><Data Name='SubjectLogonId'>0x3e7</Data><Data Name='NewProcessId'>0x3084</Data><Data Name='NewProcessName'>C:\Windows\System32\where.exe</Data><Data Name='TokenElevationType'>%%1936</Data><Data Name='ProcessId'>0x3e84</Data><Data Name='CommandLine'>where  /Q repadmin </Data><Data Name='TargetUserSid'>NULL SID</Data><Data Name='TargetUserName'>-</Data><Data Name='TargetDomainName'>-</Data><Data Name='TargetLogonId'>0x0</Data><Data Name='ParentProcessName'>C:\Windows\System32\cmd.exe</Data><Data Name='MandatoryLabel'>Mandatory Label\System Mandatory Level</Data>,4688.0,998603330,,,,,,,,,,,0x8020000000000000,0,,,,0x3e7,,Mandatory Label\System Mandatory Level,,,,,'Microsoft-Windows-Security-Auditing',0x3084,C:\Windows\System32\where.exe,,,,,,0,C:\Windows\System32\cmd.exe,,,,'4',0x3e84,,where  /Q repadmin,,998603330,,,,,,,MMM,0x3e7,ppppPWBADDC03$,NT AUTHORITY\SYSTEM,,'2026-05-18T18:43:22.3799944Z',<Provider Name='Microsoft-Windows-Security-Auditing' Guid='{54849625-5478-4994-a5ba-3e3b0328c30d}'/><EventID>4688</EventID><Version>2</Version><Level>0</Level><Task>13312</Task><Opcode>0</Opcode><Keywords>0x8020000000000000</Keywords><TimeCreated SystemTime='2026-05-18T18:43:22.3799944Z'/><EventRecordID>998603330</EventRecordID><Correlation/><Execution ProcessID='4' ThreadID='10088'/><Channel>Security</Channel><Computer>ppppPWBADDC03.mmm.hhh.ggg</Computer><Security/>,-,0x0,,,-,NULL SID,,,-,,-,13312,'10088',%%1936,%%1936,1936.0,,,,,2,,,,,2026-05-18T14:43:22.379-0400,allowed,win:unknown,,,,,ppppPWBADDC03.mmm.hhh.ggg,,ppppPWBADDC03.mmm.hhh.ggg,ppppPWBADDC03,998603330,endpoint_services_processes windows_endpoint_processes windows_event_signature windows_process_new wineventlog_security wineventlog_windows winsec,,,ppppPWBADDC03,998603330,occs-sss-windows,1,A new process has been created,C:\Windows\System32\where.exe,0x3084,where.exe,,,,,,,C:\Windows\System32\cmd.exe,0x3e84,cmd.exe,C:\Windows\System32\cmd.exe,C:\Windows\System32\where.exe /Q repadmin,/Q repadmin,where,where.exe,0x3084,where.exe,C:\Windows\System32\where.exe,Windows,<_='://../////'><><_='---'_='{----}'/><></><></><>,,,,,,,,0x3e7,,,A new process has been created,4688,XmlWinEventLog:Security,XmlWinEventLog,bbbbbsplunkes03,,,MMM,,ppppPWBADDC03$,,success,A new process has been created,failure,,,"execute
os
process
report
security
start
track_event_signatures
windows",,,,"execute
os
process
report
security
start
track_event_signatures
windows",,,ppppPWBADDC03$,-,,,,,Microsoft,,Microsoft Windows
,,,,,MMM,,,ppppPWBADDC03$,,,Security,,,,,,where  /Q repadmin,ppppPWBADDC03.mmm.hhh.ggg,,,,-,4688,<Data Name='SubjectUserSid'>NT AUTHORITY\SYSTEM</Data><Data Name='SubjectUserName'>ppppPWBADDC03$</Data><Data Name='SubjectDomainName'>MMM</Data><Data Name='SubjectLogonId'>0x3e7</Data><Data Name='NewProcessId'>0x45dc</Data><Data Name='NewProcessName'>C:\Windows\System32\where.exe</Data><Data Name='TokenElevationType'>%%1936</Data><Data Name='ProcessId'>0x4658</Data><Data Name='CommandLine'>where  /Q repadmin </Data><Data Name='TargetUserSid'>NULL SID</Data><Data Name='TargetUserName'>-</Data><Data Name='TargetDomainName'>-</Data><Data Name='TargetLogonId'>0x0</Data><Data Name='ParentProcessName'>C:\Windows\System32\cmd.exe</Data><Data Name='MandatoryLabel'>Mandatory Label\System Mandatory Level</Data>,4688.0,998597552,,,,,,,,,,,0x8020000000000000,0,,,,0x3e7,,Mandatory Label\System Mandatory Level,,,,,'Microsoft-Windows-Security-Auditing',0x45dc,C:\Windows\System32\where.exe,,,,,,0,C:\Windows\System32\cmd.exe,,,,'4',0x4658,,where  /Q repadmin,,998597552,,,,,,,MMM,0x3e7,ppppPWBADDC03$,NT AUTHORITY\SYSTEM,,'2026-05-18T18:38:20.0329774Z',<Provider Name='Microsoft-Windows-Security-Auditing' Guid='{54849625-5478-4994-a5ba-3e3b0328c30d}'/><EventID>4688</EventID><Version>2</Version><Level>0</Level><Task>13312</Task><Opcode>0</Opcode><Keywords>0x8020000000000000</Keywords><TimeCreated SystemTime='2026-05-18T18:38:20.0329774Z'/><EventRecordID>998597552</EventRecordID><Correlation/><Execution ProcessID='4' ThreadID='16444'/><Channel>Security</Channel><Computer>ppppPWBADDC03.mmm.hhh.ggg</Computer><Security/>,-,0x0,,,-,NULL SID,,,-,,-,13312,'16444',%%1936,%%1936,1936.0,,,,,2,,,,,2026-05-18T14:38:20.032-0400,allowed,win:unknown,,,,,ppppPWBADDC03.mmm.hhh.ggg,,ppppPWBADDC03.mmm.hhh.ggg,ppppPWBADDC03,998597552,endpoint_services_processes windows_endpoint_processes windows_event_signature windows_process_new wineventlog_security wineventlog_windows winsec,,,ppppPWBADDC03,998597552,occs-sss-windows,1,A new process has been created,C:\Windows\System32\where.exe,0x45dc,where.exe,,,,,,,C:\Windows\System32\cmd.exe,0x4658,cmd.exe,C:\Windows\System32\cmd.exe,C:\Windows\System32\where.exe /Q repadmin,/Q repadmin,where,where.exe,0x45dc,where.exe,C:\Windows\System32\where.exe,Windows,<_='://../////'><><_='---'_='{----}'/><></><></><>,,,,,,,,0x3e7,,,A new process has been created,4688,XmlWinEventLog:Security,XmlWinEventLog,bbbbbsplunkes02,,,MMM,,ppppPWBADDC03$,,success,A new process has been created,failure,,,"execute
os
process
report
security
start
track_event_signatures
windows",,,,"execute
os
process
report
security
start
track_event_signatures
windows",,,ppppPWBADDC03$,-,,,,,Microsoft,,Microsoft Windows
,,,,,MMM,,,ppppPWBADDC03$,,,Security,,,,,,where  /Q repadmin,ppppPWBADDC03.mmm.hhh.ggg,,,,-,4688,<Data Name='SubjectUserSid'>NT AUTHORITY\SYSTEM</Data><Data Name='SubjectUserName'>ppppPWBADDC03$</Data><Data Name='SubjectDomainName'>MMM</Data><Data Name='SubjectLogonId'>0x3e7</Data><Data Name='NewProcessId'>0x45ac</Data><Data Name='NewProcessName'>C:\Windows\System32\where.exe</Data><Data Name='TokenElevationType'>%%1936</Data><Data Name='ProcessId'>0x3e30</Data><Data Name='CommandLine'>where  /Q repadmin </Data><Data Name='TargetUserSid'>NULL SID</Data><Data Name='TargetUserName'>-</Data><Data Name='TargetDomainName'>-</Data><Data Name='TargetLogonId'>0x0</Data><Data Name='ParentProcessName'>C:\Windows\System32\cmd.exe</Data><Data Name='MandatoryLabel'>Mandatory Label\System Mandatory Level</Data>,4688.0,998590696,,,,,,,,,,,0x8020000000000000,0,,,,0x3e7,,Mandatory Label\System Mandatory Level,,,,,'Microsoft-Windows-Security-Auditing',0x45ac,C:\Windows\System32\where.exe,,,,,,0,C:\Windows\System32\cmd.exe,,,,'4',0x3e30,,where  /Q repadmin,,998590696,,,,,,,MMM,0x3e7,ppppPWBADDC03$,NT AUTHORITY\SYSTEM,,'2026-05-18T18:33:17.7010073Z',<Provider Name='Microsoft-Windows-Security-Auditing' Guid='{54849625-5478-4994-a5ba-3e3b0328c30d}'/><EventID>4688</EventID><Version>2</Version><Level>0</Level><Task>13312</Task><Opcode>0</Opcode><Keywords>0x8020000000000000</Keywords><TimeCreated SystemTime='2026-05-18T18:33:17.7010073Z'/><EventRecordID>998590696</EventRecordID><Correlation/><Execution ProcessID='4' ThreadID='9072'/><Channel>Security</Channel><Computer>ppppPWBADDC03.mmm.hhh.ggg</Computer><Security/>,-,0x0,,,-,NULL SID,,,-,,-,13312,'9072',%%1936,%%1936,1936.0,,,,,2,,,,,2026-05-18T14:33:17.701-0400,allowed,win:unknown,,,,,ppppPWBADDC03.mmm.hhh.ggg,,ppppPWBADDC03.mmm.hhh.ggg,ppppPWBADDC03,998590696,endpoint_services_processes windows_endpoint_processes windows_event_signature windows_process_new wineventlog_security wineventlog_windows winsec,,,ppppPWBADDC03,998590696,occs-sss-windows,1,A new process has been created,C:\Windows\System32\where.exe,0x45ac,where.exe,,,,,,,C:\Windows\System32\cmd.exe,0x3e30,cmd.exe,C:\Windows\System32\cmd.exe,C:\Windows\System32\where.exe /Q repadmin,/Q repadmin,where,where.exe,0x45ac,where.exe,C:\Windows\System32\where.exe,Windows,<_='://../////'><><_='---'_='{----}'/><></><></><>,,,,,,,,0x3e7,,,A new process has been created,4688,XmlWinEventLog:Security,XmlWinEventLog,bbbbbsplunkes03,,,MMM,,ppppPWBADDC03$,,success,A new process has been created,failure,,,"execute
os
process
report
security
start
track_event_signatures
windows",,,,"execute
os
process
report
security
start
track_event_signatures
windows",,,ppppPWBADDC03$,-,,,,,Microsoft,,Microsoft Windows
,,,,,MMM,,,ppppPWBADDC03$,,,Security,,,,,,where  /Q repadmin,ppppPWBADDC03.mmm.hhh.ggg,,,,-,4688,<Data Name='SubjectUserSid'>NT AUTHORITY\SYSTEM</Data><Data Name='SubjectUserName'>ppppPWBADDC03$</Data><Data Name='SubjectDomainName'>MMM</Data><Data Name='SubjectLogonId'>0x3e7</Data><Data Name='NewProcessId'>0x3fb0</Data><Data Name='NewProcessName'>C:\Windows\System32\where.exe</Data><Data Name='TokenElevationType'>%%1936</Data><Data Name='ProcessId'>0x314c</Data><Data Name='CommandLine'>where  /Q repadmin </Data><Data Name='TargetUserSid'>NULL SID</Data><Data Name='TargetUserName'>-</Data><Data Name='TargetDomainName'>-</Data><Data Name='TargetLogonId'>0x0</Data><Data Name='ParentProcessName'>C:\Windows\System32\cmd.exe</Data><Data Name='MandatoryLabel'>Mandatory Label\System Mandatory Level</Data>,4688.0,998582863,,,,,,,,,,,0x8020000000000000,0,,,,0x3e7,,Mandatory Label\System Mandatory Level,,,,,'Microsoft-Windows-Security-Auditing',0x3fb0,C:\Windows\System32\where.exe,,,,,,0,C:\Windows\System32\cmd.exe,,,,'4',0x314c,,where  /Q repadmin,,998582863,,,,,,,MMM,0x3e7,ppppPWBADDC03$,NT AUTHORITY\SYSTEM,,'2026-05-18T18:28:14.6412311Z',<Provider Name='Microsoft-Windows-Security-Auditing' Guid='{54849625-5478-4994-a5ba-3e3b0328c30d}'/><EventID>4688</EventID><Version>2</Version><Level>0</Level><Task>13312</Task><Opcode>0</Opcode><Keywords>0x8020000000000000</Keywords><TimeCreated SystemTime='2026-05-18T18:28:14.6412311Z'/><EventRecordID>998582863</EventRecordID><Correlation/><Execution ProcessID='4' ThreadID='5532'/><Channel>Security</Channel><Computer>ppppPWBADDC03.mmm.hhh.ggg</Computer><Security/>,-,0x0,,,-,NULL SID,,,-,,-,13312,'5532',%%1936,%%1936,1936.0,,,,,2,,,,,2026-05-18T14:28:14.641-0400,allowed,win:unknown,,,,,ppppPWBADDC03.mmm.hhh.ggg,,ppppPWBADDC03.mmm.hhh.ggg,ppppPWBADDC03,998582863,endpoint_services_processes windows_endpoint_processes windows_event_signature windows_process_new wineventlog_security wineventlog_windows winsec,,,ppppPWBADDC03,998582863,occs-sss-windows,1,A new process has been created,C:\Windows\System32\where.exe,0x3fb0,where.exe,,,,,,,C:\Windows\System32\cmd.exe,0x314c,cmd.exe,C:\Windows\System32\cmd.exe,C:\Windows\System32\where.exe /Q repadmin,/Q repadmin,where,where.exe,0x3fb0,where.exe,C:\Windows\System32\where.exe,Windows,<_='://../////'><><_='---'_='{----}'/><></><></><>,,,,,,,,0x3e7,,,A new process has been created,4688,XmlWinEventLog:Security,XmlWinEventLog,bbbbbsplunkes03,,,MMM,,ppppPWBADDC03$,,success,A new process has been created,failure,,,"execute
os
process
report
security
start
track_event_signatures
windows",,,,"execute
os
process
report
security
start
track_event_signatures
windows",,,ppppPWBADDC03$,-,,,,,Microsoft,,Microsoft Windows
,,,,,MMM,,,ppppPWBADDC03$,,,Security,,,,,,where  /Q repadmin,ppppPWBADDC03.mmm.hhh.ggg,,,,-,4688,<Data Name='SubjectUserSid'>NT AUTHORITY\SYSTEM</Data><Data Name='SubjectUserName'>ppppPWBADDC03$</Data><Data Name='SubjectDomainName'>MMM</Data><Data Name='SubjectLogonId'>0x3e7</Data><Data Name='NewProcessId'>0x4354</Data><Data Name='NewProcessName'>C:\Windows\System32\where.exe</Data><Data Name='TokenElevationType'>%%1936</Data><Data Name='ProcessId'>0x374</Data><Data Name='CommandLine'>where  /Q repadmin </Data><Data Name='TargetUserSid'>NULL SID</Data><Data Name='TargetUserName'>-</Data><Data Name='TargetDomainName'>-</Data><Data Name='TargetLogonId'>0x0</Data><Data Name='ParentProcessName'>C:\Windows\System32\cmd.exe</Data><Data Name='MandatoryLabel'>Mandatory Label\System Mandatory Level</Data>,4688.0,998575493,,,,,,,,,,,0x8020000000000000,0,,,,0x3e7,,Mandatory Label\System Mandatory Level,,,,,'Microsoft-Windows-Security-Auditing',0x4354,C:\Windows\System32\where.exe,,,,,,0,C:\Windows\System32\cmd.exe,,,,'4',0x374,,where  /Q repadmin,,998575493,,,,,,,MMM,0x3e7,ppppPWBADDC03$,NT AUTHORITY\SYSTEM,,'2026-05-18T18:23:12.2966712Z',<Provider Name='Microsoft-Windows-Security-Auditing' Guid='{54849625-5478-4994-a5ba-3e3b0328c30d}'/><EventID>4688</EventID><Version>2</Version><Level>0</Level><Task>13312</Task><Opcode>0</Opcode><Keywords>0x8020000000000000</Keywords><TimeCreated SystemTime='2026-05-18T18:23:12.2966712Z'/><EventRecordID>998575493</EventRecordID><Correlation/><Execution ProcessID='4' ThreadID='9372'/><Channel>Security</Channel><Computer>ppppPWBADDC03.mmm.hhh.ggg</Computer><Security/>,-,0x0,,,-,NULL SID,,,-,,-,13312,'9372',%%1936,%%1936,1936.0,,,,,2,,,,,2026-05-18T14:23:12.296-0400,allowed,win:unknown,,,,,ppppPWBADDC03.mmm.hhh.ggg,,ppppPWBADDC03.mmm.hhh.ggg,ppppPWBADDC03,998575493,endpoint_services_processes windows_endpoint_processes windows_event_signature windows_process_new wineventlog_security wineventlog_windows winsec,,,ppppPWBADDC03,998575493,occs-sss-windows,1,A new process has been created,C:\Windows\System32\where.exe,0x4354,where.exe,,,,,,,C:\Windows\System32\cmd.exe,0x374,cmd.exe,C:\Windows\System32\cmd.exe,C:\Windows\System32\where.exe /Q repadmin,/Q repadmin,where,where.exe,0x4354,where.exe,C:\Windows\System32\where.exe,Windows,<_='://../////'><><_='---'_='{----}'/><></><></><>,,,,,,,,0x3e7,,,A new process has been created,4688,XmlWinEventLog:Security,XmlWinEventLog,bbbbbsplunkes02,,,MMM,,ppppPWBADDC03$,,success,A new process has been created,failure,,,"execute
os
process
report
security
start
track_event_signatures
windows",,,,"execute
os
process
report
security
start
track_event_signatures
windows",,,ppppPWBADDC03$,-,,,,,Microsoft,,Microsoft Windows
,,,,,MMM,,,ppppPWBADDC03$,,,Security,,,,,,where  /Q repadmin,ppppPWBADDC03.mmm.hhh.ggg,,,,-,4688,<Data Name='SubjectUserSid'>NT AUTHORITY\SYSTEM</Data><Data Name='SubjectUserName'>ppppPWBADDC03$</Data><Data Name='SubjectDomainName'>MMM</Data><Data Name='SubjectLogonId'>0x3e7</Data><Data Name='NewProcessId'>0x4344</Data><Data Name='NewProcessName'>C:\Windows\System32\where.exe</Data><Data Name='TokenElevationType'>%%1936</Data><Data Name='ProcessId'>0x3f24</Data><Data Name='CommandLine'>where  /Q repadmin </Data><Data Name='TargetUserSid'>NULL SID</Data><Data Name='TargetUserName'>-</Data><Data Name='TargetDomainName'>-</Data><Data Name='TargetLogonId'>0x0</Data><Data Name='ParentProcessName'>C:\Windows\System32\cmd.exe</Data><Data Name='MandatoryLabel'>Mandatory Label\System Mandatory Level</Data>,4688.0,998568539,,,,,,,,,,,0x8020000000000000,0,,,,0x3e7,,Mandatory Label\System Mandatory Level,,,,,'Microsoft-Windows-Security-Auditing',0x4344,C:\Windows\System32\where.exe,,,,,,0,C:\Windows\System32\cmd.exe,,,,'4',0x3f24,,where  /Q repadmin,,998568539,,,,,,,MMM,0x3e7,ppppPWBADDC03$,NT AUTHORITY\SYSTEM,,'2026-05-18T18:18:09.9457876Z',<Provider Name='Microsoft-Windows-Security-Auditing' Guid='{54849625-5478-4994-a5ba-3e3b0328c30d}'/><EventID>4688</EventID><Version>2</Version><Level>0</Level><Task>13312</Task><Opcode>0</Opcode><Keywords>0x8020000000000000</Keywords><TimeCreated SystemTime='2026-05-18T18:18:09.9457876Z'/><EventRecordID>998568539</EventRecordID><Correlation/><Execution ProcessID='4' ThreadID='15100'/><Channel>Security</Channel><Computer>ppppPWBADDC03.mmm.hhh.ggg</Computer><Security/>,-,0x0,,,-,NULL SID,,,-,,-,13312,'15100',%%1936,%%1936,1936.0,,,,,2,,,,,2026-05-18T14:18:09.945-0400,allowed,win:unknown,,,,,ppppPWBADDC03.mmm.hhh.ggg,,ppppPWBADDC03.mmm.hhh.ggg,ppppPWBADDC03,998568539,endpoint_services_processes windows_endpoint_processes windows_event_signature windows_process_new wineventlog_security wineventlog_windows winsec,,,ppppPWBADDC03,998568539,occs-sss-windows,1,A new process has been created,C:\Windows\System32\where.exe,0x4344,where.exe,,,,,,,C:\Windows\System32\cmd.exe,0x3f24,cmd.exe,C:\Windows\System32\cmd.exe,C:\Windows\System32\where.exe /Q repadmin,/Q repadmin,where,where.exe,0x4344,where.exe,C:\Windows\System32\where.exe,Windows,<_='://../////'><><_='---'_='{----}'/><></><></><>,,,,,,,,0x3e7,,,A new process has been created,4688,XmlWinEventLog:Security,XmlWinEventLog,bbbbbsplunkes02,,,MMM,,ppppPWBADDC03$,,success,A new process has been created,failure,,,"execute
os
process
report
security
start
track_event_signatures
windows",,,,"execute
os
process
report
security
start
track_event_signatures
windows",,,ppppPWBADDC03$,-,,,,,Microsoft,,Microsoft Windows
,,,,,MMM,,,ppppPWBADDC03$,,,Security,,,,,,where  /Q repadmin,ppppPWBADDC03.mmm.hhh.ggg,,,,-,4688,<Data Name='SubjectUserSid'>NT AUTHORITY\SYSTEM</Data><Data Name='SubjectUserName'>ppppPWBADDC03$</Data><Data Name='SubjectDomainName'>MMM</Data><Data Name='SubjectLogonId'>0x3e7</Data><Data Name='NewProcessId'>0x396c</Data><Data Name='NewProcessName'>C:\Windows\System32\where.exe</Data><Data Name='TokenElevationType'>%%1936</Data><Data Name='ProcessId'>0x439c</Data><Data Name='CommandLine'>where  /Q repadmin </Data><Data Name='TargetUserSid'>NULL SID</Data><Data Name='TargetUserName'>-</Data><Data Name='TargetDomainName'>-</Data><Data Name='TargetLogonId'>0x0</Data><Data Name='ParentProcessName'>C:\Windows\System32\cmd.exe</Data><Data Name='MandatoryLabel'>Mandatory Label\System Mandatory Level</Data>,4688.0,998560058,,,,,,,,,,,0x8020000000000000,0,,,,0x3e7,,Mandatory Label\System Mandatory Level,,,,,'Microsoft-Windows-Security-Auditing',0x396c,C:\Windows\System32\where.exe,,,,,,0,C:\Windows\System32\cmd.exe,,,,'4',0x439c,,where  /Q repadmin,,998560058,,,,,,,MMM,0x3e7,ppppPWBADDC03$,NT AUTHORITY\SYSTEM,,'2026-05-18T18:13:07.6222861Z',<Provider Name='Microsoft-Windows-Security-Auditing' Guid='{54849625-5478-4994-a5ba-3e3b0328c30d}'/><EventID>4688</EventID><Version>2</Version><Level>0</Level><Task>13312</Task><Opcode>0</Opcode><Keywords>0x8020000000000000</Keywords><TimeCreated SystemTime='2026-05-18T18:13:07.6222861Z'/><EventRecordID>998560058</EventRecordID><Correlation/><Execution ProcessID='4' ThreadID='14680'/><Channel>Security</Channel><Computer>ppppPWBADDC03.mmm.hhh.ggg</Computer><Security/>,-,0x0,,,-,NULL SID,,,-,,-,13312,'14680',%%1936,%%1936,1936.0,,,,,2,,,,,2026-05-18T14:13:07.622-0400,allowed,win:unknown,,,,,ppppPWBADDC03.mmm.hhh.ggg,,ppppPWBADDC03.mmm.hhh.ggg,ppppPWBADDC03,998560058,endpoint_services_processes windows_endpoint_processes windows_event_signature windows_process_new wineventlog_security wineventlog_windows winsec,,,ppppPWBADDC03,998560058,occs-sss-windows,1,A new process has been created,C:\Windows\System32\where.exe,0x396c,where.exe,,,,,,,C:\Windows\System32\cmd.exe,0x439c,cmd.exe,C:\Windows\System32\cmd.exe,C:\Windows\System32\where.exe /Q repadmin,/Q repadmin,where,where.exe,0x396c,where.exe,C:\Windows\System32\where.exe,Windows,<_='://../////'><><_='---'_='{----}'/><></><></><>,,,,,,,,0x3e7,,,A new process has been created,4688,XmlWinEventLog:Security,XmlWinEventLog,bbbbbsplunkes01,,,MMM,,ppppPWBADDC03$,,success,A new process has been created,failure,,,"execute
os
process
report
security
start
track_event_signatures
windows",,,,"execute
os
process
report
security
start
track_event_signatures
windows",,,ppppPWBADDC03$,-,,,,,Microsoft,,Microsoft Windows
,,,,,MMM,,,ppppPWBADDC03$,,,Security,,,,,,where  /Q repadmin,ppppPWBADDC03.mmm.hhh.ggg,,,,-,4688,<Data Name='SubjectUserSid'>NT AUTHORITY\SYSTEM</Data><Data Name='SubjectUserName'>ppppPWBADDC03$</Data><Data Name='SubjectDomainName'>MMM</Data><Data Name='SubjectLogonId'>0x3e7</Data><Data Name='NewProcessId'>0x15a0</Data><Data Name='NewProcessName'>C:\Windows\System32\where.exe</Data><Data Name='TokenElevationType'>%%1936</Data><Data Name='ProcessId'>0x365c</Data><Data Name='CommandLine'>where  /Q repadmin </Data><Data Name='TargetUserSid'>NULL SID</Data><Data Name='TargetUserName'>-</Data><Data Name='TargetDomainName'>-</Data><Data Name='TargetLogonId'>0x0</Data><Data Name='ParentProcessName'>C:\Windows\System32\cmd.exe</Data><Data Name='MandatoryLabel'>Mandatory Label\System Mandatory Level</Data>,4688.0,998552422,,,,,,,,,,,0x8020000000000000,0,,,,0x3e7,,Mandatory Label\System Mandatory Level,,,,,'Microsoft-Windows-Security-Auditing',0x15a0,C:\Windows\System32\where.exe,,,,,,0,C:\Windows\System32\cmd.exe,,,,'4',0x365c,,where  /Q repadmin,,998552422,,,,,,,MMM,0x3e7,ppppPWBADDC03$,NT AUTHORITY\SYSTEM,,'2026-05-18T18:08:04.5428074Z',<Provider Name='Microsoft-Windows-Security-Auditing' Guid='{54849625-5478-4994-a5ba-3e3b0328c30d}'/><EventID>4688</EventID><Version>2</Version><Level>0</Level><Task>13312</Task><Opcode>0</Opcode><Keywords>0x8020000000000000</Keywords><TimeCreated SystemTime='2026-05-18T18:08:04.5428074Z'/><EventRecordID>998552422</EventRecordID><Correlation/><Execution ProcessID='4' ThreadID='9372'/><Channel>Security</Channel><Computer>ppppPWBADDC03.mmm.hhh.ggg</Computer><Security/>,-,0x0,,,-,NULL SID,,,-,,-,13312,'9372',%%1936,%%1936,1936.0,,,,,2,,,,,2026-05-18T14:08:04.542-0400,allowed,win:unknown,,,,,ppppPWBADDC03.mmm.hhh.ggg,,ppppPWBADDC03.mmm.hhh.ggg,ppppPWBADDC03,998552422,endpoint_services_processes windows_endpoint_processes windows_event_signature windows_process_new wineventlog_security wineventlog_windows winsec,,,ppppPWBADDC03,998552422,occs-sss-windows,1,A new process has been created,C:\Windows\System32\where.exe,0x15a0,where.exe,,,,,,,C:\Windows\System32\cmd.exe,0x365c,cmd.exe,C:\Windows\System32\cmd.exe,C:\Windows\System32\where.exe /Q repadmin,/Q repadmin,where,where.exe,0x15a0,where.exe,C:\Windows\System32\where.exe,Windows,<_='://../////'><><_='---'_='{----}'/><></><></><>,,,,,,,,0x3e7,,,A new process has been created,4688,XmlWinEventLog:Security,XmlWinEventLog,bbbbbsplunkes01,,,MMM,,ppppPWBADDC03$,,success,A new process has been created,failure,,,"execute
os
process
report
security
start
track_event_signatures
windows",,,,"execute
os
process
report
security
start
track_event_signatures
windows",,,ppppPWBADDC03$,-,,,,,Microsoft,,Microsoft Windows
,,,,,MMM,,,ppppPWBADDC03$,,,Security,,,,,,where  /Q repadmin,ppppPWBADDC03.mmm.hhh.ggg,,,,-,4688,<Data Name='SubjectUserSid'>NT AUTHORITY\SYSTEM</Data><Data Name='SubjectUserName'>ppppPWBADDC03$</Data><Data Name='SubjectDomainName'>MMM</Data><Data Name='SubjectLogonId'>0x3e7</Data><Data Name='NewProcessId'>0x4700</Data><Data Name='NewProcessName'>C:\Windows\System32\where.exe</Data><Data Name='TokenElevationType'>%%1936</Data><Data Name='ProcessId'>0x43bc</Data><Data Name='CommandLine'>where  /Q repadmin </Data><Data Name='TargetUserSid'>NULL SID</Data><Data Name='TargetUserName'>-</Data><Data Name='TargetDomainName'>-</Data><Data Name='TargetLogonId'>0x0</Data><Data Name='ParentProcessName'>C:\Windows\System32\cmd.exe</Data><Data Name='MandatoryLabel'>Mandatory Label\System Mandatory Level</Data>,4688.0,998544022,,,,,,,,,,,0x8020000000000000,0,,,,0x3e7,,Mandatory Label\System Mandatory Level,,,,,'Microsoft-Windows-Security-Auditing',0x4700,C:\Windows\System32\where.exe,,,,,,0,C:\Windows\System32\cmd.exe,,,,'4',0x43bc,,where  /Q repadmin,,998544022,,,,,,,MMM,0x3e7,ppppPWBADDC03$,NT AUTHORITY\SYSTEM,,'2026-05-18T18:03:02.2446577Z',<Provider Name='Microsoft-Windows-Security-Auditing' Guid='{54849625-5478-4994-a5ba-3e3b0328c30d}'/><EventID>4688</EventID><Version>2</Version><Level>0</Level><Task>13312</Task><Opcode>0</Opcode><Keywords>0x8020000000000000</Keywords><TimeCreated SystemTime='2026-05-18T18:03:02.2446577Z'/><EventRecordID>998544022</EventRecordID><Correlation/><Execution ProcessID='4' ThreadID='16268'/><Channel>Security</Channel><Computer>ppppPWBADDC03.mmm.hhh.ggg</Computer><Security/>,-,0x0,,,-,NULL SID,,,-,,-,13312,'16268',%%1936,%%1936,1936.0,,,,,2,,,,,2026-05-18T14:03:02.244-0400,allowed,win:unknown,,,,,ppppPWBADDC03.mmm.hhh.ggg,,ppppPWBADDC03.mmm.hhh.ggg,ppppPWBADDC03,998544022,endpoint_services_processes windows_endpoint_processes windows_event_signature windows_process_new wineventlog_security wineventlog_windows winsec,,,ppppPWBADDC03,998544022,occs-sss-windows,1,A new process has been created,C:\Windows\System32\where.exe,0x4700,where.exe,,,,,,,C:\Windows\System32\cmd.exe,0x43bc,cmd.exe,C:\Windows\System32\cmd.exe,C:\Windows\System32\where.exe /Q repadmin,/Q repadmin,where,where.exe,0x4700,where.exe,C:\Windows\System32\where.exe,Windows,<_='://../////'><><_='---'_='{----}'/><></><></><>,,,,,,,,0x3e7,,,A new process has been created,4688,XmlWinEventLog:Security,XmlWinEventLog,bbbbbsplunkes01,,,MMM,,ppppPWBADDC03$,,success,A new process has been created,failure,,,"execute
os
process
report
security
start
track_event_signatures
windows",,,,"execute
os
process
report
security
start
track_event_signatures
windows",,,ppppPWBADDC03$,-,,,,,Microsoft,,Microsoft Windows
,,,,,MMM,,,ppppPWBADDC03$,,,Security,,,,,,where  /Q repadmin,ppppPWBADDC03.mmm.hhh.ggg,,,,-,4688,<Data Name='SubjectUserSid'>NT AUTHORITY\SYSTEM</Data><Data Name='SubjectUserName'>ppppPWBADDC03$</Data><Data Name='SubjectDomainName'>MMM</Data><Data Name='SubjectLogonId'>0x3e7</Data><Data Name='NewProcessId'>0x2754</Data><Data Name='NewProcessName'>C:\Windows\System32\where.exe</Data><Data Name='TokenElevationType'>%%1936</Data><Data Name='ProcessId'>0x2524</Data><Data Name='CommandLine'>where  /Q repadmin </Data><Data Name='TargetUserSid'>NULL SID</Data><Data Name='TargetUserName'>-</Data><Data Name='TargetDomainName'>-</Data><Data Name='TargetLogonId'>0x0</Data><Data Name='ParentProcessName'>C:\Windows\System32\cmd.exe</Data><Data Name='MandatoryLabel'>Mandatory Label\System Mandatory Level</Data>,4688.0,998536517,,,,,,,,,,,0x8020000000000000,0,,,,0x3e7,,Mandatory Label\System Mandatory Level,,,,,'Microsoft-Windows-Security-Auditing',0x2754,C:\Windows\System32\where.exe,,,,,,0,C:\Windows\System32\cmd.exe,,,,'4',0x2524,,where  /Q repadmin,,998536517,,,,,,,MMM,0x3e7,ppppPWBADDC03$,NT AUTHORITY\SYSTEM,,'2026-05-18T17:57:59.8702975Z',<Provider Name='Microsoft-Windows-Security-Auditing' Guid='{54849625-5478-4994-a5ba-3e3b0328c30d}'/><EventID>4688</EventID><Version>2</Version><Level>0</Level><Task>13312</Task><Opcode>0</Opcode><Keywords>0x8020000000000000</Keywords><TimeCreated SystemTime='2026-05-18T17:57:59.8702975Z'/><EventRecordID>998536517</EventRecordID><Correlation/><Execution ProcessID='4' ThreadID='14316'/><Channel>Security</Channel><Computer>ppppPWBADDC03.mmm.hhh.ggg</Computer><Security/>,-,0x0,,,-,NULL SID,,,-,,-,13312,'14316',%%1936,%%1936,1936.0,,,,,2,,,,,2026-05-18T13:57:59.870-0400,allowed,win:unknown,,,,,ppppPWBADDC03.mmm.hhh.ggg,,ppppPWBADDC03.mmm.hhh.ggg,ppppPWBADDC03,998536517,endpoint_services_processes windows_endpoint_processes windows_event_signature windows_process_new wineventlog_security wineventlog_windows winsec,,,ppppPWBADDC03,998536517,occs-sss-windows,1,A new process has been created,C:\Windows\System32\where.exe,0x2754,where.exe,,,,,,,C:\Windows\System32\cmd.exe,0x2524,cmd.exe,C:\Windows\System32\cmd.exe,C:\Windows\System32\where.exe /Q repadmin,/Q repadmin,where,where.exe,0x2754,where.exe,C:\Windows\System32\where.exe,Windows,<_='://../////'><><_='---'_='{----}'/><></><></><>,,,,,,,,0x3e7,,,A new process has been created,4688,XmlWinEventLog:Security,XmlWinEventLog,bbbbbsplunkes02,,,MMM,,ppppPWBADDC03$,,success,A new process has been created,failure,,,"execute
os
process
report
security
start
track_event_signatures
windows",,,,"execute
os
process
report
security
start
track_event_signatures
windows",,,ppppPWBADDC03$,-,,,,,Microsoft,,Microsoft Windows
,,,,,MMM,,,ppppPWBADDC03$,,,Security,,,,,,where  /Q repadmin,ppppPWBADDC03.mmm.hhh.ggg,,,,-,4688,<Data Name='SubjectUserSid'>NT AUTHORITY\SYSTEM</Data><Data Name='SubjectUserName'>ppppPWBADDC03$</Data><Data Name='SubjectDomainName'>MMM</Data><Data Name='SubjectLogonId'>0x3e7</Data><Data Name='NewProcessId'>0x15fc</Data><Data Name='NewProcessName'>C:\Windows\System32\where.exe</Data><Data Name='TokenElevationType'>%%1936</Data><Data Name='ProcessId'>0x2498</Data><Data Name='CommandLine'>where  /Q repadmin </Data><Data Name='TargetUserSid'>NULL SID</Data><Data Name='TargetUserName'>-</Data><Data Name='TargetDomainName'>-</Data><Data Name='TargetLogonId'>0x0</Data><Data Name='ParentProcessName'>C:\Windows\System32\cmd.exe</Data><Data Name='MandatoryLabel'>Mandatory Label\System Mandatory Level</Data>,4688.0,998529790,,,,,,,,,,,0x8020000000000000,0,,,,0x3e7,,Mandatory Label\System Mandatory Level,,,,,'Microsoft-Windows-Security-Auditing',0x15fc,C:\Windows\System32\where.exe,,,,,,0,C:\Windows\System32\cmd.exe,,,,'4',0x2498,,where  /Q repadmin,,998529790,,,,,,,MMM,0x3e7,ppppPWBADDC03$,NT AUTHORITY\SYSTEM,,'2026-05-18T17:52:57.4749005Z',<Provider Name='Microsoft-Windows-Security-Auditing' Guid='{54849625-5478-4994-a5ba-3e3b0328c30d}'/><EventID>4688</EventID><Version>2</Version><Level>0</Level><Task>13312</Task><Opcode>0</Opcode><Keywords>0x8020000000000000</Keywords><TimeCreated SystemTime='2026-05-18T17:52:57.4749005Z'/><EventRecordID>998529790</EventRecordID><Correlation/><Execution ProcessID='4' ThreadID='7836'/><Channel>Security</Channel><Computer>ppppPWBADDC03.mmm.hhh.ggg</Computer><Security/>,-,0x0,,,-,NULL SID,,,-,,-,13312,'7836',%%1936,%%1936,1936.0,,,,,2,,,,,2026-05-18T13:52:57.474-0400,allowed,win:unknown,,,,,ppppPWBADDC03.mmm.hhh.ggg,,ppppPWBADDC03.mmm.hhh.ggg,ppppPWBADDC03,998529790,endpoint_services_processes windows_endpoint_processes windows_event_signature windows_process_new wineventlog_security wineventlog_windows winsec,,,ppppPWBADDC03,998529790,occs-sss-windows,1,A new process has been created,C:\Windows\System32\where.exe,0x15fc,where.exe,,,,,,,C:\Windows\System32\cmd.exe,0x2498,cmd.exe,C:\Windows\System32\cmd.exe,C:\Windows\System32\where.exe /Q repadmin,/Q repadmin,where,where.exe,0x15fc,where.exe,C:\Windows\System32\where.exe,Windows,<_='://../////'><><_='---'_='{----}'/><></><></><>,,,,,,,,0x3e7,,,A new process has been created,4688,XmlWinEventLog:Security,XmlWinEventLog,bbbbbsplunkes02,,,MMM,,ppppPWBADDC03$,,success,A new process has been created,failure,,,"execute
os
process
report
security
start
track_event_signatures
windows",,,,"execute
os
process
report
security
start
track_event_signatures
windows",,,ppppPWBADDC03$,-,,,,,Microsoft,,Microsoft Windows
,,,,,MMM,,,ppppPWBADDC03$,,,Security,,,,,,where  /Q repadmin,ppppPWBADDC03.mmm.hhh.ggg,,,,-,4688,<Data Name='SubjectUserSid'>NT AUTHORITY\SYSTEM</Data><Data Name='SubjectUserName'>ppppPWBADDC03$</Data><Data Name='SubjectDomainName'>MMM</Data><Data Name='SubjectLogonId'>0x3e7</Data><Data Name='NewProcessId'>0x2b00</Data><Data Name='NewProcessName'>C:\Windows\System32\where.exe</Data><Data Name='TokenElevationType'>%%1936</Data><Data Name='ProcessId'>0x426c</Data><Data Name='CommandLine'>where  /Q repadmin </Data><Data Name='TargetUserSid'>NULL SID</Data><Data Name='TargetUserName'>-</Data><Data Name='TargetDomainName'>-</Data><Data Name='TargetLogonId'>0x0</Data><Data Name='ParentProcessName'>C:\Windows\System32\cmd.exe</Data><Data Name='MandatoryLabel'>Mandatory Label\System Mandatory Level</Data>,4688.0,998522009,,,,,,,,,,,0x8020000000000000,0,,,,0x3e7,,Mandatory Label\System Mandatory Level,,,,,'Microsoft-Windows-Security-Auditing',0x2b00,C:\Windows\System32\where.exe,,,,,,0,C:\Windows\System32\cmd.exe,,,,'4',0x426c,,where  /Q repadmin,,998522009,,,,,,,MMM,0x3e7,ppppPWBADDC03$,NT AUTHORITY\SYSTEM,,'2026-05-18T17:47:54.4271437Z',<Provider Name='Microsoft-Windows-Security-Auditing' Guid='{54849625-5478-4994-a5ba-3e3b0328c30d}'/><EventID>4688</EventID><Version>2</Version><Level>0</Level><Task>13312</Task><Opcode>0</Opcode><Keywords>0x8020000000000000</Keywords><TimeCreated SystemTime='2026-05-18T17:47:54.4271437Z'/><EventRecordID>998522009</EventRecordID><Correlation/><Execution ProcessID='4' ThreadID='8124'/><Channel>Security</Channel><Computer>ppppPWBADDC03.mmm.hhh.ggg</Computer><Security/>,-,0x0,,,-,NULL SID,,,-,,-,13312,'8124',%%1936,%%1936,1936.0,,,,,2,,,,,2026-05-18T13:47:54.427-0400,allowed,win:unknown,,,,,ppppPWBADDC03.mmm.hhh.ggg,,ppppPWBADDC03.mmm.hhh.ggg,ppppPWBADDC03,998522009,endpoint_services_processes windows_endpoint_processes windows_event_signature windows_process_new wineventlog_security wineventlog_windows winsec,,,ppppPWBADDC03,998522009,occs-sss-windows,1,A new process has been created,C:\Windows\System32\where.exe,0x2b00,where.exe,,,,,,,C:\Windows\System32\cmd.exe,0x426c,cmd.exe,C:\Windows\System32\cmd.exe,C:\Windows\System32\where.exe /Q repadmin,/Q repadmin,where,where.exe,0x2b00,where.exe,C:\Windows\System32\where.exe,Windows,<_='://../////'><><_='---'_='{----}'/><></><></><>,,,,,,,,0x3e7,,,A new process has been created,4688,XmlWinEventLog:Security,XmlWinEventLog,bbbbbsplunkes01,,,MMM,,ppppPWBADDC03$,,success,A new process has been created,failure,,,"execute
os
process
report
security
start
track_event_signatures
windows",,,,"execute
os
process
report
security
start
track_event_signatures
windows",,,ppppPWBADDC03$,-,,,,,Microsoft,,Microsoft Windows
,,,,,MMM,,,ppppPWBADDC03$,,,Security,,,,,,where  /Q repadmin,ppppPWBADDC03.mmm.hhh.ggg,,,,-,4688,<Data Name='SubjectUserSid'>NT AUTHORITY\SYSTEM</Data><Data Name='SubjectUserName'>ppppPWBADDC03$</Data><Data Name='SubjectDomainName'>MMM</Data><Data Name='SubjectLogonId'>0x3e7</Data><Data Name='NewProcessId'>0x3b74</Data><Data Name='NewProcessName'>C:\Windows\System32\where.exe</Data><Data Name='TokenElevationType'>%%1936</Data><Data Name='ProcessId'>0x3c58</Data><Data Name='CommandLine'>where  /Q repadmin </Data><Data Name='TargetUserSid'>NULL SID</Data><Data Name='TargetUserName'>-</Data><Data Name='TargetDomainName'>-</Data><Data Name='TargetLogonId'>0x0</Data><Data Name='ParentProcessName'>C:\Windows\System32\cmd.exe</Data><Data Name='MandatoryLabel'>Mandatory Label\System Mandatory Level</Data>,4688.0,998515741,,,,,,,,,,,0x8020000000000000,0,,,,0x3e7,,Mandatory Label\System Mandatory Level,,,,,'Microsoft-Windows-Security-Auditing',0x3b74,C:\Windows\System32\where.exe,,,,,,0,C:\Windows\System32\cmd.exe,,,,'4',0x3c58,,where  /Q repadmin,,998515741,,,,,,,MMM,0x3e7,ppppPWBADDC03$,NT AUTHORITY\SYSTEM,,'2026-05-18T17:42:52.0560924Z',<Provider Name='Microsoft-Windows-Security-Auditing' Guid='{54849625-5478-4994-a5ba-3e3b0328c30d}'/><EventID>4688</EventID><Version>2</Version><Level>0</Level><Task>13312</Task><Opcode>0</Opcode><Keywords>0x8020000000000000</Keywords><TimeCreated SystemTime='2026-05-18T17:42:52.0560924Z'/><EventRecordID>998515741</EventRecordID><Correlation/><Execution ProcessID='4' ThreadID='17324'/><Channel>Security</Channel><Computer>ppppPWBADDC03.mmm.hhh.ggg</Computer><Security/>,-,0x0,,,-,NULL SID,,,-,,-,13312,'17324',%%1936,%%1936,1936.0,,,,,2,,,,,2026-05-18T13:42:52.056-0400,allowed,win:unknown,,,,,ppppPWBADDC03.mmm.hhh.ggg,,ppppPWBADDC03.mmm.hhh.ggg,ppppPWBADDC03,998515741,endpoint_services_processes windows_endpoint_processes windows_event_signature windows_process_new wineventlog_security wineventlog_windows winsec,,,ppppPWBADDC03,998515741,occs-sss-windows,1,A new process has been created,C:\Windows\System32\where.exe,0x3b74,where.exe,,,,,,,C:\Windows\System32\cmd.exe,0x3c58,cmd.exe,C:\Windows\System32\cmd.exe,C:\Windows\System32\where.exe /Q repadmin,/Q repadmin,where,where.exe,0x3b74,where.exe,C:\Windows\System32\where.exe,Windows,<_='://../////'><><_='---'_='{----}'/><></><></><>,,,,,,,,0x3e7,,,A new process has been created,4688,XmlWinEventLog:Security,XmlWinEventLog,bbbbbsplunkes03,,,MMM,,ppppPWBADDC03$,,success,A new process has been created,failure,,,"execute
os
process
report
security
start
track_event_signatures
windows",,,,"execute
os
process
report
security
start
track_event_signatures
windows",,,ppppPWBADDC03$,-,,,,,Microsoft,,Microsoft Windows
,,,,,MMM,,,ppppPWBADDC03$,,,Security,,,,,,where  /Q repadmin,ppppPWBADDC03.mmm.hhh.ggg,,,,-,4688,<Data Name='SubjectUserSid'>NT AUTHORITY\SYSTEM</Data><Data Name='SubjectUserName'>ppppPWBADDC03$</Data><Data Name='SubjectDomainName'>MMM</Data><Data Name='SubjectLogonId'>0x3e7</Data><Data Name='NewProcessId'>0x3664</Data><Data Name='NewProcessName'>C:\Windows\System32\where.exe</Data><Data Name='TokenElevationType'>%%1936</Data><Data Name='ProcessId'>0x3890</Data><Data Name='CommandLine'>where  /Q repadmin </Data><Data Name='TargetUserSid'>NULL SID</Data><Data Name='TargetUserName'>-</Data><Data Name='TargetDomainName'>-</Data><Data Name='TargetLogonId'>0x0</Data><Data Name='ParentProcessName'>C:\Windows\System32\cmd.exe</Data><Data Name='MandatoryLabel'>Mandatory Label\System Mandatory Level</Data>,4688.0,998509848,,,,,,,,,,,0x8020000000000000,0,,,,0x3e7,,Mandatory Label\System Mandatory Level,,,,,'Microsoft-Windows-Security-Auditing',0x3664,C:\Windows\System32\where.exe,,,,,,0,C:\Windows\System32\cmd.exe,,,,'4',0x3890,,where  /Q repadmin,,998509848,,,,,,,MMM,0x3e7,ppppPWBADDC03$,NT AUTHORITY\SYSTEM,,'2026-05-18T17:37:49.7167756Z',<Provider Name='Microsoft-Windows-Security-Auditing' Guid='{54849625-5478-4994-a5ba-3e3b0328c30d}'/><EventID>4688</EventID><Version>2</Version><Level>0</Level><Task>13312</Task><Opcode>0</Opcode><Keywords>0x8020000000000000</Keywords><TimeCreated SystemTime='2026-05-18T17:37:49.7167756Z'/><EventRecordID>998509848</EventRecordID><Correlation/><Execution ProcessID='4' ThreadID='10916'/><Channel>Security</Channel><Computer>ppppPWBADDC03.mmm.hhh.ggg</Computer><Security/>,-,0x0,,,-,NULL SID,,,-,,-,13312,'10916',%%1936,%%1936,1936.0,,,,,2,,,,,2026-05-18T13:37:49.716-0400,allowed,win:unknown,,,,,ppppPWBADDC03.mmm.hhh.ggg,,ppppPWBADDC03.mmm.hhh.ggg,ppppPWBADDC03,998509848,endpoint_services_processes windows_endpoint_processes windows_event_signature windows_process_new wineventlog_security wineventlog_windows winsec,,,ppppPWBADDC03,998509848,occs-sss-windows,1,A new process has been created,C:\Windows\System32\where.exe,0x3664,where.exe,,,,,,,C:\Windows\System32\cmd.exe,0x3890,cmd.exe,C:\Windows\System32\cmd.exe,C:\Windows\System32\where.exe /Q repadmin,/Q repadmin,where,where.exe,0x3664,where.exe,C:\Windows\System32\where.exe,Windows,<_='://../////'><><_='---'_='{----}'/><></><></><>,,,,,,,,0x3e7,,,A new process has been created,4688,XmlWinEventLog:Security,XmlWinEventLog,bbbbbsplunkes02,,,MMM,,ppppPWBADDC03$,,success,A new process has been created,failure,,,"execute
os
process
report
security
start
track_event_signatures
windows",,,,"execute
os
process
report
security
start
track_event_signatures
windows",,,ppppPWBADDC03$,-,,,,,Microsoft,,Microsoft Windows
,,,,,MMM,,,ppppPWBADDC03$,,,Security,,,,,,where  /Q repadmin,ppppPWBADDC03.mmm.hhh.ggg,,,,-,4688,<Data Name='SubjectUserSid'>NT AUTHORITY\SYSTEM</Data><Data Name='SubjectUserName'>ppppPWBADDC03$</Data><Data Name='SubjectDomainName'>MMM</Data><Data Name='SubjectLogonId'>0x3e7</Data><Data Name='NewProcessId'>0x37e8</Data><Data Name='NewProcessName'>C:\Windows\System32\where.exe</Data><Data Name='TokenElevationType'>%%1936</Data><Data Name='ProcessId'>0x24d0</Data><Data Name='CommandLine'>where  /Q repadmin </Data><Data Name='TargetUserSid'>NULL SID</Data><Data Name='TargetUserName'>-</Data><Data Name='TargetDomainName'>-</Data><Data Name='TargetLogonId'>0x0</Data><Data Name='ParentProcessName'>C:\Windows\System32\cmd.exe</Data><Data Name='MandatoryLabel'>Mandatory Label\System Mandatory Level</Data>,4688.0,998502866,,,,,,,,,,,0x8020000000000000,0,,,,0x3e7,,Mandatory Label\System Mandatory Level,,,,,'Microsoft-Windows-Security-Auditing',0x37e8,C:\Windows\System32\where.exe,,,,,,0,C:\Windows\System32\cmd.exe,,,,'4',0x24d0,,where  /Q repadmin,,998502866,,,,,,,MMM,0x3e7,ppppPWBADDC03$,NT AUTHORITY\SYSTEM,,'2026-05-18T17:32:47.3879821Z',<Provider Name='Microsoft-Windows-Security-Auditing' Guid='{54849625-5478-4994-a5ba-3e3b0328c30d}'/><EventID>4688</EventID><Version>2</Version><Level>0</Level><Task>13312</Task><Opcode>0</Opcode><Keywords>0x8020000000000000</Keywords><TimeCreated SystemTime='2026-05-18T17:32:47.3879821Z'/><EventRecordID>998502866</EventRecordID><Correlation/><Execution ProcessID='4' ThreadID='11928'/><Channel>Security</Channel><Computer>ppppPWBADDC03.mmm.hhh.ggg</Computer><Security/>,-,0x0,,,-,NULL SID,,,-,,-,13312,'11928',%%1936,%%1936,1936.0,,,,,2,,,,,2026-05-18T13:32:47.387-0400,allowed,win:unknown,,,,,ppppPWBADDC03.mmm.hhh.ggg,,ppppPWBADDC03.mmm.hhh.ggg,ppppPWBADDC03,998502866,endpoint_services_processes windows_endpoint_processes windows_event_signature windows_process_new wineventlog_security wineventlog_windows winsec,,,ppppPWBADDC03,998502866,occs-sss-windows,1,A new process has been created,C:\Windows\System32\where.exe,0x37e8,where.exe,,,,,,,C:\Windows\System32\cmd.exe,0x24d0,cmd.exe,C:\Windows\System32\cmd.exe,C:\Windows\System32\where.exe /Q repadmin,/Q repadmin,where,where.exe,0x37e8,where.exe,C:\Windows\System32\where.exe,Windows,<_='://../////'><><_='---'_='{----}'/><></><></><>,,,,,,,,0x3e7,,,A new process has been created,4688,XmlWinEventLog:Security,XmlWinEventLog,bbbbbsplunkes03,,,MMM,,ppppPWBADDC03$,,success,A new process has been created,failure,,,"execute
os
process
report
security
start
track_event_signatures
windows",,,,"execute
os
process
report
security
start
track_event_signatures
windows",,,ppppPWBADDC03$,-,,,,,Microsoft,,Microsoft Windows
,,,,,MMM,,,ppppPWBADDC03$,,,Security,,,,,,where  /Q repadmin,ppppPWBADDC03.mmm.hhh.ggg,,,,-,4688,<Data Name='SubjectUserSid'>NT AUTHORITY\SYSTEM</Data><Data Name='SubjectUserName'>ppppPWBADDC03$</Data><Data Name='SubjectDomainName'>MMM</Data><Data Name='SubjectLogonId'>0x3e7</Data><Data Name='NewProcessId'>0x2a64</Data><Data Name='NewProcessName'>C:\Windows\System32\where.exe</Data><Data Name='TokenElevationType'>%%1936</Data><Data Name='ProcessId'>0x228c</Data><Data Name='CommandLine'>where  /Q repadmin </Data><Data Name='TargetUserSid'>NULL SID</Data><Data Name='TargetUserName'>-</Data><Data Name='TargetDomainName'>-</Data><Data Name='TargetLogonId'>0x0</Data><Data Name='ParentProcessName'>C:\Windows\System32\cmd.exe</Data><Data Name='MandatoryLabel'>Mandatory Label\System Mandatory Level</Data>,4688.0,998495956,,,,,,,,,,,0x8020000000000000,0,,,,0x3e7,,Mandatory Label\System Mandatory Level,,,,,'Microsoft-Windows-Security-Auditing',0x2a64,C:\Windows\System32\where.exe,,,,,,0,C:\Windows\System32\cmd.exe,,,,'4',0x228c,,where  /Q repadmin,,998495956,,,,,,,MMM,0x3e7,ppppPWBADDC03$,NT AUTHORITY\SYSTEM,,'2026-05-18T17:27:44.3172463Z',<Provider Name='Microsoft-Windows-Security-Auditing' Guid='{54849625-5478-4994-a5ba-3e3b0328c30d}'/><EventID>4688</EventID><Version>2</Version><Level>0</Level><Task>13312</Task><Opcode>0</Opcode><Keywords>0x8020000000000000</Keywords><TimeCreated SystemTime='2026-05-18T17:27:44.3172463Z'/><EventRecordID>998495956</EventRecordID><Correlation/><Execution ProcessID='4' ThreadID='10044'/><Channel>Security</Channel><Computer>ppppPWBADDC03.mmm.hhh.ggg</Computer><Security/>,-,0x0,,,-,NULL SID,,,-,,-,13312,'10044',%%1936,%%1936,1936.0,,,,,2,,,,,2026-05-18T13:27:44.317-0400,allowed,win:unknown,,,,,ppppPWBADDC03.mmm.hhh.ggg,,ppppPWBADDC03.mmm.hhh.ggg,ppppPWBADDC03,998495956,endpoint_services_processes windows_endpoint_processes windows_event_signature windows_process_new wineventlog_security wineventlog_windows winsec,,,ppppPWBADDC03,998495956,occs-sss-windows,1,A new process has been created,C:\Windows\System32\where.exe,0x2a64,where.exe,,,,,,,C:\Windows\System32\cmd.exe,0x228c,cmd.exe,C:\Windows\System32\cmd.exe,C:\Windows\System32\where.exe /Q repadmin,/Q repadmin,where,where.exe,0x2a64,where.exe,C:\Windows\System32\where.exe,Windows,<_='://../////'><><_='---'_='{----}'/><></><></><>,,,,,,,,0x3e7,,,A new process has been created,4688,XmlWinEventLog:Security,XmlWinEventLog,bbbbbsplunkes02,,,MMM,,ppppPWBADDC03$,,success,A new process has been created,failure,,,"execute
os
process
report
security
start
track_event_signatures
windows",,,,"execute
os
process
report
security
start
track_event_signatures
windows",,,ppppPWBADDC03$,-,,,,,Microsoft,,Microsoft Windows
,,,,,MMM,,,ppppPWBADDC03$,,,Security,,,,,,where  /Q repadmin,ppppPWBADDC03.mmm.hhh.ggg,,,,-,4688,<Data Name='SubjectUserSid'>NT AUTHORITY\SYSTEM</Data><Data Name='SubjectUserName'>ppppPWBADDC03$</Data><Data Name='SubjectDomainName'>MMM</Data><Data Name='SubjectLogonId'>0x3e7</Data><Data Name='NewProcessId'>0x3984</Data><Data Name='NewProcessName'>C:\Windows\System32\where.exe</Data><Data Name='TokenElevationType'>%%1936</Data><Data Name='ProcessId'>0x13a4</Data><Data Name='CommandLine'>where  /Q repadmin </Data><Data Name='TargetUserSid'>NULL SID</Data><Data Name='TargetUserName'>-</Data><Data Name='TargetDomainName'>-</Data><Data Name='TargetLogonId'>0x0</Data><Data Name='ParentProcessName'>C:\Windows\System32\cmd.exe</Data><Data Name='MandatoryLabel'>Mandatory Label\System Mandatory Level</Data>,4688.0,998488561,,,,,,,,,,,0x8020000000000000,0,,,,0x3e7,,Mandatory Label\System Mandatory Level,,,,,'Microsoft-Windows-Security-Auditing',0x3984,C:\Windows\System32\where.exe,,,,,,0,C:\Windows\System32\cmd.exe,,,,'4',0x13a4,,where  /Q repadmin,,998488561,,,,,,,MMM,0x3e7,ppppPWBADDC03$,NT AUTHORITY\SYSTEM,,'2026-05-18T17:22:41.9263127Z',<Provider Name='Microsoft-Windows-Security-Auditing' Guid='{54849625-5478-4994-a5ba-3e3b0328c30d}'/><EventID>4688</EventID><Version>2</Version><Level>0</Level><Task>13312</Task><Opcode>0</Opcode><Keywords>0x8020000000000000</Keywords><TimeCreated SystemTime='2026-05-18T17:22:41.9263127Z'/><EventRecordID>998488561</EventRecordID><Correlation/><Execution ProcessID='4' ThreadID='13580'/><Channel>Security</Channel><Computer>ppppPWBADDC03.mmm.hhh.ggg</Computer><Security/>,-,0x0,,,-,NULL SID,,,-,,-,13312,'13580',%%1936,%%1936,1936.0,,,,,2,,,,,2026-05-18T13:22:41.926-0400,allowed,win:unknown,,,,,ppppPWBADDC03.mmm.hhh.ggg,,ppppPWBADDC03.mmm.hhh.ggg,ppppPWBADDC03,998488561,endpoint_services_processes windows_endpoint_processes windows_event_signature windows_process_new wineventlog_security wineventlog_windows winsec,,,ppppPWBADDC03,998488561,occs-sss-windows,1,A new process has been created,C:\Windows\System32\where.exe,0x3984,where.exe,,,,,,,C:\Windows\System32\cmd.exe,0x13a4,cmd.exe,C:\Windows\System32\cmd.exe,C:\Windows\System32\where.exe /Q repadmin,/Q repadmin,where,where.exe,0x3984,where.exe,C:\Windows\System32\where.exe,Windows,<_='://../////'><><_='---'_='{----}'/><></><></><>,,,,,,,,0x3e7,,,A new process has been created,4688,XmlWinEventLog:Security,XmlWinEventLog,bbbbbsplunkes03,,,MMM,,ppppPWBADDC03$,,success,A new process has been created,failure,,,"execute
os
process
report
security
start
track_event_signatures
windows",,,,"execute
os
process
report
security
start
track_event_signatures
windows",,,ppppPWBADDC03$,-,,,,,Microsoft,,Microsoft Windows
,,,,,MMM,,,ppppPWBADDC03$,,,Security,,,,,,where  /Q repadmin,ppppPWBADDC03.mmm.hhh.ggg,,,,-,4688,<Data Name='SubjectUserSid'>NT AUTHORITY\SYSTEM</Data><Data Name='SubjectUserName'>ppppPWBADDC03$</Data><Data Name='SubjectDomainName'>MMM</Data><Data Name='SubjectLogonId'>0x3e7</Data><Data Name='NewProcessId'>0x2704</Data><Data Name='NewProcessName'>C:\Windows\System32\where.exe</Data><Data Name='TokenElevationType'>%%1936</Data><Data Name='ProcessId'>0x4068</Data><Data Name='CommandLine'>where  /Q repadmin </Data><Data Name='TargetUserSid'>NULL SID</Data><Data Name='TargetUserName'>-</Data><Data Name='TargetDomainName'>-</Data><Data Name='TargetLogonId'>0x0</Data><Data Name='ParentProcessName'>C:\Windows\System32\cmd.exe</Data><Data Name='MandatoryLabel'>Mandatory Label\System Mandatory Level</Data>,4688.0,998481659,,,,,,,,,,,0x8020000000000000,0,,,,0x3e7,,Mandatory Label\System Mandatory Level,,,,,'Microsoft-Windows-Security-Auditing',0x2704,C:\Windows\System32\where.exe,,,,,,0,C:\Windows\System32\cmd.exe,,,,'4',0x4068,,where  /Q repadmin,,998481659,,,,,,,MMM,0x3e7,ppppPWBADDC03$,NT AUTHORITY\SYSTEM,,'2026-05-18T17:17:39.5514811Z',<Provider Name='Microsoft-Windows-Security-Auditing' Guid='{54849625-5478-4994-a5ba-3e3b0328c30d}'/><EventID>4688</EventID><Version>2</Version><Level>0</Level><Task>13312</Task><Opcode>0</Opcode><Keywords>0x8020000000000000</Keywords><TimeCreated SystemTime='2026-05-18T17:17:39.5514811Z'/><EventRecordID>998481659</EventRecordID><Correlation/><Execution ProcessID='4' ThreadID='17428'/><Channel>Security</Channel><Computer>ppppPWBADDC03.mmm.hhh.ggg</Computer><Security/>,-,0x0,,,-,NULL SID,,,-,,-,13312,'17428',%%1936,%%1936,1936.0,,,,,2,,,,,2026-05-18T13:17:39.551-0400,allowed,win:unknown,,,,,ppppPWBADDC03.mmm.hhh.ggg,,ppppPWBADDC03.mmm.hhh.ggg,ppppPWBADDC03,998481659,endpoint_services_processes windows_endpoint_processes windows_event_signature windows_process_new wineventlog_security wineventlog_windows winsec,,,ppppPWBADDC03,998481659,occs-sss-windows,1,A new process has been created,C:\Windows\System32\where.exe,0x2704,where.exe,,,,,,,C:\Windows\System32\cmd.exe,0x4068,cmd.exe,C:\Windows\System32\cmd.exe,C:\Windows\System32\where.exe /Q repadmin,/Q repadmin,where,where.exe,0x2704,where.exe,C:\Windows\System32\where.exe,Windows,<_='://../////'><><_='---'_='{----}'/><></><></><>,,,,,,,,0x3e7,,,A new process has been created,4688,XmlWinEventLog:Security,XmlWinEventLog,bbbbbsplunkes02,,,MMM,,ppppPWBADDC03$,,success,A new process has been created,failure,,,"execute
os
process
report
security
start
track_event_signatures
windows",,,,"execute
os
process
report
security
start
track_event_signatures
windows",,,ppppPWBADDC03$,-,,,,,Microsoft,,Microsoft Windows
,,,,,MMM,,,ppppPWBADDC03$,,,Security,,,,,,where  /Q repadmin,ppppPWBADDC03.mmm.hhh.ggg,,,,-,4688,<Data Name='SubjectUserSid'>NT AUTHORITY\SYSTEM</Data><Data Name='SubjectUserName'>ppppPWBADDC03$</Data><Data Name='SubjectDomainName'>MMM</Data><Data Name='SubjectLogonId'>0x3e7</Data><Data Name='NewProcessId'>0x3f30</Data><Data Name='NewProcessName'>C:\Windows\System32\where.exe</Data><Data Name='TokenElevationType'>%%1936</Data><Data Name='ProcessId'>0x35c</Data><Data Name='CommandLine'>where  /Q repadmin </Data><Data Name='TargetUserSid'>NULL SID</Data><Data Name='TargetUserName'>-</Data><Data Name='TargetDomainName'>-</Data><Data Name='TargetLogonId'>0x0</Data><Data Name='ParentProcessName'>C:\Windows\System32\cmd.exe</Data><Data Name='MandatoryLabel'>Mandatory Label\System Mandatory Level</Data>,4688.0,998473652,,,,,,,,,,,0x8020000000000000,0,,,,0x3e7,,Mandatory Label\System Mandatory Level,,,,,'Microsoft-Windows-Security-Auditing',0x3f30,C:\Windows\System32\where.exe,,,,,,0,C:\Windows\System32\cmd.exe,,,,'4',0x35c,,where  /Q repadmin,,998473652,,,,,,,MMM,0x3e7,ppppPWBADDC03$,NT AUTHORITY\SYSTEM,,'2026-05-18T17:12:37.1651963Z',<Provider Name='Microsoft-Windows-Security-Auditing' Guid='{54849625-5478-4994-a5ba-3e3b0328c30d}'/><EventID>4688</EventID><Version>2</Version><Level>0</Level><Task>13312</Task><Opcode>0</Opcode><Keywords>0x8020000000000000</Keywords><TimeCreated SystemTime='2026-05-18T17:12:37.1651963Z'/><EventRecordID>998473652</EventRecordID><Correlation/><Execution ProcessID='4' ThreadID='16328'/><Channel>Security</Channel><Computer>ppppPWBADDC03.mmm.hhh.ggg</Computer><Security/>,-,0x0,,,-,NULL SID,,,-,,-,13312,'16328',%%1936,%%1936,1936.0,,,,,2,,,,,2026-05-18T13:12:37.165-0400,allowed,win:unknown,,,,,ppppPWBADDC03.mmm.hhh.ggg,,ppppPWBADDC03.mmm.hhh.ggg,ppppPWBADDC03,998473652,endpoint_services_processes windows_endpoint_processes windows_event_signature windows_process_new wineventlog_security wineventlog_windows winsec,,,ppppPWBADDC03,998473652,occs-sss-windows,1,A new process has been created,C:\Windows\System32\where.exe,0x3f30,where.exe,,,,,,,C:\Windows\System32\cmd.exe,0x35c,cmd.exe,C:\Windows\System32\cmd.exe,C:\Windows\System32\where.exe /Q repadmin,/Q repadmin,where,where.exe,0x3f30,where.exe,C:\Windows\System32\where.exe,Windows,<_='://../////'><><_='---'_='{----}'/><></><></><>,,,,,,,,0x3e7,,,A new process has been created,4688,XmlWinEventLog:Security,XmlWinEventLog,bbbbbsplunkes02,,,MMM,,ppppPWBADDC03$,,success,A new process has been created,failure,,,"execute
os
process
report
security
start
track_event_signatures
windows",,,,"execute
os
process
report
security
start
track_event_signatures
windows",,,ppppPWBADDC03$,-,,,,,Microsoft,,Microsoft Windows
,,,,,MMM,,,ppppPWBADDC03$,,,Security,,,,,,where  /Q repadmin,ppppPWBADDC03.mmm.hhh.ggg,,,,-,4688,<Data Name='SubjectUserSid'>NT AUTHORITY\SYSTEM</Data><Data Name='SubjectUserName'>ppppPWBADDC03$</Data><Data Name='SubjectDomainName'>MMM</Data><Data Name='SubjectLogonId'>0x3e7</Data><Data Name='NewProcessId'>0x43ec</Data><Data Name='NewProcessName'>C:\Windows\System32\where.exe</Data><Data Name='TokenElevationType'>%%1936</Data><Data Name='ProcessId'>0x3cb4</Data><Data Name='CommandLine'>where  /Q repadmin </Data><Data Name='TargetUserSid'>NULL SID</Data><Data Name='TargetUserName'>-</Data><Data Name='TargetDomainName'>-</Data><Data Name='TargetLogonId'>0x0</Data><Data Name='ParentProcessName'>C:\Windows\System32\cmd.exe</Data><Data Name='MandatoryLabel'>Mandatory Label\System Mandatory Level</Data>,4688.0,998467627,,,,,,,,,,,0x8020000000000000,0,,,,0x3e7,,Mandatory Label\System Mandatory Level,,,,,'Microsoft-Windows-Security-Auditing',0x43ec,C:\Windows\System32\where.exe,,,,,,0,C:\Windows\System32\cmd.exe,,,,'4',0x3cb4,,where  /Q repadmin,,998467627,,,,,,,MMM,0x3e7,ppppPWBADDC03$,NT AUTHORITY\SYSTEM,,'2026-05-18T17:07:34.0683361Z',<Provider Name='Microsoft-Windows-Security-Auditing' Guid='{54849625-5478-4994-a5ba-3e3b0328c30d}'/><EventID>4688</EventID><Version>2</Version><Level>0</Level><Task>13312</Task><Opcode>0</Opcode><Keywords>0x8020000000000000</Keywords><TimeCreated SystemTime='2026-05-18T17:07:34.0683361Z'/><EventRecordID>998467627</EventRecordID><Correlation/><Execution ProcessID='4' ThreadID='13580'/><Channel>Security</Channel><Computer>ppppPWBADDC03.mmm.hhh.ggg</Computer><Security/>,-,0x0,,,-,NULL SID,,,-,,-,13312,'13580',%%1936,%%1936,1936.0,,,,,2,,,,,2026-05-18T13:07:34.068-0400,allowed,win:unknown,,,,,ppppPWBADDC03.mmm.hhh.ggg,,ppppPWBADDC03.mmm.hhh.ggg,ppppPWBADDC03,998467627,endpoint_services_processes windows_endpoint_processes windows_event_signature windows_process_new wineventlog_security wineventlog_windows winsec,,,ppppPWBADDC03,998467627,occs-sss-windows,1,A new process has been created,C:\Windows\System32\where.exe,0x43ec,where.exe,,,,,,,C:\Windows\System32\cmd.exe,0x3cb4,cmd.exe,C:\Windows\System32\cmd.exe,C:\Windows\System32\where.exe /Q repadmin,/Q repadmin,where,where.exe,0x43ec,where.exe,C:\Windows\System32\where.exe,Windows,<_='://../////'><><_='---'_='{----}'/><></><></><>,,,,,,,,0x3e7,,,A new process has been created,4688,XmlWinEventLog:Security,XmlWinEventLog,bbbbbsplunkes01,,,MMM,,ppppPWBADDC03$,,success,A new process has been created,failure,,,"execute
os
process
report
security
start
track_event_signatures
windows",,,,"execute
os
process
report
security
start
track_event_signatures
windows",,,ppppPWBADDC03$,-,,,,,Microsoft,,Microsoft Windows
,,,,,MMM,,,ppppPWBADDC03$,,,Security,,,,,,where  /Q repadmin,ppppPWBADDC03.mmm.hhh.ggg,,,,-,4688,<Data Name='SubjectUserSid'>NT AUTHORITY\SYSTEM</Data><Data Name='SubjectUserName'>ppppPWBADDC03$</Data><Data Name='SubjectDomainName'>MMM</Data><Data Name='SubjectLogonId'>0x3e7</Data><Data Name='NewProcessId'>0x3ce0</Data><Data Name='NewProcessName'>C:\Windows\System32\where.exe</Data><Data Name='TokenElevationType'>%%1936</Data><Data Name='ProcessId'>0x3d70</Data><Data Name='CommandLine'>where  /Q repadmin </Data><Data Name='TargetUserSid'>NULL SID</Data><Data Name='TargetUserName'>-</Data><Data Name='TargetDomainName'>-</Data><Data Name='TargetLogonId'>0x0</Data><Data Name='ParentProcessName'>C:\Windows\System32\cmd.exe</Data><Data Name='MandatoryLabel'>Mandatory Label\System Mandatory Level</Data>,4688.0,998460515,,,,,,,,,,,0x8020000000000000,0,,,,0x3e7,,Mandatory Label\System Mandatory Level,,,,,'Microsoft-Windows-Security-Auditing',0x3ce0,C:\Windows\System32\where.exe,,,,,,0,C:\Windows\System32\cmd.exe,,,,'4',0x3d70,,where  /Q repadmin,,998460515,,,,,,,MMM,0x3e7,ppppPWBADDC03$,NT AUTHORITY\SYSTEM,,'2026-05-18T17:02:31.6593558Z',<Provider Name='Microsoft-Windows-Security-Auditing' Guid='{54849625-5478-4994-a5ba-3e3b0328c30d}'/><EventID>4688</EventID><Version>2</Version><Level>0</Level><Task>13312</Task><Opcode>0</Opcode><Keywords>0x8020000000000000</Keywords><TimeCreated SystemTime='2026-05-18T17:02:31.6593558Z'/><EventRecordID>998460515</EventRecordID><Correlation/><Execution ProcessID='4' ThreadID='2948'/><Channel>Security</Channel><Computer>ppppPWBADDC03.mmm.hhh.ggg</Computer><Security/>,-,0x0,,,-,NULL SID,,,-,,-,13312,'2948',%%1936,%%1936,1936.0,,,,,2,,,,,2026-05-18T13:02:31.659-0400,allowed,win:unknown,,,,,ppppPWBADDC03.mmm.hhh.ggg,,ppppPWBADDC03.mmm.hhh.ggg,ppppPWBADDC03,998460515,endpoint_services_processes windows_endpoint_processes windows_event_signature windows_process_new wineventlog_security wineventlog_windows winsec,,,ppppPWBADDC03,998460515,occs-sss-windows,1,A new process has been created,C:\Windows\System32\where.exe,0x3ce0,where.exe,,,,,,,C:\Windows\System32\cmd.exe,0x3d70,cmd.exe,C:\Windows\System32\cmd.exe,C:\Windows\System32\where.exe /Q repadmin,/Q repadmin,where,where.exe,0x3ce0,where.exe,C:\Windows\System32\where.exe,Windows,<_='://../////'><><_='---'_='{----}'/><></><></><>,,,,,,,,0x3e7,,,A new process has been created,4688,XmlWinEventLog:Security,XmlWinEventLog,bbbbbsplunkes03,,,MMM,,ppppPWBADDC03$,,success,A new process has been created,failure,,,"execute
os
process
report
security
start
track_event_signatures
windows",,,,"execute
os
process
report
security
start
track_event_signatures
windows",,,ppppPWBADDC03$,-,,,,,Microsoft,,Microsoft Windows
,,,,,MMM,,,ppppPWBADDC03$,,,Security,,,,,,where  /Q repadmin,ppppPWBADDC03.mmm.hhh.ggg,,,,-,4688,<Data Name='SubjectUserSid'>NT AUTHORITY\SYSTEM</Data><Data Name='SubjectUserName'>ppppPWBADDC03$</Data><Data Name='SubjectDomainName'>MMM</Data><Data Name='SubjectLogonId'>0x3e7</Data><Data Name='NewProcessId'>0x46cc</Data><Data Name='NewProcessName'>C:\Windows\System32\where.exe</Data><Data Name='TokenElevationType'>%%1936</Data><Data Name='ProcessId'>0x438</Data><Data Name='CommandLine'>where  /Q repadmin </Data><Data Name='TargetUserSid'>NULL SID</Data><Data Name='TargetUserName'>-</Data><Data Name='TargetDomainName'>-</Data><Data Name='TargetLogonId'>0x0</Data><Data Name='ParentProcessName'>C:\Windows\System32\cmd.exe</Data><Data Name='MandatoryLabel'>Mandatory Label\System Mandatory Level</Data>,4688.0,998453372,,,,,,,,,,,0x8020000000000000,0,,,,0x3e7,,Mandatory Label\System Mandatory Level,,,,,'Microsoft-Windows-Security-Auditing',0x46cc,C:\Windows\System32\where.exe,,,,,,0,C:\Windows\System32\cmd.exe,,,,'4',0x438,,where  /Q repadmin,,998453372,,,,,,,MMM,0x3e7,ppppPWBADDC03$,NT AUTHORITY\SYSTEM,,'2026-05-18T16:57:29.3372130Z',<Provider Name='Microsoft-Windows-Security-Auditing' Guid='{54849625-5478-4994-a5ba-3e3b0328c30d}'/><EventID>4688</EventID><Version>2</Version><Level>0</Level><Task>13312</Task><Opcode>0</Opcode><Keywords>0x8020000000000000</Keywords><TimeCreated SystemTime='2026-05-18T16:57:29.3372130Z'/><EventRecordID>998453372</EventRecordID><Correlation/><Execution ProcessID='4' ThreadID='16784'/><Channel>Security</Channel><Computer>ppppPWBADDC03.mmm.hhh.ggg</Computer><Security/>,-,0x0,,,-,NULL SID,,,-,,-,13312,'16784',%%1936,%%1936,1936.0,,,,,2,,,,,2026-05-18T12:57:29.337-0400,allowed,win:unknown,,,,,ppppPWBADDC03.mmm.hhh.ggg,,ppppPWBADDC03.mmm.hhh.ggg,ppppPWBADDC03,998453372,endpoint_services_processes windows_endpoint_processes windows_event_signature windows_process_new wineventlog_security wineventlog_windows winsec,,,ppppPWBADDC03,998453372,occs-sss-windows,1,A new process has been created,C:\Windows\System32\where.exe,0x46cc,where.exe,,,,,,,C:\Windows\System32\cmd.exe,0x438,cmd.exe,C:\Windows\System32\cmd.exe,C:\Windows\System32\where.exe /Q repadmin,/Q repadmin,where,where.exe,0x46cc,where.exe,C:\Windows\System32\where.exe,Windows,<_='://../////'><><_='---'_='{----}'/><></><></><>,,,,,,,,0x3e7,,,A new process has been created,4688,XmlWinEventLog:Security,XmlWinEventLog,bbbbbsplunkes01,,,MMM,,ppppPWBADDC03$,,success,A new process has been created,failure,,,"execute
os
process
report
security
start
track_event_signatures
windows",,,,"execute
os
process
report
security
start
track_event_signatures
windows",,,ppppPWBADDC03$,-,,,,,Microsoft,,Microsoft Windows
,,,,,MMM,,,ppppPWBADDC03$,,,Security,,,,,,where  /Q repadmin,ppppPWBADDC03.mmm.hhh.ggg,,,,-,4688,<Data Name='SubjectUserSid'>NT AUTHORITY\SYSTEM</Data><Data Name='SubjectUserName'>ppppPWBADDC03$</Data><Data Name='SubjectDomainName'>MMM</Data><Data Name='SubjectLogonId'>0x3e7</Data><Data Name='NewProcessId'>0x10a8</Data><Data Name='NewProcessName'>C:\Windows\System32\where.exe</Data><Data Name='TokenElevationType'>%%1936</Data><Data Name='ProcessId'>0x3560</Data><Data Name='CommandLine'>where  /Q repadmin </Data><Data Name='TargetUserSid'>NULL SID</Data><Data Name='TargetUserName'>-</Data><Data Name='TargetDomainName'>-</Data><Data Name='TargetLogonId'>0x0</Data><Data Name='ParentProcessName'>C:\Windows\System32\cmd.exe</Data><Data Name='MandatoryLabel'>Mandatory Label\System Mandatory Level</Data>,4688.0,998447252,,,,,,,,,,,0x8020000000000000,0,,,,0x3e7,,Mandatory Label\System Mandatory Level,,,,,'Microsoft-Windows-Security-Auditing',0x10a8,C:\Windows\System32\where.exe,,,,,,0,C:\Windows\System32\cmd.exe,,,,'4',0x3560,,where  /Q repadmin,,998447252,,,,,,,MMM,0x3e7,ppppPWBADDC03$,NT AUTHORITY\SYSTEM,,'2026-05-18T16:52:27.0034063Z',<Provider Name='Microsoft-Windows-Security-Auditing' Guid='{54849625-5478-4994-a5ba-3e3b0328c30d}'/><EventID>4688</EventID><Version>2</Version><Level>0</Level><Task>13312</Task><Opcode>0</Opcode><Keywords>0x8020000000000000</Keywords><TimeCreated SystemTime='2026-05-18T16:52:27.0034063Z'/><EventRecordID>998447252</EventRecordID><Correlation/><Execution ProcessID='4' ThreadID='16784'/><Channel>Security</Channel><Computer>ppppPWBADDC03.mmm.hhh.ggg</Computer><Security/>,-,0x0,,,-,NULL SID,,,-,,-,13312,'16784',%%1936,%%1936,1936.0,,,,,2,,,,,2026-05-18T12:52:27.003-0400,allowed,win:unknown,,,,,ppppPWBADDC03.mmm.hhh.ggg,,ppppPWBADDC03.mmm.hhh.ggg,ppppPWBADDC03,998447252,endpoint_services_processes windows_endpoint_processes windows_event_signature windows_process_new wineventlog_security wineventlog_windows winsec,,,ppppPWBADDC03,998447252,occs-sss-windows,1,A new process has been created,C:\Windows\System32\where.exe,0x10a8,where.exe,,,,,,,C:\Windows\System32\cmd.exe,0x3560,cmd.exe,C:\Windows\System32\cmd.exe,C:\Windows\System32\where.exe /Q repadmin,/Q repadmin,where,where.exe,0x10a8,where.exe,C:\Windows\System32\where.exe,Windows,<_='://../////'><><_='---'_='{----}'/><></><></><>,,,,,,,,0x3e7,,,A new process has been created,4688,XmlWinEventLog:Security,XmlWinEventLog,bbbbbsplunkes01,,,MMM,,ppppPWBADDC03$,,success,A new process has been created,failure,,,"execute
os
process
report
security
start
track_event_signatures
windows",,,,"execute
os
process
report
security
start
track_event_signatures
windows",,,ppppPWBADDC03$,-,,,,,Microsoft,,Microsoft Windows
,,,,,MMM,,,ppppPWBADDC03$,,,Security,,,,,,where  /Q repadmin,ppppPWBADDC03.mmm.hhh.ggg,,,,-,4688,<Data Name='SubjectUserSid'>NT AUTHORITY\SYSTEM</Data><Data Name='SubjectUserName'>ppppPWBADDC03$</Data><Data Name='SubjectDomainName'>MMM</Data><Data Name='SubjectLogonId'>0x3e7</Data><Data Name='NewProcessId'>0x4118</Data><Data Name='NewProcessName'>C:\Windows\System32\where.exe</Data><Data Name='TokenElevationType'>%%1936</Data><Data Name='ProcessId'>0x378c</Data><Data Name='CommandLine'>where  /Q repadmin </Data><Data Name='TargetUserSid'>NULL SID</Data><Data Name='TargetUserName'>-</Data><Data Name='TargetDomainName'>-</Data><Data Name='TargetLogonId'>0x0</Data><Data Name='ParentProcessName'>C:\Windows\System32\cmd.exe</Data><Data Name='MandatoryLabel'>Mandatory Label\System Mandatory Level</Data>,4688.0,998439792,,,,,,,,,,,0x8020000000000000,0,,,,0x3e7,,Mandatory Label\System Mandatory Level,,,,,'Microsoft-Windows-Security-Auditing',0x4118,C:\Windows\System32\where.exe,,,,,,0,C:\Windows\System32\cmd.exe,,,,'4',0x378c,,where  /Q repadmin,,998439792,,,,,,,MMM,0x3e7,ppppPWBADDC03$,NT AUTHORITY\SYSTEM,,'2026-05-18T16:47:23.9639980Z',<Provider Name='Microsoft-Windows-Security-Auditing' Guid='{54849625-5478-4994-a5ba-3e3b0328c30d}'/><EventID>4688</EventID><Version>2</Version><Level>0</Level><Task>13312</Task><Opcode>0</Opcode><Keywords>0x8020000000000000</Keywords><TimeCreated SystemTime='2026-05-18T16:47:23.9639980Z'/><EventRecordID>998439792</EventRecordID><Correlation/><Execution ProcessID='4' ThreadID='15056'/><Channel>Security</Channel><Computer>ppppPWBADDC03.mmm.hhh.ggg</Computer><Security/>,-,0x0,,,-,NULL SID,,,-,,-,13312,'15056',%%1936,%%1936,1936.0,,,,,2,,,,,2026-05-18T12:47:23.963-0400,allowed,win:unknown,,,,,ppppPWBADDC03.mmm.hhh.ggg,,ppppPWBADDC03.mmm.hhh.ggg,ppppPWBADDC03,998439792,endpoint_services_processes windows_endpoint_processes windows_event_signature windows_process_new wineventlog_security wineventlog_windows winsec,,,ppppPWBADDC03,998439792,occs-sss-windows,1,A new process has been created,C:\Windows\System32\where.exe,0x4118,where.exe,,,,,,,C:\Windows\System32\cmd.exe,0x378c,cmd.exe,C:\Windows\System32\cmd.exe,C:\Windows\System32\where.exe /Q repadmin,/Q repadmin,where,where.exe,0x4118,where.exe,C:\Windows\System32\where.exe,Windows,<_='://../////'><><_='---'_='{----}'/><></><></><>,,,,,,,,0x3e7,,,A new process has been created,4688,XmlWinEventLog:Security,XmlWinEventLog,bbbbbsplunkes03,,,MMM,,ppppPWBADDC03$,,success,A new process has been created,failure,,,"execute
os
process
report
security
start
track_event_signatures
windows",,,,"execute
os
process
report
security
start
track_event_signatures
windows",,,ppppPWBADDC03$,-,,,,,Microsoft,,Microsoft Windows
,,,,,MMM,,,ppppPWBADDC03$,,,Security,,,,,,where  /Q repadmin,ppppPWBADDC03.mmm.hhh.ggg,,,,-,4688,<Data Name='SubjectUserSid'>NT AUTHORITY\SYSTEM</Data><Data Name='SubjectUserName'>ppppPWBADDC03$</Data><Data Name='SubjectDomainName'>MMM</Data><Data Name='SubjectLogonId'>0x3e7</Data><Data Name='NewProcessId'>0x3990</Data><Data Name='NewProcessName'>C:\Windows\System32\where.exe</Data><Data Name='TokenElevationType'>%%1936</Data><Data Name='ProcessId'>0x3a44</Data><Data Name='CommandLine'>where  /Q repadmin </Data><Data Name='TargetUserSid'>NULL SID</Data><Data Name='TargetUserName'>-</Data><Data Name='TargetDomainName'>-</Data><Data Name='TargetLogonId'>0x0</Data><Data Name='ParentProcessName'>C:\Windows\System32\cmd.exe</Data><Data Name='MandatoryLabel'>Mandatory Label\System Mandatory Level</Data>,4688.0,998433889,,,,,,,,,,,0x8020000000000000,0,,,,0x3e7,,Mandatory Label\System Mandatory Level,,,,,'Microsoft-Windows-Security-Auditing',0x3990,C:\Windows\System32\where.exe,,,,,,0,C:\Windows\System32\cmd.exe,,,,'4',0x3a44,,where  /Q repadmin,,998433889,,,,,,,MMM,0x3e7,ppppPWBADDC03$,NT AUTHORITY\SYSTEM,,'2026-05-18T16:42:21.6090437Z',<Provider Name='Microsoft-Windows-Security-Auditing' Guid='{54849625-5478-4994-a5ba-3e3b0328c30d}'/><EventID>4688</EventID><Version>2</Version><Level>0</Level><Task>13312</Task><Opcode>0</Opcode><Keywords>0x8020000000000000</Keywords><TimeCreated SystemTime='2026-05-18T16:42:21.6090437Z'/><EventRecordID>998433889</EventRecordID><Correlation/><Execution ProcessID='4' ThreadID='10916'/><Channel>Security</Channel><Computer>ppppPWBADDC03.mmm.hhh.ggg</Computer><Security/>,-,0x0,,,-,NULL SID,,,-,,-,13312,'10916',%%1936,%%1936,1936.0,,,,,2,,,,,2026-05-18T12:42:21.609-0400,allowed,win:unknown,,,,,ppppPWBADDC03.mmm.hhh.ggg,,ppppPWBADDC03.mmm.hhh.ggg,ppppPWBADDC03,998433889,endpoint_services_processes windows_endpoint_processes windows_event_signature windows_process_new wineventlog_security wineventlog_windows winsec,,,ppppPWBADDC03,998433889,occs-sss-windows,1,A new process has been created,C:\Windows\System32\where.exe,0x3990,where.exe,,,,,,,C:\Windows\System32\cmd.exe,0x3a44,cmd.exe,C:\Windows\System32\cmd.exe,C:\Windows\System32\where.exe /Q repadmin,/Q repadmin,where,where.exe,0x3990,where.exe,C:\Windows\System32\where.exe,Windows,<_='://../////'><><_='---'_='{----}'/><></><></><>,,,,,,,,0x3e7,,,A new process has been created,4688,XmlWinEventLog:Security,XmlWinEventLog,bbbbbsplunkes02,,,MMM,,ppppPWBADDC03$,,success,A new process has been created,failure,,,"execute
os
process
report
security
start
track_event_signatures
windows",,,,"execute
os
process
report
security
start
track_event_signatures
windows",,,ppppPWBADDC03$,-,,,,,Microsoft,,Microsoft Windows
,,,,,MMM,,,ppppPWBADDC03$,,,Security,,,,,,where  /Q repadmin,ppppPWBADDC03.mmm.hhh.ggg,,,,-,4688,<Data Name='SubjectUserSid'>NT AUTHORITY\SYSTEM</Data><Data Name='SubjectUserName'>ppppPWBADDC03$</Data><Data Name='SubjectDomainName'>MMM</Data><Data Name='SubjectLogonId'>0x3e7</Data><Data Name='NewProcessId'>0x3bec</Data><Data Name='NewProcessName'>C:\Windows\System32\where.exe</Data><Data Name='TokenElevationType'>%%1936</Data><Data Name='ProcessId'>0x3668</Data><Data Name='CommandLine'>where  /Q repadmin </Data><Data Name='TargetUserSid'>NULL SID</Data><Data Name='TargetUserName'>-</Data><Data Name='TargetDomainName'>-</Data><Data Name='TargetLogonId'>0x0</Data><Data Name='ParentProcessName'>C:\Windows\System32\cmd.exe</Data><Data Name='MandatoryLabel'>Mandatory Label\System Mandatory Level</Data>,4688.0,998427872,,,,,,,,,,,0x8020000000000000,0,,,,0x3e7,,Mandatory Label\System Mandatory Level,,,,,'Microsoft-Windows-Security-Auditing',0x3bec,C:\Windows\System32\where.exe,,,,,,0,C:\Windows\System32\cmd.exe,,,,'4',0x3668,,where  /Q repadmin,,998427872,,,,,,,MMM,0x3e7,ppppPWBADDC03$,NT AUTHORITY\SYSTEM,,'2026-05-18T16:37:19.2146499Z',<Provider Name='Microsoft-Windows-Security-Auditing' Guid='{54849625-5478-4994-a5ba-3e3b0328c30d}'/><EventID>4688</EventID><Version>2</Version><Level>0</Level><Task>13312</Task><Opcode>0</Opcode><Keywords>0x8020000000000000</Keywords><TimeCreated SystemTime='2026-05-18T16:37:19.2146499Z'/><EventRecordID>998427872</EventRecordID><Correlation/><Execution ProcessID='4' ThreadID='16268'/><Channel>Security</Channel><Computer>ppppPWBADDC03.mmm.hhh.ggg</Computer><Security/>,-,0x0,,,-,NULL SID,,,-,,-,13312,'16268',%%1936,%%1936,1936.0,,,,,2,,,,,2026-05-18T12:37:19.214-0400,allowed,win:unknown,,,,,ppppPWBADDC03.mmm.hhh.ggg,,ppppPWBADDC03.mmm.hhh.ggg,ppppPWBADDC03,998427872,endpoint_services_processes windows_endpoint_processes windows_event_signature windows_process_new wineventlog_security wineventlog_windows winsec,,,ppppPWBADDC03,998427872,occs-sss-windows,1,A new process has been created,C:\Windows\System32\where.exe,0x3bec,where.exe,,,,,,,C:\Windows\System32\cmd.exe,0x3668,cmd.exe,C:\Windows\System32\cmd.exe,C:\Windows\System32\where.exe /Q repadmin,/Q repadmin,where,where.exe,0x3bec,where.exe,C:\Windows\System32\where.exe,Windows,<_='://../////'><><_='---'_='{----}'/><></><></><>,,,,,,,,0x3e7,,,A new process has been created,4688,XmlWinEventLog:Security,XmlWinEventLog,bbbbbsplunkes01,,,MMM,,ppppPWBADDC03$,,success,A new process has been created,failure,,,"execute
os
process
report
security
start
track_event_signatures
windows",,,,"execute
os
process
report
security
start
track_event_signatures
windows",,,ppppPWBADDC03$,-,,,,,Microsoft,,Microsoft Windows
,,,,,MMM,,,ppppPWBADDC03$,,,Security,,,,,,where  /Q repadmin,ppppPWBADDC03.mmm.hhh.ggg,,,,-,4688,<Data Name='SubjectUserSid'>NT AUTHORITY\SYSTEM</Data><Data Name='SubjectUserName'>ppppPWBADDC03$</Data><Data Name='SubjectDomainName'>MMM</Data><Data Name='SubjectLogonId'>0x3e7</Data><Data Name='NewProcessId'>0x1670</Data><Data Name='NewProcessName'>C:\Windows\System32\where.exe</Data><Data Name='TokenElevationType'>%%1936</Data><Data Name='ProcessId'>0x22e8</Data><Data Name='CommandLine'>where  /Q repadmin </Data><Data Name='TargetUserSid'>NULL SID</Data><Data Name='TargetUserName'>-</Data><Data Name='TargetDomainName'>-</Data><Data Name='TargetLogonId'>0x0</Data><Data Name='ParentProcessName'>C:\Windows\System32\cmd.exe</Data><Data Name='MandatoryLabel'>Mandatory Label\System Mandatory Level</Data>,4688.0,998421064,,,,,,,,,,,0x8020000000000000,0,,,,0x3e7,,Mandatory Label\System Mandatory Level,,,,,'Microsoft-Windows-Security-Auditing',0x1670,C:\Windows\System32\where.exe,,,,,,0,C:\Windows\System32\cmd.exe,,,,'4',0x22e8,,where  /Q repadmin,,998421064,,,,,,,MMM,0x3e7,ppppPWBADDC03$,NT AUTHORITY\SYSTEM,,'2026-05-18T16:32:16.8576965Z',<Provider Name='Microsoft-Windows-Security-Auditing' Guid='{54849625-5478-4994-a5ba-3e3b0328c30d}'/><EventID>4688</EventID><Version>2</Version><Level>0</Level><Task>13312</Task><Opcode>0</Opcode><Keywords>0x8020000000000000</Keywords><TimeCreated SystemTime='2026-05-18T16:32:16.8576965Z'/><EventRecordID>998421064</EventRecordID><Correlation/><Execution ProcessID='4' ThreadID='16444'/><Channel>Security</Channel><Computer>ppppPWBADDC03.mmm.hhh.ggg</Computer><Security/>,-,0x0,,,-,NULL SID,,,-,,-,13312,'16444',%%1936,%%1936,1936.0,,,,,2,,,,,2026-05-18T12:32:16.857-0400,allowed,win:unknown,,,,,ppppPWBADDC03.mmm.hhh.ggg,,ppppPWBADDC03.mmm.hhh.ggg,ppppPWBADDC03,998421064,endpoint_services_processes windows_endpoint_processes windows_event_signature windows_process_new wineventlog_security wineventlog_windows winsec,,,ppppPWBADDC03,998421064,occs-sss-windows,1,A new process has been created,C:\Windows\System32\where.exe,0x1670,where.exe,,,,,,,C:\Windows\System32\cmd.exe,0x22e8,cmd.exe,C:\Windows\System32\cmd.exe,C:\Windows\System32\where.exe /Q repadmin,/Q repadmin,where,where.exe,0x1670,where.exe,C:\Windows\System32\where.exe,Windows,<_='://../////'><><_='---'_='{----}'/><></><></><>,,,,,,,,0x3e7,,,A new process has been created,4688,XmlWinEventLog:Security,XmlWinEventLog,bbbbbsplunkes02,,,MMM,,ppppPWBADDC03$,,success,A new process has been created,failure,,,"execute
os
process
report
security
start
track_event_signatures
windows",,,,"execute
os
process
report
security
start
track_event_signatures
windows",,,ppppPWBADDC03$,-,,,,,Microsoft,,Microsoft Windows
,,,,,MMM,,,ppppPWBADDC03$,,,Security,,,,,,where  /Q repadmin,ppppPWBADDC03.mmm.hhh.ggg,,,,-,4688,<Data Name='SubjectUserSid'>NT AUTHORITY\SYSTEM</Data><Data Name='SubjectUserName'>ppppPWBADDC03$</Data><Data Name='SubjectDomainName'>MMM</Data><Data Name='SubjectLogonId'>0x3e7</Data><Data Name='NewProcessId'>0x1ec8</Data><Data Name='NewProcessName'>C:\Windows\System32\where.exe</Data><Data Name='TokenElevationType'>%%1936</Data><Data Name='ProcessId'>0x3950</Data><Data Name='CommandLine'>where  /Q repadmin </Data><Data Name='TargetUserSid'>NULL SID</Data><Data Name='TargetUserName'>-</Data><Data Name='TargetDomainName'>-</Data><Data Name='TargetLogonId'>0x0</Data><Data Name='ParentProcessName'>C:\Windows\System32\cmd.exe</Data><Data Name='MandatoryLabel'>Mandatory Label\System Mandatory Level</Data>,4688.0,998412881,,,,,,,,,,,0x8020000000000000,0,,,,0x3e7,,Mandatory Label\System Mandatory Level,,,,,'Microsoft-Windows-Security-Auditing',0x1ec8,C:\Windows\System32\where.exe,,,,,,0,C:\Windows\System32\cmd.exe,,,,'4',0x3950,,where  /Q repadmin,,998412881,,,,,,,MMM,0x3e7,ppppPWBADDC03$,NT AUTHORITY\SYSTEM,,'2026-05-18T16:27:13.8232427Z',<Provider Name='Microsoft-Windows-Security-Auditing' Guid='{54849625-5478-4994-a5ba-3e3b0328c30d}'/><EventID>4688</EventID><Version>2</Version><Level>0</Level><Task>13312</Task><Opcode>0</Opcode><Keywords>0x8020000000000000</Keywords><TimeCreated SystemTime='2026-05-18T16:27:13.8232427Z'/><EventRecordID>998412881</EventRecordID><Correlation/><Execution ProcessID='4' ThreadID='16328'/><Channel>Security</Channel><Computer>ppppPWBADDC03.mmm.hhh.ggg</Computer><Security/>,-,0x0,,,-,NULL SID,,,-,,-,13312,'16328',%%1936,%%1936,1936.0,,,,,2,,,,,2026-05-18T12:27:13.823-0400,allowed,win:unknown,,,,,ppppPWBADDC03.mmm.hhh.ggg,,ppppPWBADDC03.mmm.hhh.ggg,ppppPWBADDC03,998412881,endpoint_services_processes windows_endpoint_processes windows_event_signature windows_process_new wineventlog_security wineventlog_windows winsec,,,ppppPWBADDC03,998412881,occs-sss-windows,1,A new process has been created,C:\Windows\System32\where.exe,0x1ec8,where.exe,,,,,,,C:\Windows\System32\cmd.exe,0x3950,cmd.exe,C:\Windows\System32\cmd.exe,C:\Windows\System32\where.exe /Q repadmin,/Q repadmin,where,where.exe,0x1ec8,where.exe,C:\Windows\System32\where.exe,Windows,<_='://../////'><><_='---'_='{----}'/><></><></><>,,,,,,,,0x3e7,,,A new process has been created,4688,XmlWinEventLog:Security,XmlWinEventLog,bbbbbsplunkes01,,,MMM,,ppppPWBADDC03$,,success,A new process has been created,failure,,,"execute
os
process
report
security
start
track_event_signatures
windows",,,,"execute
os
process
report
security
start
track_event_signatures
windows",,,ppppPWBADDC03$,-,,,,,Microsoft,,Microsoft Windows
,,,,,MMM,,,ppppPWBADDC03$,,,Security,,,,,,where  /Q repadmin,ppppPWBADDC03.mmm.hhh.ggg,,,,-,4688,<Data Name='SubjectUserSid'>NT AUTHORITY\SYSTEM</Data><Data Name='SubjectUserName'>ppppPWBADDC03$</Data><Data Name='SubjectDomainName'>MMM</Data><Data Name='SubjectLogonId'>0x3e7</Data><Data Name='NewProcessId'>0x42d8</Data><Data Name='NewProcessName'>C:\Windows\System32\where.exe</Data><Data Name='TokenElevationType'>%%1936</Data><Data Name='ProcessId'>0x2f30</Data><Data Name='CommandLine'>where  /Q repadmin </Data><Data Name='TargetUserSid'>NULL SID</Data><Data Name='TargetUserName'>-</Data><Data Name='TargetDomainName'>-</Data><Data Name='TargetLogonId'>0x0</Data><Data Name='ParentProcessName'>C:\Windows\System32\cmd.exe</Data><Data Name='MandatoryLabel'>Mandatory Label\System Mandatory Level</Data>,4688.0,998406353,,,,,,,,,,,0x8020000000000000,0,,,,0x3e7,,Mandatory Label\System Mandatory Level,,,,,'Microsoft-Windows-Security-Auditing',0x42d8,C:\Windows\System32\where.exe,,,,,,0,C:\Windows\System32\cmd.exe,,,,'4',0x2f30,,where  /Q repadmin,,998406353,,,,,,,MMM,0x3e7,ppppPWBADDC03$,NT AUTHORITY\SYSTEM,,'2026-05-18T16:22:11.4849381Z',<Provider Name='Microsoft-Windows-Security-Auditing' Guid='{54849625-5478-4994-a5ba-3e3b0328c30d}'/><EventID>4688</EventID><Version>2</Version><Level>0</Level><Task>13312</Task><Opcode>0</Opcode><Keywords>0x8020000000000000</Keywords><TimeCreated SystemTime='2026-05-18T16:22:11.4849381Z'/><EventRecordID>998406353</EventRecordID><Correlation/><Execution ProcessID='4' ThreadID='16784'/><Channel>Security</Channel><Computer>ppppPWBADDC03.mmm.hhh.ggg</Computer><Security/>,-,0x0,,,-,NULL SID,,,-,,-,13312,'16784',%%1936,%%1936,1936.0,,,,,2,,,,,2026-05-18T12:22:11.484-0400,allowed,win:unknown,,,,,ppppPWBADDC03.mmm.hhh.ggg,,ppppPWBADDC03.mmm.hhh.ggg,ppppPWBADDC03,998406353,endpoint_services_processes windows_endpoint_processes windows_event_signature windows_process_new wineventlog_security wineventlog_windows winsec,,,ppppPWBADDC03,998406353,occs-sss-windows,1,A new process has been created,C:\Windows\System32\where.exe,0x42d8,where.exe,,,,,,,C:\Windows\System32\cmd.exe,0x2f30,cmd.exe,C:\Windows\System32\cmd.exe,C:\Windows\System32\where.exe /Q repadmin,/Q repadmin,where,where.exe,0x42d8,where.exe,C:\Windows\System32\where.exe,Windows,<_='://../////'><><_='---'_='{----}'/><></><></><>,,,,,,,,0x3e7,,,A new process has been created,4688,XmlWinEventLog:Security,XmlWinEventLog,bbbbbsplunkes03,,,MMM,,ppppPWBADDC03$,,success,A new process has been created,failure,,,"execute
os
process
report
security
start
track_event_signatures
windows",,,,"execute
os
process
report
security
start
track_event_signatures
windows",,,ppppPWBADDC03$,-,,,,,Microsoft,,Microsoft Windows
,,,,,MMM,,,ppppPWBADDC03$,,,Security,,,,,,where  /Q repadmin,ppppPWBADDC03.mmm.hhh.ggg,,,,-,4688,<Data Name='SubjectUserSid'>NT AUTHORITY\SYSTEM</Data><Data Name='SubjectUserName'>ppppPWBADDC03$</Data><Data Name='SubjectDomainName'>MMM</Data><Data Name='SubjectLogonId'>0x3e7</Data><Data Name='NewProcessId'>0x4160</Data><Data Name='NewProcessName'>C:\Windows\System32\where.exe</Data><Data Name='TokenElevationType'>%%1936</Data><Data Name='ProcessId'>0x4138</Data><Data Name='CommandLine'>where  /Q repadmin </Data><Data Name='TargetUserSid'>NULL SID</Data><Data Name='TargetUserName'>-</Data><Data Name='TargetDomainName'>-</Data><Data Name='TargetLogonId'>0x0</Data><Data Name='ParentProcessName'>C:\Windows\System32\cmd.exe</Data><Data Name='MandatoryLabel'>Mandatory Label\System Mandatory Level</Data>,4688.0,998399548,,,,,,,,,,,0x8020000000000000,0,,,,0x3e7,,Mandatory Label\System Mandatory Level,,,,,'Microsoft-Windows-Security-Auditing',0x4160,C:\Windows\System32\where.exe,,,,,,0,C:\Windows\System32\cmd.exe,,,,'4',0x4138,,where  /Q repadmin,,998399548,,,,,,,MMM,0x3e7,ppppPWBADDC03$,NT AUTHORITY\SYSTEM,,'2026-05-18T16:17:09.2079362Z',<Provider Name='Microsoft-Windows-Security-Auditing' Guid='{54849625-5478-4994-a5ba-3e3b0328c30d}'/><EventID>4688</EventID><Version>2</Version><Level>0</Level><Task>13312</Task><Opcode>0</Opcode><Keywords>0x8020000000000000</Keywords><TimeCreated SystemTime='2026-05-18T16:17:09.2079362Z'/><EventRecordID>998399548</EventRecordID><Correlation/><Execution ProcessID='4' ThreadID='9372'/><Channel>Security</Channel><Computer>ppppPWBADDC03.mmm.hhh.ggg</Computer><Security/>,-,0x0,,,-,NULL SID,,,-,,-,13312,'9372',%%1936,%%1936,1936.0,,,,,2,,,,,2026-05-18T12:17:09.207-0400,allowed,win:unknown,,,,,ppppPWBADDC03.mmm.hhh.ggg,,ppppPWBADDC03.mmm.hhh.ggg,ppppPWBADDC03,998399548,endpoint_services_processes windows_endpoint_processes windows_event_signature windows_process_new wineventlog_security wineventlog_windows winsec,,,ppppPWBADDC03,998399548,occs-sss-windows,1,A new process has been created,C:\Windows\System32\where.exe,0x4160,where.exe,,,,,,,C:\Windows\System32\cmd.exe,0x4138,cmd.exe,C:\Windows\System32\cmd.exe,C:\Windows\System32\where.exe /Q repadmin,/Q repadmin,where,where.exe,0x4160,where.exe,C:\Windows\System32\where.exe,Windows,<_='://../////'><><_='---'_='{----}'/><></><></><>,,,,,,,,0x3e7,,,A new process has been created,4688,XmlWinEventLog:Security,XmlWinEventLog,bbbbbsplunkes01,,,MMM,,ppppPWBADDC03$,,success,A new process has been created,failure,,,"execute
os
process
report
security
start
track_event_signatures
windows",,,,"execute
os
process
report
security
start
track_event_signatures
windows",,,ppppPWBADDC03$,-,,,,,Microsoft,,Microsoft Windows
,,,,,MMM,,,ppppPWBADDC03$,,,Security,,,,,,where  /Q repadmin,ppppPWBADDC03.mmm.hhh.ggg,,,,-,4688,<Data Name='SubjectUserSid'>NT AUTHORITY\SYSTEM</Data><Data Name='SubjectUserName'>ppppPWBADDC03$</Data><Data Name='SubjectDomainName'>MMM</Data><Data Name='SubjectLogonId'>0x3e7</Data><Data Name='NewProcessId'>0x2418</Data><Data Name='NewProcessName'>C:\Windows\System32\where.exe</Data><Data Name='TokenElevationType'>%%1936</Data><Data Name='ProcessId'>0x2370</Data><Data Name='CommandLine'>where  /Q repadmin </Data><Data Name='TargetUserSid'>NULL SID</Data><Data Name='TargetUserName'>-</Data><Data Name='TargetDomainName'>-</Data><Data Name='TargetLogonId'>0x0</Data><Data Name='ParentProcessName'>C:\Windows\System32\cmd.exe</Data><Data Name='MandatoryLabel'>Mandatory Label\System Mandatory Level</Data>,4688.0,998390375,,,,,,,,,,,0x8020000000000000,0,,,,0x3e7,,Mandatory Label\System Mandatory Level,,,,,'Microsoft-Windows-Security-Auditing',0x2418,C:\Windows\System32\where.exe,,,,,,0,C:\Windows\System32\cmd.exe,,,,'4',0x2370,,where  /Q repadmin,,998390375,,,,,,,MMM,0x3e7,ppppPWBADDC03$,NT AUTHORITY\SYSTEM,,'2026-05-18T16:12:06.8716031Z',<Provider Name='Microsoft-Windows-Security-Auditing' Guid='{54849625-5478-4994-a5ba-3e3b0328c30d}'/><EventID>4688</EventID><Version>2</Version><Level>0</Level><Task>13312</Task><Opcode>0</Opcode><Keywords>0x8020000000000000</Keywords><TimeCreated SystemTime='2026-05-18T16:12:06.8716031Z'/><EventRecordID>998390375</EventRecordID><Correlation/><Execution ProcessID='4' ThreadID='17428'/><Channel>Security</Channel><Computer>ppppPWBADDC03.mmm.hhh.ggg</Computer><Security/>,-,0x0,,,-,NULL SID,,,-,,-,13312,'17428',%%1936,%%1936,1936.0,,,,,2,,,,,2026-05-18T12:12:06.871-0400,allowed,win:unknown,,,,,ppppPWBADDC03.mmm.hhh.ggg,,ppppPWBADDC03.mmm.hhh.ggg,ppppPWBADDC03,998390375,endpoint_services_processes windows_endpoint_processes windows_event_signature windows_process_new wineventlog_security wineventlog_windows winsec,,,ppppPWBADDC03,998390375,occs-sss-windows,1,A new process has been created,C:\Windows\System32\where.exe,0x2418,where.exe,,,,,,,C:\Windows\System32\cmd.exe,0x2370,cmd.exe,C:\Windows\System32\cmd.exe,C:\Windows\System32\where.exe /Q repadmin,/Q repadmin,where,where.exe,0x2418,where.exe,C:\Windows\System32\where.exe,Windows,<_='://../////'><><_='---'_='{----}'/><></><></><>,,,,,,,,0x3e7,,,A new process has been created,4688,XmlWinEventLog:Security,XmlWinEventLog,bbbbbsplunkes02,,,MMM,,ppppPWBADDC03$,,success,A new process has been created,failure,,,"execute
os
process
report
security
start
track_event_signatures
windows",,,,"execute
os
process
report
security
start
track_event_signatures
windows",,,ppppPWBADDC03$,-,,,,,Microsoft,,Microsoft Windows
,,,,,MMM,,,ppppPWBADDC03$,,,Security,,,,,,where  /Q repadmin,ppppPWBADDC03.mmm.hhh.ggg,,,,-,4688,<Data Name='SubjectUserSid'>NT AUTHORITY\SYSTEM</Data><Data Name='SubjectUserName'>ppppPWBADDC03$</Data><Data Name='SubjectDomainName'>MMM</Data><Data Name='SubjectLogonId'>0x3e7</Data><Data Name='NewProcessId'>0x3f78</Data><Data Name='NewProcessName'>C:\Windows\System32\where.exe</Data><Data Name='TokenElevationType'>%%1936</Data><Data Name='ProcessId'>0x16b8</Data><Data Name='CommandLine'>where  /Q repadmin </Data><Data Name='TargetUserSid'>NULL SID</Data><Data Name='TargetUserName'>-</Data><Data Name='TargetDomainName'>-</Data><Data Name='TargetLogonId'>0x0</Data><Data Name='ParentProcessName'>C:\Windows\System32\cmd.exe</Data><Data Name='MandatoryLabel'>Mandatory Label\System Mandatory Level</Data>,4688.0,998383501,,,,,,,,,,,0x8020000000000000,0,,,,0x3e7,,Mandatory Label\System Mandatory Level,,,,,'Microsoft-Windows-Security-Auditing',0x3f78,C:\Windows\System32\where.exe,,,,,,0,C:\Windows\System32\cmd.exe,,,,'4',0x16b8,,where  /Q repadmin,,998383501,,,,,,,MMM,0x3e7,ppppPWBADDC03$,NT AUTHORITY\SYSTEM,,'2026-05-18T16:07:03.8197739Z',<Provider Name='Microsoft-Windows-Security-Auditing' Guid='{54849625-5478-4994-a5ba-3e3b0328c30d}'/><EventID>4688</EventID><Version>2</Version><Level>0</Level><Task>13312</Task><Opcode>0</Opcode><Keywords>0x8020000000000000</Keywords><TimeCreated SystemTime='2026-05-18T16:07:03.8197739Z'/><EventRecordID>998383501</EventRecordID><Correlation/><Execution ProcessID='4' ThreadID='15056'/><Channel>Security</Channel><Computer>ppppPWBADDC03.mmm.hhh.ggg</Computer><Security/>,-,0x0,,,-,NULL SID,,,-,,-,13312,'15056',%%1936,%%1936,1936.0,,,,,2,,,,,2026-05-18T12:07:03.819-0400,allowed,win:unknown,,,,,ppppPWBADDC03.mmm.hhh.ggg,,ppppPWBADDC03.mmm.hhh.ggg,ppppPWBADDC03,998383501,endpoint_services_processes windows_endpoint_processes windows_event_signature windows_process_new wineventlog_security wineventlog_windows winsec,,,ppppPWBADDC03,998383501,occs-sss-windows,1,A new process has been created,C:\Windows\System32\where.exe,0x3f78,where.exe,,,,,,,C:\Windows\System32\cmd.exe,0x16b8,cmd.exe,C:\Windows\System32\cmd.exe,C:\Windows\System32\where.exe /Q repadmin,/Q repadmin,where,where.exe,0x3f78,where.exe,C:\Windows\System32\where.exe,Windows,<_='://../////'><><_='---'_='{----}'/><></><></><>,,,,,,,,0x3e7,,,A new process has been created,4688,XmlWinEventLog:Security,XmlWinEventLog,bbbbbsplunkes01,,,MMM,,ppppPWBADDC03$,,success,A new process has been created,failure,,,"execute
os
process
report
security
start
track_event_signatures
windows",,,,"execute
os
process
report
security
start
track_event_signatures
windows",,,ppppPWBADDC03$,-,,,,,Microsoft,,Microsoft Windows
,,,,,MMM,,,ppppPWBADDC03$,,,Security,,,,,,where  /Q repadmin,ppppPWBADDC03.mmm.hhh.ggg,,,,-,4688,<Data Name='SubjectUserSid'>NT AUTHORITY\SYSTEM</Data><Data Name='SubjectUserName'>ppppPWBADDC03$</Data><Data Name='SubjectDomainName'>MMM</Data><Data Name='SubjectLogonId'>0x3e7</Data><Data Name='NewProcessId'>0x3ac4</Data><Data Name='NewProcessName'>C:\Windows\System32\where.exe</Data><Data Name='TokenElevationType'>%%1936</Data><Data Name='ProcessId'>0x13f4</Data><Data Name='CommandLine'>where  /Q repadmin </Data><Data Name='TargetUserSid'>NULL SID</Data><Data Name='TargetUserName'>-</Data><Data Name='TargetDomainName'>-</Data><Data Name='TargetLogonId'>0x0</Data><Data Name='ParentProcessName'>C:\Windows\System32\cmd.exe</Data><Data Name='MandatoryLabel'>Mandatory Label\System Mandatory Level</Data>,4688.0,998376157,,,,,,,,,,,0x8020000000000000,0,,,,0x3e7,,Mandatory Label\System Mandatory Level,,,,,'Microsoft-Windows-Security-Auditing',0x3ac4,C:\Windows\System32\where.exe,,,,,,0,C:\Windows\System32\cmd.exe,,,,'4',0x13f4,,where  /Q repadmin,,998376157,,,,,,,MMM,0x3e7,ppppPWBADDC03$,NT AUTHORITY\SYSTEM,,'2026-05-18T16:02:01.4910154Z',<Provider Name='Microsoft-Windows-Security-Auditing' Guid='{54849625-5478-4994-a5ba-3e3b0328c30d}'/><EventID>4688</EventID><Version>2</Version><Level>0</Level><Task>13312</Task><Opcode>0</Opcode><Keywords>0x8020000000000000</Keywords><TimeCreated SystemTime='2026-05-18T16:02:01.4910154Z'/><EventRecordID>998376157</EventRecordID><Correlation/><Execution ProcessID='4' ThreadID='16268'/><Channel>Security</Channel><Computer>ppppPWBADDC03.mmm.hhh.ggg</Computer><Security/>,-,0x0,,,-,NULL SID,,,-,,-,13312,'16268',%%1936,%%1936,1936.0,,,,,2,,,,,2026-05-18T12:02:01.491-0400,allowed,win:unknown,,,,,ppppPWBADDC03.mmm.hhh.ggg,,ppppPWBADDC03.mmm.hhh.ggg,ppppPWBADDC03,998376157,endpoint_services_processes windows_endpoint_processes windows_event_signature windows_process_new wineventlog_security wineventlog_windows winsec,,,ppppPWBADDC03,998376157,occs-sss-windows,1,A new process has been created,C:\Windows\System32\where.exe,0x3ac4,where.exe,,,,,,,C:\Windows\System32\cmd.exe,0x13f4,cmd.exe,C:\Windows\System32\cmd.exe,C:\Windows\System32\where.exe /Q repadmin,/Q repadmin,where,where.exe,0x3ac4,where.exe,C:\Windows\System32\where.exe,Windows,<_='://../////'><><_='---'_='{----}'/><></><></><>,,,,,,,,0x3e7,,,A new process has been created,4688,XmlWinEventLog:Security,XmlWinEventLog,bbbbbsplunkes02,,,MMM,,ppppPWBADDC03$,,success,A new process has been created,failure,,,"execute
os
process
report
security
start
track_event_signatures
windows",,,,"execute
os
process
report
security
start
track_event_signatures
windows",,,ppppPWBADDC03$,-,,,,,Microsoft,,Microsoft Windows
,,,,,MMM,,,ppppPWBADDC03$,,,Security,,,,,,where  /Q repadmin,ppppPWBADDC03.mmm.hhh.ggg,,,,-,4688,<Data Name='SubjectUserSid'>NT AUTHORITY\SYSTEM</Data><Data Name='SubjectUserName'>ppppPWBADDC03$</Data><Data Name='SubjectDomainName'>MMM</Data><Data Name='SubjectLogonId'>0x3e7</Data><Data Name='NewProcessId'>0x2ac0</Data><Data Name='NewProcessName'>C:\Windows\System32\where.exe</Data><Data Name='TokenElevationType'>%%1936</Data><Data Name='ProcessId'>0x3cb8</Data><Data Name='CommandLine'>where  /Q repadmin </Data><Data Name='TargetUserSid'>NULL SID</Data><Data Name='TargetUserName'>-</Data><Data Name='TargetDomainName'>-</Data><Data Name='TargetLogonId'>0x0</Data><Data Name='ParentProcessName'>C:\Windows\System32\cmd.exe</Data><Data Name='MandatoryLabel'>Mandatory Label\System Mandatory Level</Data>,4688.0,998368695,,,,,,,,,,,0x8020000000000000,0,,,,0x3e7,,Mandatory Label\System Mandatory Level,,,,,'Microsoft-Windows-Security-Auditing',0x2ac0,C:\Windows\System32\where.exe,,,,,,0,C:\Windows\System32\cmd.exe,,,,'4',0x3cb8,,where  /Q repadmin,,998368695,,,,,,,MMM,0x3e7,ppppPWBADDC03$,NT AUTHORITY\SYSTEM,,'2026-05-18T15:56:59.1972640Z',<Provider Name='Microsoft-Windows-Security-Auditing' Guid='{54849625-5478-4994-a5ba-3e3b0328c30d}'/><EventID>4688</EventID><Version>2</Version><Level>0</Level><Task>13312</Task><Opcode>0</Opcode><Keywords>0x8020000000000000</Keywords><TimeCreated SystemTime='2026-05-18T15:56:59.1972640Z'/><EventRecordID>998368695</EventRecordID><Correlation/><Execution ProcessID='4' ThreadID='16268'/><Channel>Security</Channel><Computer>ppppPWBADDC03.mmm.hhh.ggg</Computer><Security/>,-,0x0,,,-,NULL SID,,,-,,-,13312,'16268',%%1936,%%1936,1936.0,,,,,2,,,,,2026-05-18T11:56:59.197-0400,allowed,win:unknown,,,,,ppppPWBADDC03.mmm.hhh.ggg,,ppppPWBADDC03.mmm.hhh.ggg,ppppPWBADDC03,998368695,endpoint_services_processes windows_endpoint_processes windows_event_signature windows_process_new wineventlog_security wineventlog_windows winsec,,,ppppPWBADDC03,998368695,occs-sss-windows,1,A new process has been created,C:\Windows\System32\where.exe,0x2ac0,where.exe,,,,,,,C:\Windows\System32\cmd.exe,0x3cb8,cmd.exe,C:\Windows\System32\cmd.exe,C:\Windows\System32\where.exe /Q repadmin,/Q repadmin,where,where.exe,0x2ac0,where.exe,C:\Windows\System32\where.exe,Windows,<_='://../////'><><_='---'_='{----}'/><></><></><>,,,,,,,,0x3e7,,,A new process has been created,4688,XmlWinEventLog:Security,XmlWinEventLog,bbbbbsplunkes01,,,MMM,,ppppPWBADDC03$,,success,A new process has been created,failure,,,"execute
os
process
report
security
start
track_event_signatures
windows",,,,"execute
os
process
report
security
start
track_event_signatures
windows",,,ppppPWBADDC03$,-,,,,,Microsoft,,Microsoft Windows
,,,,,MMM,,,ppppPWBADDC03$,,,Security,,,,,,where  /Q repadmin,ppppPWBADDC03.mmm.hhh.ggg,,,,-,4688,<Data Name='SubjectUserSid'>NT AUTHORITY\SYSTEM</Data><Data Name='SubjectUserName'>ppppPWBADDC03$</Data><Data Name='SubjectDomainName'>MMM</Data><Data Name='SubjectLogonId'>0x3e7</Data><Data Name='NewProcessId'>0x3028</Data><Data Name='NewProcessName'>C:\Windows\System32\where.exe</Data><Data Name='TokenElevationType'>%%1936</Data><Data Name='ProcessId'>0x3cb0</Data><Data Name='CommandLine'>where  /Q repadmin </Data><Data Name='TargetUserSid'>NULL SID</Data><Data Name='TargetUserName'>-</Data><Data Name='TargetDomainName'>-</Data><Data Name='TargetLogonId'>0x0</Data><Data Name='ParentProcessName'>C:\Windows\System32\cmd.exe</Data><Data Name='MandatoryLabel'>Mandatory Label\System Mandatory Level</Data>,4688.0,998361386,,,,,,,,,,,0x8020000000000000,0,,,,0x3e7,,Mandatory Label\System Mandatory Level,,,,,'Microsoft-Windows-Security-Auditing',0x3028,C:\Windows\System32\where.exe,,,,,,0,C:\Windows\System32\cmd.exe,,,,'4',0x3cb0,,where  /Q repadmin,,998361386,,,,,,,MMM,0x3e7,ppppPWBADDC03$,NT AUTHORITY\SYSTEM,,'2026-05-18T15:51:56.7854594Z',<Provider Name='Microsoft-Windows-Security-Auditing' Guid='{54849625-5478-4994-a5ba-3e3b0328c30d}'/><EventID>4688</EventID><Version>2</Version><Level>0</Level><Task>13312</Task><Opcode>0</Opcode><Keywords>0x8020000000000000</Keywords><TimeCreated SystemTime='2026-05-18T15:51:56.7854594Z'/><EventRecordID>998361386</EventRecordID><Correlation/><Execution ProcessID='4' ThreadID='14180'/><Channel>Security</Channel><Computer>ppppPWBADDC03.mmm.hhh.ggg</Computer><Security/>,-,0x0,,,-,NULL SID,,,-,,-,13312,'14180',%%1936,%%1936,1936.0,,,,,2,,,,,2026-05-18T11:51:56.785-0400,allowed,win:unknown,,,,,ppppPWBADDC03.mmm.hhh.ggg,,ppppPWBADDC03.mmm.hhh.ggg,ppppPWBADDC03,998361386,endpoint_services_processes windows_endpoint_processes windows_event_signature windows_process_new wineventlog_security wineventlog_windows winsec,,,ppppPWBADDC03,998361386,occs-sss-windows,1,A new process has been created,C:\Windows\System32\where.exe,0x3028,where.exe,,,,,,,C:\Windows\System32\cmd.exe,0x3cb0,cmd.exe,C:\Windows\System32\cmd.exe,C:\Windows\System32\where.exe /Q repadmin,/Q repadmin,where,where.exe,0x3028,where.exe,C:\Windows\System32\where.exe,Windows,<_='://../////'><><_='---'_='{----}'/><></><></><>,,,,,,,,0x3e7,,,A new process has been created,4688,XmlWinEventLog:Security,XmlWinEventLog,bbbbbsplunkes01,,,MMM,,ppppPWBADDC03$,,success,A new process has been created,failure,,,"execute
os
process
report
security
start
track_event_signatures
windows",,,,"execute
os
process
report
security
start
track_event_signatures
windows",,,ppppPWBADDC03$,-,,,,,Microsoft,,Microsoft Windows
,,,,,MMM,,,ppppPWBADDC03$,,,Security,,,,,,where  /Q repadmin,ppppPWBADDC03.mmm.hhh.ggg,,,,-,4688,<Data Name='SubjectUserSid'>NT AUTHORITY\SYSTEM</Data><Data Name='SubjectUserName'>ppppPWBADDC03$</Data><Data Name='SubjectDomainName'>MMM</Data><Data Name='SubjectLogonId'>0x3e7</Data><Data Name='NewProcessId'>0x15d0</Data><Data Name='NewProcessName'>C:\Windows\System32\where.exe</Data><Data Name='TokenElevationType'>%%1936</Data><Data Name='ProcessId'>0x2798</Data><Data Name='CommandLine'>where  /Q repadmin </Data><Data Name='TargetUserSid'>NULL SID</Data><Data Name='TargetUserName'>-</Data><Data Name='TargetDomainName'>-</Data><Data Name='TargetLogonId'>0x0</Data><Data Name='ParentProcessName'>C:\Windows\System32\cmd.exe</Data><Data Name='MandatoryLabel'>Mandatory Label\System Mandatory Level</Data>,4688.0,998354737,,,,,,,,,,,0x8020000000000000,0,,,,0x3e7,,Mandatory Label\System Mandatory Level,,,,,'Microsoft-Windows-Security-Auditing',0x15d0,C:\Windows\System32\where.exe,,,,,,0,C:\Windows\System32\cmd.exe,,,,'4',0x2798,,where  /Q repadmin,,998354737,,,,,,,MMM,0x3e7,ppppPWBADDC03$,NT AUTHORITY\SYSTEM,,'2026-05-18T15:46:53.6438319Z',<Provider Name='Microsoft-Windows-Security-Auditing' Guid='{54849625-5478-4994-a5ba-3e3b0328c30d}'/><EventID>4688</EventID><Version>2</Version><Level>0</Level><Task>13312</Task><Opcode>0</Opcode><Keywords>0x8020000000000000</Keywords><TimeCreated SystemTime='2026-05-18T15:46:53.6438319Z'/><EventRecordID>998354737</EventRecordID><Correlation/><Execution ProcessID='4' ThreadID='14316'/><Channel>Security</Channel><Computer>ppppPWBADDC03.mmm.hhh.ggg</Computer><Security/>,-,0x0,,,-,NULL SID,,,-,,-,13312,'14316',%%1936,%%1936,1936.0,,,,,2,,,,,2026-05-18T11:46:53.643-0400,allowed,win:unknown,,,,,ppppPWBADDC03.mmm.hhh.ggg,,ppppPWBADDC03.mmm.hhh.ggg,ppppPWBADDC03,998354737,endpoint_services_processes windows_endpoint_processes windows_event_signature windows_process_new wineventlog_security wineventlog_windows winsec,,,ppppPWBADDC03,998354737,occs-sss-windows,1,A new process has been created,C:\Windows\System32\where.exe,0x15d0,where.exe,,,,,,,C:\Windows\System32\cmd.exe,0x2798,cmd.exe,C:\Windows\System32\cmd.exe,C:\Windows\System32\where.exe /Q repadmin,/Q repadmin,where,where.exe,0x15d0,where.exe,C:\Windows\System32\where.exe,Windows,<_='://../////'><><_='---'_='{----}'/><></><></><>,,,,,,,,0x3e7,,,A new process has been created,4688,XmlWinEventLog:Security,XmlWinEventLog,bbbbbsplunkes03,,,MMM,,ppppPWBADDC03$,,success,A new process has been created,failure,,,"execute
os
process
report
security
start
track_event_signatures
windows",,,,"execute
os
process
report
security
start
track_event_signatures
windows",,,ppppPWBADDC03$,-,,,,,Microsoft,,Microsoft Windows
,,,,,MMM,,,ppppPWBADDC03$,,,Security,,,,,,where  /Q repadmin,ppppPWBADDC03.mmm.hhh.ggg,,,,-,4688,<Data Name='SubjectUserSid'>NT AUTHORITY\SYSTEM</Data><Data Name='SubjectUserName'>ppppPWBADDC03$</Data><Data Name='SubjectDomainName'>MMM</Data><Data Name='SubjectLogonId'>0x3e7</Data><Data Name='NewProcessId'>0xa24</Data><Data Name='NewProcessName'>C:\Windows\System32\where.exe</Data><Data Name='TokenElevationType'>%%1936</Data><Data Name='ProcessId'>0x311c</Data><Data Name='CommandLine'>where  /Q repadmin </Data><Data Name='TargetUserSid'>NULL SID</Data><Data Name='TargetUserName'>-</Data><Data Name='TargetDomainName'>-</Data><Data Name='TargetLogonId'>0x0</Data><Data Name='ParentProcessName'>C:\Windows\System32\cmd.exe</Data><Data Name='MandatoryLabel'>Mandatory Label\System Mandatory Level</Data>,4688.0,998348523,,,,,,,,,,,0x8020000000000000,0,,,,0x3e7,,Mandatory Label\System Mandatory Level,,,,,'Microsoft-Windows-Security-Auditing',0xa24,C:\Windows\System32\where.exe,,,,,,0,C:\Windows\System32\cmd.exe,,,,'4',0x311c,,where  /Q repadmin,,998348523,,,,,,,MMM,0x3e7,ppppPWBADDC03$,NT AUTHORITY\SYSTEM,,'2026-05-18T15:41:51.2444862Z',<Provider Name='Microsoft-Windows-Security-Auditing' Guid='{54849625-5478-4994-a5ba-3e3b0328c30d}'/><EventID>4688</EventID><Version>2</Version><Level>0</Level><Task>13312</Task><Opcode>0</Opcode><Keywords>0x8020000000000000</Keywords><TimeCreated SystemTime='2026-05-18T15:41:51.2444862Z'/><EventRecordID>998348523</EventRecordID><Correlation/><Execution ProcessID='4' ThreadID='15244'/><Channel>Security</Channel><Computer>ppppPWBADDC03.mmm.hhh.ggg</Computer><Security/>,-,0x0,,,-,NULL SID,,,-,,-,13312,'15244',%%1936,%%1936,1936.0,,,,,2,,,,,2026-05-18T11:41:51.244-0400,allowed,win:unknown,,,,,ppppPWBADDC03.mmm.hhh.ggg,,ppppPWBADDC03.mmm.hhh.ggg,ppppPWBADDC03,998348523,endpoint_services_processes windows_endpoint_processes windows_event_signature windows_process_new wineventlog_security wineventlog_windows winsec,,,ppppPWBADDC03,998348523,occs-sss-windows,1,A new process has been created,C:\Windows\System32\where.exe,0xa24,where.exe,,,,,,,C:\Windows\System32\cmd.exe,0x311c,cmd.exe,C:\Windows\System32\cmd.exe,C:\Windows\System32\where.exe /Q repadmin,/Q repadmin,where,where.exe,0xa24,where.exe,C:\Windows\System32\where.exe,Windows,<_='://../////'><><_='---'_='{----}'/><></><></><>,,,,,,,,0x3e7,,,A new process has been created,4688,XmlWinEventLog:Security,XmlWinEventLog,bbbbbsplunkes02,,,MMM,,ppppPWBADDC03$,,success,A new process has been created,failure,,,"execute
os
process
report
security
start
track_event_signatures
windows",,,,"execute
os
process
report
security
start
track_event_signatures
windows",,,ppppPWBADDC03$,-,,,,,Microsoft,,Microsoft Windows
,,,,,MMM,,,ppppPWBADDC03$,,,Security,,,,,,where  /Q repadmin,ppppPWBADDC03.mmm.hhh.ggg,,,,-,4688,<Data Name='SubjectUserSid'>NT AUTHORITY\SYSTEM</Data><Data Name='SubjectUserName'>ppppPWBADDC03$</Data><Data Name='SubjectDomainName'>MMM</Data><Data Name='SubjectLogonId'>0x3e7</Data><Data Name='NewProcessId'>0x2c84</Data><Data Name='NewProcessName'>C:\Windows\System32\where.exe</Data><Data Name='TokenElevationType'>%%1936</Data><Data Name='ProcessId'>0x10e0</Data><Data Name='CommandLine'>where  /Q repadmin </Data><Data Name='TargetUserSid'>NULL SID</Data><Data Name='TargetUserName'>-</Data><Data Name='TargetDomainName'>-</Data><Data Name='TargetLogonId'>0x0</Data><Data Name='ParentProcessName'>C:\Windows\System32\cmd.exe</Data><Data Name='MandatoryLabel'>Mandatory Label\System Mandatory Level</Data>,4688.0,998342422,,,,,,,,,,,0x8020000000000000,0,,,,0x3e7,,Mandatory Label\System Mandatory Level,,,,,'Microsoft-Windows-Security-Auditing',0x2c84,C:\Windows\System32\where.exe,,,,,,0,C:\Windows\System32\cmd.exe,,,,'4',0x10e0,,where  /Q repadmin,,998342422,,,,,,,MMM,0x3e7,ppppPWBADDC03$,NT AUTHORITY\SYSTEM,,'2026-05-18T15:36:48.8264988Z',<Provider Name='Microsoft-Windows-Security-Auditing' Guid='{54849625-5478-4994-a5ba-3e3b0328c30d}'/><EventID>4688</EventID><Version>2</Version><Level>0</Level><Task>13312</Task><Opcode>0</Opcode><Keywords>0x8020000000000000</Keywords><TimeCreated SystemTime='2026-05-18T15:36:48.8264988Z'/><EventRecordID>998342422</EventRecordID><Correlation/><Execution ProcessID='4' ThreadID='18352'/><Channel>Security</Channel><Computer>ppppPWBADDC03.mmm.hhh.ggg</Computer><Security/>,-,0x0,,,-,NULL SID,,,-,,-,13312,'18352',%%1936,%%1936,1936.0,,,,,2,,,,,2026-05-18T11:36:48.826-0400,allowed,win:unknown,,,,,ppppPWBADDC03.mmm.hhh.ggg,,ppppPWBADDC03.mmm.hhh.ggg,ppppPWBADDC03,998342422,endpoint_services_processes windows_endpoint_processes windows_event_signature windows_process_new wineventlog_security wineventlog_windows winsec,,,ppppPWBADDC03,998342422,occs-sss-windows,1,A new process has been created,C:\Windows\System32\where.exe,0x2c84,where.exe,,,,,,,C:\Windows\System32\cmd.exe,0x10e0,cmd.exe,C:\Windows\System32\cmd.exe,C:\Windows\System32\where.exe /Q repadmin,/Q repadmin,where,where.exe,0x2c84,where.exe,C:\Windows\System32\where.exe,Windows,<_='://../////'><><_='---'_='{----}'/><></><></><>,,,,,,,,0x3e7,,,A new process has been created,4688,XmlWinEventLog:Security,XmlWinEventLog,bbbbbsplunkes02,,,MMM,,ppppPWBADDC03$,,success,A new process has been created,failure,,,"execute
os
process
report
security
start
track_event_signatures
windows",,,,"execute
os
process
report
security
start
track_event_signatures
windows",,,ppppPWBADDC03$,-,,,,,Microsoft,,Microsoft Windows
,,,,,MMM,,,ppppPWBADDC03$,,,Security,,,,,,where  /Q repadmin,ppppPWBADDC03.mmm.hhh.ggg,,,,-,4688,<Data Name='SubjectUserSid'>NT AUTHORITY\SYSTEM</Data><Data Name='SubjectUserName'>ppppPWBADDC03$</Data><Data Name='SubjectDomainName'>MMM</Data><Data Name='SubjectLogonId'>0x3e7</Data><Data Name='NewProcessId'>0x123c</Data><Data Name='NewProcessName'>C:\Windows\System32\where.exe</Data><Data Name='TokenElevationType'>%%1936</Data><Data Name='ProcessId'>0x3938</Data><Data Name='CommandLine'>where  /Q repadmin </Data><Data Name='TargetUserSid'>NULL SID</Data><Data Name='TargetUserName'>-</Data><Data Name='TargetDomainName'>-</Data><Data Name='TargetLogonId'>0x0</Data><Data Name='ParentProcessName'>C:\Windows\System32\cmd.exe</Data><Data Name='MandatoryLabel'>Mandatory Label\System Mandatory Level</Data>,4688.0,998335299,,,,,,,,,,,0x8020000000000000,0,,,,0x3e7,,Mandatory Label\System Mandatory Level,,,,,'Microsoft-Windows-Security-Auditing',0x123c,C:\Windows\System32\where.exe,,,,,,0,C:\Windows\System32\cmd.exe,,,,'4',0x3938,,where  /Q repadmin,,998335299,,,,,,,MMM,0x3e7,ppppPWBADDC03$,NT AUTHORITY\SYSTEM,,'2026-05-18T15:31:46.4929366Z',<Provider Name='Microsoft-Windows-Security-Auditing' Guid='{54849625-5478-4994-a5ba-3e3b0328c30d}'/><EventID>4688</EventID><Version>2</Version><Level>0</Level><Task>13312</Task><Opcode>0</Opcode><Keywords>0x8020000000000000</Keywords><TimeCreated SystemTime='2026-05-18T15:31:46.4929366Z'/><EventRecordID>998335299</EventRecordID><Correlation/><Execution ProcessID='4' ThreadID='2956'/><Channel>Security</Channel><Computer>ppppPWBADDC03.mmm.hhh.ggg</Computer><Security/>,-,0x0,,,-,NULL SID,,,-,,-,13312,'2956',%%1936,%%1936,1936.0,,,,,2,,,,,2026-05-18T11:31:46.492-0400,allowed,win:unknown,,,,,ppppPWBADDC03.mmm.hhh.ggg,,ppppPWBADDC03.mmm.hhh.ggg,ppppPWBADDC03,998335299,endpoint_services_processes windows_endpoint_processes windows_event_signature windows_process_new wineventlog_security wineventlog_windows winsec,,,ppppPWBADDC03,998335299,occs-sss-windows,1,A new process has been created,C:\Windows\System32\where.exe,0x123c,where.exe,,,,,,,C:\Windows\System32\cmd.exe,0x3938,cmd.exe,C:\Windows\System32\cmd.exe,C:\Windows\System32\where.exe /Q repadmin,/Q repadmin,where,where.exe,0x123c,where.exe,C:\Windows\System32\where.exe,Windows,<_='://../////'><><_='---'_='{----}'/><></><></><>,,,,,,,,0x3e7,,,A new process has been created,4688,XmlWinEventLog:Security,XmlWinEventLog,bbbbbsplunkes01,,,MMM,,ppppPWBADDC03$,,success,A new process has been created,failure,,,"execute
os
process
report
security
start
track_event_signatures
windows",,,,"execute
os
process
report
security
start
track_event_signatures
windows",,,ppppPWBADDC03$,-,,,,,Microsoft,,Microsoft Windows
,,,,,MMM,,,ppppPWBADDC03$,,,Security,,,,,,where  /Q repadmin,ppppPWBADDC03.mmm.hhh.ggg,,,,-,4688,<Data Name='SubjectUserSid'>NT AUTHORITY\SYSTEM</Data><Data Name='SubjectUserName'>ppppPWBADDC03$</Data><Data Name='SubjectDomainName'>MMM</Data><Data Name='SubjectLogonId'>0x3e7</Data><Data Name='NewProcessId'>0x3804</Data><Data Name='NewProcessName'>C:\Windows\System32\where.exe</Data><Data Name='TokenElevationType'>%%1936</Data><Data Name='ProcessId'>0x416c</Data><Data Name='CommandLine'>where  /Q repadmin </Data><Data Name='TargetUserSid'>NULL SID</Data><Data Name='TargetUserName'>-</Data><Data Name='TargetDomainName'>-</Data><Data Name='TargetLogonId'>0x0</Data><Data Name='ParentProcessName'>C:\Windows\System32\cmd.exe</Data><Data Name='MandatoryLabel'>Mandatory Label\System Mandatory Level</Data>,4688.0,998328231,,,,,,,,,,,0x8020000000000000,0,,,,0x3e7,,Mandatory Label\System Mandatory Level,,,,,'Microsoft-Windows-Security-Auditing',0x3804,C:\Windows\System32\where.exe,,,,,,0,C:\Windows\System32\cmd.exe,,,,'4',0x416c,,where  /Q repadmin,,998328231,,,,,,,MMM,0x3e7,ppppPWBADDC03$,NT AUTHORITY\SYSTEM,,'2026-05-18T15:26:43.4092164Z',<Provider Name='Microsoft-Windows-Security-Auditing' Guid='{54849625-5478-4994-a5ba-3e3b0328c30d}'/><EventID>4688</EventID><Version>2</Version><Level>0</Level><Task>13312</Task><Opcode>0</Opcode><Keywords>0x8020000000000000</Keywords><TimeCreated SystemTime='2026-05-18T15:26:43.4092164Z'/><EventRecordID>998328231</EventRecordID><Correlation/><Execution ProcessID='4' ThreadID='15704'/><Channel>Security</Channel><Computer>ppppPWBADDC03.mmm.hhh.ggg</Computer><Security/>,-,0x0,,,-,NULL SID,,,-,,-,13312,'15704',%%1936,%%1936,1936.0,,,,,2,,,,,2026-05-18T11:26:43.409-0400,allowed,win:unknown,,,,,ppppPWBADDC03.mmm.hhh.ggg,,ppppPWBADDC03.mmm.hhh.ggg,ppppPWBADDC03,998328231,endpoint_services_processes windows_endpoint_processes windows_event_signature windows_process_new wineventlog_security wineventlog_windows winsec,,,ppppPWBADDC03,998328231,occs-sss-windows,1,A new process has been created,C:\Windows\System32\where.exe,0x3804,where.exe,,,,,,,C:\Windows\System32\cmd.exe,0x416c,cmd.exe,C:\Windows\System32\cmd.exe,C:\Windows\System32\where.exe /Q repadmin,/Q repadmin,where,where.exe,0x3804,where.exe,C:\Windows\System32\where.exe,Windows,<_='://../////'><><_='---'_='{----}'/><></><></><>,,,,,,,,0x3e7,,,A new process has been created,4688,XmlWinEventLog:Security,XmlWinEventLog,bbbbbsplunkes03,,,MMM,,ppppPWBADDC03$,,success,A new process has been created,failure,,,"execute
os
process
report
security
start
track_event_signatures
windows",,,,"execute
os
process
report
security
start
track_event_signatures
windows",,,ppppPWBADDC03$,-,,,,,Microsoft,,Microsoft Windows
,,,,,MMM,,,ppppPWBADDC03$,,,Security,,,,,,where  /Q repadmin,ppppPWBADDC03.mmm.hhh.ggg,,,,-,4688,<Data Name='SubjectUserSid'>NT AUTHORITY\SYSTEM</Data><Data Name='SubjectUserName'>ppppPWBADDC03$</Data><Data Name='SubjectDomainName'>MMM</Data><Data Name='SubjectLogonId'>0x3e7</Data><Data Name='NewProcessId'>0x425c</Data><Data Name='NewProcessName'>C:\Windows\System32\where.exe</Data><Data Name='TokenElevationType'>%%1936</Data><Data Name='ProcessId'>0x24d8</Data><Data Name='CommandLine'>where  /Q repadmin </Data><Data Name='TargetUserSid'>NULL SID</Data><Data Name='TargetUserName'>-</Data><Data Name='TargetDomainName'>-</Data><Data Name='TargetLogonId'>0x0</Data><Data Name='ParentProcessName'>C:\Windows\System32\cmd.exe</Data><Data Name='MandatoryLabel'>Mandatory Label\System Mandatory Level</Data>,4688.0,998321661,,,,,,,,,,,0x8020000000000000,0,,,,0x3e7,,Mandatory Label\System Mandatory Level,,,,,'Microsoft-Windows-Security-Auditing',0x425c,C:\Windows\System32\where.exe,,,,,,0,C:\Windows\System32\cmd.exe,,,,'4',0x24d8,,where  /Q repadmin,,998321661,,,,,,,MMM,0x3e7,ppppPWBADDC03$,NT AUTHORITY\SYSTEM,,'2026-05-18T15:21:41.0901607Z',<Provider Name='Microsoft-Windows-Security-Auditing' Guid='{54849625-5478-4994-a5ba-3e3b0328c30d}'/><EventID>4688</EventID><Version>2</Version><Level>0</Level><Task>13312</Task><Opcode>0</Opcode><Keywords>0x8020000000000000</Keywords><TimeCreated SystemTime='2026-05-18T15:21:41.0901607Z'/><EventRecordID>998321661</EventRecordID><Correlation/><Execution ProcessID='4' ThreadID='17992'/><Channel>Security</Channel><Computer>ppppPWBADDC03.mmm.hhh.ggg</Computer><Security/>,-,0x0,,,-,NULL SID,,,-,,-,13312,'17992',%%1936,%%1936,1936.0,,,,,2,,,,,2026-05-18T11:21:41.090-0400,allowed,win:unknown,,,,,ppppPWBADDC03.mmm.hhh.ggg,,ppppPWBADDC03.mmm.hhh.ggg,ppppPWBADDC03,998321661,endpoint_services_processes windows_endpoint_processes windows_event_signature windows_process_new wineventlog_security wineventlog_windows winsec,,,ppppPWBADDC03,998321661,occs-sss-windows,1,A new process has been created,C:\Windows\System32\where.exe,0x425c,where.exe,,,,,,,C:\Windows\System32\cmd.exe,0x24d8,cmd.exe,C:\Windows\System32\cmd.exe,C:\Windows\System32\where.exe /Q repadmin,/Q repadmin,where,where.exe,0x425c,where.exe,C:\Windows\System32\where.exe,Windows,<_='://../////'><><_='---'_='{----}'/><></><></><>,,,,,,,,0x3e7,,,A new process has been created,4688,XmlWinEventLog:Security,XmlWinEventLog,bbbbbsplunkes02,,,MMM,,ppppPWBADDC03$,,success,A new process has been created,failure,,,"execute
os
process
report
security
start
track_event_signatures
windows",,,,"execute
os
process
report
security
start
track_event_signatures
windows",,,ppppPWBADDC03$,-,,,,,Microsoft,,Microsoft Windows
,,,,,MMM,,,ppppPWBADDC03$,,,Security,,,,,,where  /Q repadmin,ppppPWBADDC03.mmm.hhh.ggg,,,,-,4688,<Data Name='SubjectUserSid'>NT AUTHORITY\SYSTEM</Data><Data Name='SubjectUserName'>ppppPWBADDC03$</Data><Data Name='SubjectDomainName'>MMM</Data><Data Name='SubjectLogonId'>0x3e7</Data><Data Name='NewProcessId'>0x3f40</Data><Data Name='NewProcessName'>C:\Windows\System32\where.exe</Data><Data Name='TokenElevationType'>%%1936</Data><Data Name='ProcessId'>0x260c</Data><Data Name='CommandLine'>where  /Q repadmin </Data><Data Name='TargetUserSid'>NULL SID</Data><Data Name='TargetUserName'>-</Data><Data Name='TargetDomainName'>-</Data><Data Name='TargetLogonId'>0x0</Data><Data Name='ParentProcessName'>C:\Windows\System32\cmd.exe</Data><Data Name='MandatoryLabel'>Mandatory Label\System Mandatory Level</Data>,4688.0,998313815,,,,,,,,,,,0x8020000000000000,0,,,,0x3e7,,Mandatory Label\System Mandatory Level,,,,,'Microsoft-Windows-Security-Auditing',0x3f40,C:\Windows\System32\where.exe,,,,,,0,C:\Windows\System32\cmd.exe,,,,'4',0x260c,,where  /Q repadmin,,998313815,,,,,,,MMM,0x3e7,ppppPWBADDC03$,NT AUTHORITY\SYSTEM,,'2026-05-18T15:16:38.7926058Z',<Provider Name='Microsoft-Windows-Security-Auditing' Guid='{54849625-5478-4994-a5ba-3e3b0328c30d}'/><EventID>4688</EventID><Version>2</Version><Level>0</Level><Task>13312</Task><Opcode>0</Opcode><Keywords>0x8020000000000000</Keywords><TimeCreated SystemTime='2026-05-18T15:16:38.7926058Z'/><EventRecordID>998313815</EventRecordID><Correlation/><Execution ProcessID='4' ThreadID='8124'/><Channel>Security</Channel><Computer>ppppPWBADDC03.mmm.hhh.ggg</Computer><Security/>,-,0x0,,,-,NULL SID,,,-,,-,13312,'8124',%%1936,%%1936,1936.0,,,,,2,,,,,2026-05-18T11:16:38.792-0400,allowed,win:unknown,,,,,ppppPWBADDC03.mmm.hhh.ggg,,ppppPWBADDC03.mmm.hhh.ggg,ppppPWBADDC03,998313815,endpoint_services_processes windows_endpoint_processes windows_event_signature windows_process_new wineventlog_security wineventlog_windows winsec,,,ppppPWBADDC03,998313815,occs-sss-windows,1,A new process has been created,C:\Windows\System32\where.exe,0x3f40,where.exe,,,,,,,C:\Windows\System32\cmd.exe,0x260c,cmd.exe,C:\Windows\System32\cmd.exe,C:\Windows\System32\where.exe /Q repadmin,/Q repadmin,where,where.exe,0x3f40,where.exe,C:\Windows\System32\where.exe,Windows,<_='://../////'><><_='---'_='{----}'/><></><></><>,,,,,,,,0x3e7,,,A new process has been created,4688,XmlWinEventLog:Security,XmlWinEventLog,bbbbbsplunkes02,,,MMM,,ppppPWBADDC03$,,success,A new process has been created,failure,,,"execute
os
process
report
security
start
track_event_signatures
windows",,,,"execute
os
process
report
security
start
track_event_signatures
windows",,,ppppPWBADDC03$,-,,,,,Microsoft,,Microsoft Windows
,,,,,MMM,,,ppppPWBADDC03$,,,Security,,,,,,where  /Q repadmin,ppppPWBADDC03.mmm.hhh.ggg,,,,-,4688,<Data Name='SubjectUserSid'>NT AUTHORITY\SYSTEM</Data><Data Name='SubjectUserName'>ppppPWBADDC03$</Data><Data Name='SubjectDomainName'>MMM</Data><Data Name='SubjectLogonId'>0x3e7</Data><Data Name='NewProcessId'>0x3948</Data><Data Name='NewProcessName'>C:\Windows\System32\where.exe</Data><Data Name='TokenElevationType'>%%1936</Data><Data Name='ProcessId'>0x9a8</Data><Data Name='CommandLine'>where  /Q repadmin </Data><Data Name='TargetUserSid'>NULL SID</Data><Data Name='TargetUserName'>-</Data><Data Name='TargetDomainName'>-</Data><Data Name='TargetLogonId'>0x0</Data><Data Name='ParentProcessName'>C:\Windows\System32\cmd.exe</Data><Data Name='MandatoryLabel'>Mandatory Label\System Mandatory Level</Data>,4688.0,998305484,,,,,,,,,,,0x8020000000000000,0,,,,0x3e7,,Mandatory Label\System Mandatory Level,,,,,'Microsoft-Windows-Security-Auditing',0x3948,C:\Windows\System32\where.exe,,,,,,0,C:\Windows\System32\cmd.exe,,,,'4',0x9a8,,where  /Q repadmin,,998305484,,,,,,,MMM,0x3e7,ppppPWBADDC03$,NT AUTHORITY\SYSTEM,,'2026-05-18T15:11:36.3537720Z',<Provider Name='Microsoft-Windows-Security-Auditing' Guid='{54849625-5478-4994-a5ba-3e3b0328c30d}'/><EventID>4688</EventID><Version>2</Version><Level>0</Level><Task>13312</Task><Opcode>0</Opcode><Keywords>0x8020000000000000</Keywords><TimeCreated SystemTime='2026-05-18T15:11:36.3537720Z'/><EventRecordID>998305484</EventRecordID><Correlation/><Execution ProcessID='4' ThreadID='2956'/><Channel>Security</Channel><Computer>ppppPWBADDC03.mmm.hhh.ggg</Computer><Security/>,-,0x0,,,-,NULL SID,,,-,,-,13312,'2956',%%1936,%%1936,1936.0,,,,,2,,,,,2026-05-18T11:11:36.353-0400,allowed,win:unknown,,,,,ppppPWBADDC03.mmm.hhh.ggg,,ppppPWBADDC03.mmm.hhh.ggg,ppppPWBADDC03,998305484,endpoint_services_processes windows_endpoint_processes windows_event_signature windows_process_new wineventlog_security wineventlog_windows winsec,,,ppppPWBADDC03,998305484,occs-sss-windows,1,A new process has been created,C:\Windows\System32\where.exe,0x3948,where.exe,,,,,,,C:\Windows\System32\cmd.exe,0x9a8,cmd.exe,C:\Windows\System32\cmd.exe,C:\Windows\System32\where.exe /Q repadmin,/Q repadmin,where,where.exe,0x3948,where.exe,C:\Windows\System32\where.exe,Windows,<_='://../////'><><_='---'_='{----}'/><></><></><>,,,,,,,,0x3e7,,,A new process has been created,4688,XmlWinEventLog:Security,XmlWinEventLog,bbbbbsplunkes01,,,MMM,,ppppPWBADDC03$,,success,A new process has been created,failure,,,"execute
os
process
report
security
start
track_event_signatures
windows",,,,"execute
os
process
report
security
start
track_event_signatures
windows",,,ppppPWBADDC03$,-,,,,,Microsoft,,Microsoft Windows
,,,,,MMM,,,ppppPWBADDC03$,,,Security,,,,,,where  /Q repadmin,ppppPWBADDC03.mmm.hhh.ggg,,,,-,4688,<Data Name='SubjectUserSid'>NT AUTHORITY\SYSTEM</Data><Data Name='SubjectUserName'>ppppPWBADDC03$</Data><Data Name='SubjectDomainName'>MMM</Data><Data Name='SubjectLogonId'>0x3e7</Data><Data Name='NewProcessId'>0x3c1c</Data><Data Name='NewProcessName'>C:\Windows\System32\where.exe</Data><Data Name='TokenElevationType'>%%1936</Data><Data Name='ProcessId'>0x3c0c</Data><Data Name='CommandLine'>where  /Q repadmin </Data><Data Name='TargetUserSid'>NULL SID</Data><Data Name='TargetUserName'>-</Data><Data Name='TargetDomainName'>-</Data><Data Name='TargetLogonId'>0x0</Data><Data Name='ParentProcessName'>C:\Windows\System32\cmd.exe</Data><Data Name='MandatoryLabel'>Mandatory Label\System Mandatory Level</Data>,4688.0,998298871,,,,,,,,,,,0x8020000000000000,0,,,,0x3e7,,Mandatory Label\System Mandatory Level,,,,,'Microsoft-Windows-Security-Auditing',0x3c1c,C:\Windows\System32\where.exe,,,,,,0,C:\Windows\System32\cmd.exe,,,,'4',0x3c0c,,where  /Q repadmin,,998298871,,,,,,,MMM,0x3e7,ppppPWBADDC03$,NT AUTHORITY\SYSTEM,,'2026-05-18T15:06:33.1969979Z',<Provider Name='Microsoft-Windows-Security-Auditing' Guid='{54849625-5478-4994-a5ba-3e3b0328c30d}'/><EventID>4688</EventID><Version>2</Version><Level>0</Level><Task>13312</Task><Opcode>0</Opcode><Keywords>0x8020000000000000</Keywords><TimeCreated SystemTime='2026-05-18T15:06:33.1969979Z'/><EventRecordID>998298871</EventRecordID><Correlation/><Execution ProcessID='4' ThreadID='14680'/><Channel>Security</Channel><Computer>ppppPWBADDC03.mmm.hhh.ggg</Computer><Security/>,-,0x0,,,-,NULL SID,,,-,,-,13312,'14680',%%1936,%%1936,1936.0,,,,,2,,,,,2026-05-18T11:06:33.196-0400,allowed,win:unknown,,,,,ppppPWBADDC03.mmm.hhh.ggg,,ppppPWBADDC03.mmm.hhh.ggg,ppppPWBADDC03,998298871,endpoint_services_processes windows_endpoint_processes windows_event_signature windows_process_new wineventlog_security wineventlog_windows winsec,,,ppppPWBADDC03,998298871,occs-sss-windows,1,A new process has been created,C:\Windows\System32\where.exe,0x3c1c,where.exe,,,,,,,C:\Windows\System32\cmd.exe,0x3c0c,cmd.exe,C:\Windows\System32\cmd.exe,C:\Windows\System32\where.exe /Q repadmin,/Q repadmin,where,where.exe,0x3c1c,where.exe,C:\Windows\System32\where.exe,Windows,<_='://../////'><><_='---'_='{----}'/><></><></><>,,,,,,,,0x3e7,,,A new process has been created,4688,XmlWinEventLog:Security,XmlWinEventLog,bbbbbsplunkes01,,,MMM,,ppppPWBADDC03$,,success,A new process has been created,failure,,,"execute
os
process
report
security
start
track_event_signatures
windows",,,,"execute
os
process
report
security
start
track_event_signatures
windows",,,ppppPWBADDC03$,-,,,,,Microsoft,,Microsoft Windows
,,,,,MMM,,,ppppPWBADDC03$,,,Security,,,,,,where  /Q repadmin,ppppPWBADDC03.mmm.hhh.ggg,,,,-,4688,<Data Name='SubjectUserSid'>NT AUTHORITY\SYSTEM</Data><Data Name='SubjectUserName'>ppppPWBADDC03$</Data><Data Name='SubjectDomainName'>MMM</Data><Data Name='SubjectLogonId'>0x3e7</Data><Data Name='NewProcessId'>0x3f04</Data><Data Name='NewProcessName'>C:\Windows\System32\where.exe</Data><Data Name='TokenElevationType'>%%1936</Data><Data Name='ProcessId'>0x2680</Data><Data Name='CommandLine'>where  /Q repadmin </Data><Data Name='TargetUserSid'>NULL SID</Data><Data Name='TargetUserName'>-</Data><Data Name='TargetDomainName'>-</Data><Data Name='TargetLogonId'>0x0</Data><Data Name='ParentProcessName'>C:\Windows\System32\cmd.exe</Data><Data Name='MandatoryLabel'>Mandatory Label\System Mandatory Level</Data>,4688.0,998289297,,,,,,,,,,,0x8020000000000000,0,,,,0x3e7,,Mandatory Label\System Mandatory Level,,,,,'Microsoft-Windows-Security-Auditing',0x3f04,C:\Windows\System32\where.exe,,,,,,0,C:\Windows\System32\cmd.exe,,,,'4',0x2680,,where  /Q repadmin,,998289297,,,,,,,MMM,0x3e7,ppppPWBADDC03$,NT AUTHORITY\SYSTEM,,'2026-05-18T15:01:30.8515443Z',<Provider Name='Microsoft-Windows-Security-Auditing' Guid='{54849625-5478-4994-a5ba-3e3b0328c30d}'/><EventID>4688</EventID><Version>2</Version><Level>0</Level><Task>13312</Task><Opcode>0</Opcode><Keywords>0x8020000000000000</Keywords><TimeCreated SystemTime='2026-05-18T15:01:30.8515443Z'/><EventRecordID>998289297</EventRecordID><Correlation/><Execution ProcessID='4' ThreadID='9372'/><Channel>Security</Channel><Computer>ppppPWBADDC03.mmm.hhh.ggg</Computer><Security/>,-,0x0,,,-,NULL SID,,,-,,-,13312,'9372',%%1936,%%1936,1936.0,,,,,2,,,,,2026-05-18T11:01:30.851-0400,allowed,win:unknown,,,,,ppppPWBADDC03.mmm.hhh.ggg,,ppppPWBADDC03.mmm.hhh.ggg,ppppPWBADDC03,998289297,endpoint_services_processes windows_endpoint_processes windows_event_signature windows_process_new wineventlog_security wineventlog_windows winsec,,,ppppPWBADDC03,998289297,occs-sss-windows,1,A new process has been created,C:\Windows\System32\where.exe,0x3f04,where.exe,,,,,,,C:\Windows\System32\cmd.exe,0x2680,cmd.exe,C:\Windows\System32\cmd.exe,C:\Windows\System32\where.exe /Q repadmin,/Q repadmin,where,where.exe,0x3f04,where.exe,C:\Windows\System32\where.exe,Windows,<_='://../////'><><_='---'_='{----}'/><></><></><>,,,,,,,,0x3e7,,,A new process has been created,4688,XmlWinEventLog:Security,XmlWinEventLog,bbbbbsplunkes02,,,MMM,,ppppPWBADDC03$,,success,A new process has been created,failure,,,"execute
os
process
report
security
start
track_event_signatures
windows",,,,"execute
os
process
report
security
start
track_event_signatures
windows",,,ppppPWBADDC03$,-,,,,,Microsoft,,Microsoft Windows
,,,,,MMM,,,ppppPWBADDC03$,,,Security,,,,,,where  /Q repadmin,ppppPWBADDC03.mmm.hhh.ggg,,,,-,4688,<Data Name='SubjectUserSid'>NT AUTHORITY\SYSTEM</Data><Data Name='SubjectUserName'>ppppPWBADDC03$</Data><Data Name='SubjectDomainName'>MMM</Data><Data Name='SubjectLogonId'>0x3e7</Data><Data Name='NewProcessId'>0x1578</Data><Data Name='NewProcessName'>C:\Windows\System32\where.exe</Data><Data Name='TokenElevationType'>%%1936</Data><Data Name='ProcessId'>0x1138</Data><Data Name='CommandLine'>where  /Q repadmin </Data><Data Name='TargetUserSid'>NULL SID</Data><Data Name='TargetUserName'>-</Data><Data Name='TargetDomainName'>-</Data><Data Name='TargetLogonId'>0x0</Data><Data Name='ParentProcessName'>C:\Windows\System32\cmd.exe</Data><Data Name='MandatoryLabel'>Mandatory Label\System Mandatory Level</Data>,4688.0,998282060,,,,,,,,,,,0x8020000000000000,0,,,,0x3e7,,Mandatory Label\System Mandatory Level,,,,,'Microsoft-Windows-Security-Auditing',0x1578,C:\Windows\System32\where.exe,,,,,,0,C:\Windows\System32\cmd.exe,,,,'4',0x1138,,where  /Q repadmin,,998282060,,,,,,,MMM,0x3e7,ppppPWBADDC03$,NT AUTHORITY\SYSTEM,,'2026-05-18T14:56:28.5108516Z',<Provider Name='Microsoft-Windows-Security-Auditing' Guid='{54849625-5478-4994-a5ba-3e3b0328c30d}'/><EventID>4688</EventID><Version>2</Version><Level>0</Level><Task>13312</Task><Opcode>0</Opcode><Keywords>0x8020000000000000</Keywords><TimeCreated SystemTime='2026-05-18T14:56:28.5108516Z'/><EventRecordID>998282060</EventRecordID><Correlation/><Execution ProcessID='4' ThreadID='17428'/><Channel>Security</Channel><Computer>ppppPWBADDC03.mmm.hhh.ggg</Computer><Security/>,-,0x0,,,-,NULL SID,,,-,,-,13312,'17428',%%1936,%%1936,1936.0,,,,,2,,,,,2026-05-18T10:56:28.510-0400,allowed,win:unknown,,,,,ppppPWBADDC03.mmm.hhh.ggg,,ppppPWBADDC03.mmm.hhh.ggg,ppppPWBADDC03,998282060,endpoint_services_processes windows_endpoint_processes windows_event_signature windows_process_new wineventlog_security wineventlog_windows winsec,,,ppppPWBADDC03,998282060,occs-sss-windows,1,A new process has been created,C:\Windows\System32\where.exe,0x1578,where.exe,,,,,,,C:\Windows\System32\cmd.exe,0x1138,cmd.exe,C:\Windows\System32\cmd.exe,C:\Windows\System32\where.exe /Q repadmin,/Q repadmin,where,where.exe,0x1578,where.exe,C:\Windows\System32\where.exe,Windows,<_='://../////'><><_='---'_='{----}'/><></><></><>,,,,,,,,0x3e7,,,A new process has been created,4688,XmlWinEventLog:Security,XmlWinEventLog,bbbbbsplunkes02,,,MMM,,ppppPWBADDC03$,,success,A new process has been created,failure,,,"execute
os
process
report
security
start
track_event_signatures
windows",,,,"execute
os
process
report
security
start
track_event_signatures
windows",,,ppppPWBADDC03$,-,,,,,Microsoft,,Microsoft Windows
,,,,,MMM,,,ppppPWBADDC03$,,,Security,,,,,,where  /Q repadmin,ppppPWBADDC03.mmm.hhh.ggg,,,,-,4688,<Data Name='SubjectUserSid'>NT AUTHORITY\SYSTEM</Data><Data Name='SubjectUserName'>ppppPWBADDC03$</Data><Data Name='SubjectDomainName'>MMM</Data><Data Name='SubjectLogonId'>0x3e7</Data><Data Name='NewProcessId'>0x47a0</Data><Data Name='NewProcessName'>C:\Windows\System32\where.exe</Data><Data Name='TokenElevationType'>%%1936</Data><Data Name='ProcessId'>0x4600</Data><Data Name='CommandLine'>where  /Q repadmin </Data><Data Name='TargetUserSid'>NULL SID</Data><Data Name='TargetUserName'>-</Data><Data Name='TargetDomainName'>-</Data><Data Name='TargetLogonId'>0x0</Data><Data Name='ParentProcessName'>C:\Windows\System32\cmd.exe</Data><Data Name='MandatoryLabel'>Mandatory Label\System Mandatory Level</Data>,4688.0,998275706,,,,,,,,,,,0x8020000000000000,0,,,,0x3e7,,Mandatory Label\System Mandatory Level,,,,,'Microsoft-Windows-Security-Auditing',0x47a0,C:\Windows\System32\where.exe,,,,,,0,C:\Windows\System32\cmd.exe,,,,'4',0x4600,,where  /Q repadmin,,998275706,,,,,,,MMM,0x3e7,ppppPWBADDC03$,NT AUTHORITY\SYSTEM,,'2026-05-18T14:51:26.1861927Z',<Provider Name='Microsoft-Windows-Security-Auditing' Guid='{54849625-5478-4994-a5ba-3e3b0328c30d}'/><EventID>4688</EventID><Version>2</Version><Level>0</Level><Task>13312</Task><Opcode>0</Opcode><Keywords>0x8020000000000000</Keywords><TimeCreated SystemTime='2026-05-18T14:51:26.1861927Z'/><EventRecordID>998275706</EventRecordID><Correlation/><Execution ProcessID='4' ThreadID='15216'/><Channel>Security</Channel><Computer>ppppPWBADDC03.mmm.hhh.ggg</Computer><Security/>,-,0x0,,,-,NULL SID,,,-,,-,13312,'15216',%%1936,%%1936,1936.0,,,,,2,,,,,2026-05-18T10:51:26.186-0400,allowed,win:unknown,,,,,ppppPWBADDC03.mmm.hhh.ggg,,ppppPWBADDC03.mmm.hhh.ggg,ppppPWBADDC03,998275706,endpoint_services_processes windows_endpoint_processes windows_event_signature windows_process_new wineventlog_security wineventlog_windows winsec,,,ppppPWBADDC03,998275706,occs-sss-windows,1,A new process has been created,C:\Windows\System32\where.exe,0x47a0,where.exe,,,,,,,C:\Windows\System32\cmd.exe,0x4600,cmd.exe,C:\Windows\System32\cmd.exe,C:\Windows\System32\where.exe /Q repadmin,/Q repadmin,where,where.exe,0x47a0,where.exe,C:\Windows\System32\where.exe,Windows,<_='://../////'><><_='---'_='{----}'/><></><></><>,,,,,,,,0x3e7,,,A new process has been created,4688,XmlWinEventLog:Security,XmlWinEventLog,bbbbbsplunkes02,,,MMM,,ppppPWBADDC03$,,success,A new process has been created,failure,,,"execute
os
process
report
security
start
track_event_signatures
windows",,,,"execute
os
process
report
security
start
track_event_signatures
windows",,,ppppPWBADDC03$,-,,,,,Microsoft,,Microsoft Windows
,,,,,MMM,,,ppppPWBADDC03$,,,Security,,,,,,where  /Q repadmin,ppppPWBADDC03.mmm.hhh.ggg,,,,-,4688,<Data Name='SubjectUserSid'>NT AUTHORITY\SYSTEM</Data><Data Name='SubjectUserName'>ppppPWBADDC03$</Data><Data Name='SubjectDomainName'>MMM</Data><Data Name='SubjectLogonId'>0x3e7</Data><Data Name='NewProcessId'>0x2cb8</Data><Data Name='NewProcessName'>C:\Windows\System32\where.exe</Data><Data Name='TokenElevationType'>%%1936</Data><Data Name='ProcessId'>0xff8</Data><Data Name='CommandLine'>where  /Q repadmin </Data><Data Name='TargetUserSid'>NULL SID</Data><Data Name='TargetUserName'>-</Data><Data Name='TargetDomainName'>-</Data><Data Name='TargetLogonId'>0x0</Data><Data Name='ParentProcessName'>C:\Windows\System32\cmd.exe</Data><Data Name='MandatoryLabel'>Mandatory Label\System Mandatory Level</Data>,4688.0,998269075,,,,,,,,,,,0x8020000000000000,0,,,,0x3e7,,Mandatory Label\System Mandatory Level,,,,,'Microsoft-Windows-Security-Auditing',0x2cb8,C:\Windows\System32\where.exe,,,,,,0,C:\Windows\System32\cmd.exe,,,,'4',0xff8,,where  /Q repadmin,,998269075,,,,,,,MMM,0x3e7,ppppPWBADDC03$,NT AUTHORITY\SYSTEM,,'2026-05-18T14:46:23.1042906Z',<Provider Name='Microsoft-Windows-Security-Auditing' Guid='{54849625-5478-4994-a5ba-3e3b0328c30d}'/><EventID>4688</EventID><Version>2</Version><Level>0</Level><Task>13312</Task><Opcode>0</Opcode><Keywords>0x8020000000000000</Keywords><TimeCreated SystemTime='2026-05-18T14:46:23.1042906Z'/><EventRecordID>998269075</EventRecordID><Correlation/><Execution ProcessID='4' ThreadID='17736'/><Channel>Security</Channel><Computer>ppppPWBADDC03.mmm.hhh.ggg</Computer><Security/>,-,0x0,,,-,NULL SID,,,-,,-,13312,'17736',%%1936,%%1936,1936.0,,,,,2,,,,,2026-05-18T10:46:23.104-0400,allowed,win:unknown,,,,,ppppPWBADDC03.mmm.hhh.ggg,,ppppPWBADDC03.mmm.hhh.ggg,ppppPWBADDC03,998269075,endpoint_services_processes windows_endpoint_processes windows_event_signature windows_process_new wineventlog_security wineventlog_windows winsec,,,ppppPWBADDC03,998269075,occs-sss-windows,1,A new process has been created,C:\Windows\System32\where.exe,0x2cb8,where.exe,,,,,,,C:\Windows\System32\cmd.exe,0xff8,cmd.exe,C:\Windows\System32\cmd.exe,C:\Windows\System32\where.exe /Q repadmin,/Q repadmin,where,where.exe,0x2cb8,where.exe,C:\Windows\System32\where.exe,Windows,<_='://../////'><><_='---'_='{----}'/><></><></><>,,,,,,,,0x3e7,,,A new process has been created,4688,XmlWinEventLog:Security,XmlWinEventLog,bbbbbsplunkes03,,,MMM,,ppppPWBADDC03$,,success,A new process has been created,failure,,,"execute
os
process
report
security
start
track_event_signatures
windows",,,,"execute
os
process
report
security
start
track_event_signatures
windows",,,ppppPWBADDC03$,-,,,,,Microsoft,,Microsoft Windows
,,,,,MMM,,,ppppPWBADDC03$,,,Security,,,,,,where  /Q repadmin,ppppPWBADDC03.mmm.hhh.ggg,,,,-,4688,<Data Name='SubjectUserSid'>NT AUTHORITY\SYSTEM</Data><Data Name='SubjectUserName'>ppppPWBADDC03$</Data><Data Name='SubjectDomainName'>MMM</Data><Data Name='SubjectLogonId'>0x3e7</Data><Data Name='NewProcessId'>0x3528</Data><Data Name='NewProcessName'>C:\Windows\System32\where.exe</Data><Data Name='TokenElevationType'>%%1936</Data><Data Name='ProcessId'>0x2028</Data><Data Name='CommandLine'>where  /Q repadmin </Data><Data Name='TargetUserSid'>NULL SID</Data><Data Name='TargetUserName'>-</Data><Data Name='TargetDomainName'>-</Data><Data Name='TargetLogonId'>0x0</Data><Data Name='ParentProcessName'>C:\Windows\System32\cmd.exe</Data><Data Name='MandatoryLabel'>Mandatory Label\System Mandatory Level</Data>,4688.0,998262820,,,,,,,,,,,0x8020000000000000,0,,,,0x3e7,,Mandatory Label\System Mandatory Level,,,,,'Microsoft-Windows-Security-Auditing',0x3528,C:\Windows\System32\where.exe,,,,,,0,C:\Windows\System32\cmd.exe,,,,'4',0x2028,,where  /Q repadmin,,998262820,,,,,,,MMM,0x3e7,ppppPWBADDC03$,NT AUTHORITY\SYSTEM,,'2026-05-18T14:41:20.7890161Z',<Provider Name='Microsoft-Windows-Security-Auditing' Guid='{54849625-5478-4994-a5ba-3e3b0328c30d}'/><EventID>4688</EventID><Version>2</Version><Level>0</Level><Task>13312</Task><Opcode>0</Opcode><Keywords>0x8020000000000000</Keywords><TimeCreated SystemTime='2026-05-18T14:41:20.7890161Z'/><EventRecordID>998262820</EventRecordID><Correlation/><Execution ProcessID='4' ThreadID='15144'/><Channel>Security</Channel><Computer>ppppPWBADDC03.mmm.hhh.ggg</Computer><Security/>,-,0x0,,,-,NULL SID,,,-,,-,13312,'15144',%%1936,%%1936,1936.0,,,,,2,,,,,2026-05-18T10:41:20.789-0400,allowed,win:unknown,,,,,ppppPWBADDC03.mmm.hhh.ggg,,ppppPWBADDC03.mmm.hhh.ggg,ppppPWBADDC03,998262820,endpoint_services_processes windows_endpoint_processes windows_event_signature windows_process_new wineventlog_security wineventlog_windows winsec,,,ppppPWBADDC03,998262820,occs-sss-windows,1,A new process has been created,C:\Windows\System32\where.exe,0x3528,where.exe,,,,,,,C:\Windows\System32\cmd.exe,0x2028,cmd.exe,C:\Windows\System32\cmd.exe,C:\Windows\System32\where.exe /Q repadmin,/Q repadmin,where,where.exe,0x3528,where.exe,C:\Windows\System32\where.exe,Windows,<_='://../////'><><_='---'_='{----}'/><></><></><>,,,,,,,,0x3e7,,,A new process has been created,4688,XmlWinEventLog:Security,XmlWinEventLog,bbbbbsplunkes02,,,MMM,,ppppPWBADDC03$,,success,A new process has been created,failure,,,"execute
os
process
report
security
start
track_event_signatures
windows",,,,"execute
os
process
report
security
start
track_event_signatures
windows",,,ppppPWBADDC03$,-,,,,,Microsoft,,Microsoft Windows
,,,,,MMM,,,ppppPWBADDC03$,,,Security,,,,,,where  /Q repadmin,ppppPWBADDC03.mmm.hhh.ggg,,,,-,4688,<Data Name='SubjectUserSid'>NT AUTHORITY\SYSTEM</Data><Data Name='SubjectUserName'>ppppPWBADDC03$</Data><Data Name='SubjectDomainName'>MMM</Data><Data Name='SubjectLogonId'>0x3e7</Data><Data Name='NewProcessId'>0x2e80</Data><Data Name='NewProcessName'>C:\Windows\System32\where.exe</Data><Data Name='TokenElevationType'>%%1936</Data><Data Name='ProcessId'>0x3f60</Data><Data Name='CommandLine'>where  /Q repadmin </Data><Data Name='TargetUserSid'>NULL SID</Data><Data Name='TargetUserName'>-</Data><Data Name='TargetDomainName'>-</Data><Data Name='TargetLogonId'>0x0</Data><Data Name='ParentProcessName'>C:\Windows\System32\cmd.exe</Data><Data Name='MandatoryLabel'>Mandatory Label\System Mandatory Level</Data>,4688.0,998256379,,,,,,,,,,,0x8020000000000000,0,,,,0x3e7,,Mandatory Label\System Mandatory Level,,,,,'Microsoft-Windows-Security-Auditing',0x2e80,C:\Windows\System32\where.exe,,,,,,0,C:\Windows\System32\cmd.exe,,,,'4',0x3f60,,where  /Q repadmin,,998256379,,,,,,,MMM,0x3e7,ppppPWBADDC03$,NT AUTHORITY\SYSTEM,,'2026-05-18T14:36:18.4104162Z',<Provider Name='Microsoft-Windows-Security-Auditing' Guid='{54849625-5478-4994-a5ba-3e3b0328c30d}'/><EventID>4688</EventID><Version>2</Version><Level>0</Level><Task>13312</Task><Opcode>0</Opcode><Keywords>0x8020000000000000</Keywords><TimeCreated SystemTime='2026-05-18T14:36:18.4104162Z'/><EventRecordID>998256379</EventRecordID><Correlation/><Execution ProcessID='4' ThreadID='8124'/><Channel>Security</Channel><Computer>ppppPWBADDC03.mmm.hhh.ggg</Computer><Security/>,-,0x0,,,-,NULL SID,,,-,,-,13312,'8124',%%1936,%%1936,1936.0,,,,,2,,,,,2026-05-18T10:36:18.410-0400,allowed,win:unknown,,,,,ppppPWBADDC03.mmm.hhh.ggg,,ppppPWBADDC03.mmm.hhh.ggg,ppppPWBADDC03,998256379,endpoint_services_processes windows_endpoint_processes windows_event_signature windows_process_new wineventlog_security wineventlog_windows winsec,,,ppppPWBADDC03,998256379,occs-sss-windows,1,A new process has been created,C:\Windows\System32\where.exe,0x2e80,where.exe,,,,,,,C:\Windows\System32\cmd.exe,0x3f60,cmd.exe,C:\Windows\System32\cmd.exe,C:\Windows\System32\where.exe /Q repadmin,/Q repadmin,where,where.exe,0x2e80,where.exe,C:\Windows\System32\where.exe,Windows,<_='://../////'><><_='---'_='{----}'/><></><></><>,,,,,,,,0x3e7,,,A new process has been created,4688,XmlWinEventLog:Security,XmlWinEventLog,bbbbbsplunkes01,,,MMM,,ppppPWBADDC03$,,success,A new process has been created,failure,,,"execute
os
process
report
security
start
track_event_signatures
windows",,,,"execute
os
process
report
security
start
track_event_signatures
windows",,,ppppPWBADDC03$,-,,,,,Microsoft,,Microsoft Windows
,,,,,MMM,,,ppppPWBADDC03$,,,Security,,,,,,where  /Q repadmin,ppppPWBADDC03.mmm.hhh.ggg,,,,-,4688,<Data Name='SubjectUserSid'>NT AUTHORITY\SYSTEM</Data><Data Name='SubjectUserName'>ppppPWBADDC03$</Data><Data Name='SubjectDomainName'>MMM</Data><Data Name='SubjectLogonId'>0x3e7</Data><Data Name='NewProcessId'>0x3904</Data><Data Name='NewProcessName'>C:\Windows\System32\where.exe</Data><Data Name='TokenElevationType'>%%1936</Data><Data Name='ProcessId'>0x2c38</Data><Data Name='CommandLine'>where  /Q repadmin </Data><Data Name='TargetUserSid'>NULL SID</Data><Data Name='TargetUserName'>-</Data><Data Name='TargetDomainName'>-</Data><Data Name='TargetLogonId'>0x0</Data><Data Name='ParentProcessName'>C:\Windows\System32\cmd.exe</Data><Data Name='MandatoryLabel'>Mandatory Label\System Mandatory Level</Data>,4688.0,998248434,,,,,,,,,,,0x8020000000000000,0,,,,0x3e7,,Mandatory Label\System Mandatory Level,,,,,'Microsoft-Windows-Security-Auditing',0x3904,C:\Windows\System32\where.exe,,,,,,0,C:\Windows\System32\cmd.exe,,,,'4',0x2c38,,where  /Q repadmin,,998248434,,,,,,,MMM,0x3e7,ppppPWBADDC03$,NT AUTHORITY\SYSTEM,,'2026-05-18T14:31:16.0828488Z',<Provider Name='Microsoft-Windows-Security-Auditing' Guid='{54849625-5478-4994-a5ba-3e3b0328c30d}'/><EventID>4688</EventID><Version>2</Version><Level>0</Level><Task>13312</Task><Opcode>0</Opcode><Keywords>0x8020000000000000</Keywords><TimeCreated SystemTime='2026-05-18T14:31:16.0828488Z'/><EventRecordID>998248434</EventRecordID><Correlation/><Execution ProcessID='4' ThreadID='17236'/><Channel>Security</Channel><Computer>ppppPWBADDC03.mmm.hhh.ggg</Computer><Security/>,-,0x0,,,-,NULL SID,,,-,,-,13312,'17236',%%1936,%%1936,1936.0,,,,,2,,,,,2026-05-18T10:31:16.082-0400,allowed,win:unknown,,,,,ppppPWBADDC03.mmm.hhh.ggg,,ppppPWBADDC03.mmm.hhh.ggg,ppppPWBADDC03,998248434,endpoint_services_processes windows_endpoint_processes windows_event_signature windows_process_new wineventlog_security wineventlog_windows winsec,,,ppppPWBADDC03,998248434,occs-sss-windows,1,A new process has been created,C:\Windows\System32\where.exe,0x3904,where.exe,,,,,,,C:\Windows\System32\cmd.exe,0x2c38,cmd.exe,C:\Windows\System32\cmd.exe,C:\Windows\System32\where.exe /Q repadmin,/Q repadmin,where,where.exe,0x3904,where.exe,C:\Windows\System32\where.exe,Windows,<_='://../////'><><_='---'_='{----}'/><></><></><>,,,,,,,,0x3e7,,,A new process has been created,4688,XmlWinEventLog:Security,XmlWinEventLog,bbbbbsplunkes01,,,MMM,,ppppPWBADDC03$,,success,A new process has been created,failure,,,"execute
os
process
report
security
start
track_event_signatures
windows",,,,"execute
os
process
report
security
start
track_event_signatures
windows",,,ppppPWBADDC03$,-,,,,,Microsoft,,Microsoft Windows
,,,,,MMM,,,ppppPWBADDC03$,,,Security,,,,,,where  /Q repadmin,ppppPWBADDC03.mmm.hhh.ggg,,,,-,4688,<Data Name='SubjectUserSid'>NT AUTHORITY\SYSTEM</Data><Data Name='SubjectUserName'>ppppPWBADDC03$</Data><Data Name='SubjectDomainName'>MMM</Data><Data Name='SubjectLogonId'>0x3e7</Data><Data Name='NewProcessId'>0x2060</Data><Data Name='NewProcessName'>C:\Windows\System32\where.exe</Data><Data Name='TokenElevationType'>%%1936</Data><Data Name='ProcessId'>0x3c6c</Data><Data Name='CommandLine'>where  /Q repadmin </Data><Data Name='TargetUserSid'>NULL SID</Data><Data Name='TargetUserName'>-</Data><Data Name='TargetDomainName'>-</Data><Data Name='TargetLogonId'>0x0</Data><Data Name='ParentProcessName'>C:\Windows\System32\cmd.exe</Data><Data Name='MandatoryLabel'>Mandatory Label\System Mandatory Level</Data>,4688.0,998241942,,,,,,,,,,,0x8020000000000000,0,,,,0x3e7,,Mandatory Label\System Mandatory Level,,,,,'Microsoft-Windows-Security-Auditing',0x2060,C:\Windows\System32\where.exe,,,,,,0,C:\Windows\System32\cmd.exe,,,,'4',0x3c6c,,where  /Q repadmin,,998241942,,,,,,,MMM,0x3e7,ppppPWBADDC03$,NT AUTHORITY\SYSTEM,,'2026-05-18T14:26:13.0130951Z',<Provider Name='Microsoft-Windows-Security-Auditing' Guid='{54849625-5478-4994-a5ba-3e3b0328c30d}'/><EventID>4688</EventID><Version>2</Version><Level>0</Level><Task>13312</Task><Opcode>0</Opcode><Keywords>0x8020000000000000</Keywords><TimeCreated SystemTime='2026-05-18T14:26:13.0130951Z'/><EventRecordID>998241942</EventRecordID><Correlation/><Execution ProcessID='4' ThreadID='16268'/><Channel>Security</Channel><Computer>ppppPWBADDC03.mmm.hhh.ggg</Computer><Security/>,-,0x0,,,-,NULL SID,,,-,,-,13312,'16268',%%1936,%%1936,1936.0,,,,,2,,,,,2026-05-18T10:26:13.013-0400,allowed,win:unknown,,,,,ppppPWBADDC03.mmm.hhh.ggg,,ppppPWBADDC03.mmm.hhh.ggg,ppppPWBADDC03,998241942,endpoint_services_processes windows_endpoint_processes windows_event_signature windows_process_new wineventlog_security wineventlog_windows winsec,,,ppppPWBADDC03,998241942,occs-sss-windows,1,A new process has been created,C:\Windows\System32\where.exe,0x2060,where.exe,,,,,,,C:\Windows\System32\cmd.exe,0x3c6c,cmd.exe,C:\Windows\System32\cmd.exe,C:\Windows\System32\where.exe /Q repadmin,/Q repadmin,where,where.exe,0x2060,where.exe,C:\Windows\System32\where.exe,Windows,<_='://../////'><><_='---'_='{----}'/><></><></><>,,,,,,,,0x3e7,,,A new process has been created,4688,XmlWinEventLog:Security,XmlWinEventLog,bbbbbsplunkes03,,,MMM,,ppppPWBADDC03$,,success,A new process has been created,failure,,,"execute
os
process
report
security
start
track_event_signatures
windows",,,,"execute
os
process
report
security
start
track_event_signatures
windows",,,ppppPWBADDC03$,-,,,,,Microsoft,,Microsoft Windows
,,,,,MMM,,,ppppPWBADDC03$,,,Security,,,,,,where  /Q repadmin,ppppPWBADDC03.mmm.hhh.ggg,,,,-,4688,<Data Name='SubjectUserSid'>NT AUTHORITY\SYSTEM</Data><Data Name='SubjectUserName'>ppppPWBADDC03$</Data><Data Name='SubjectDomainName'>MMM</Data><Data Name='SubjectLogonId'>0x3e7</Data><Data Name='NewProcessId'>0x13d4</Data><Data Name='NewProcessName'>C:\Windows\System32\where.exe</Data><Data Name='TokenElevationType'>%%1936</Data><Data Name='ProcessId'>0x47d0</Data><Data Name='CommandLine'>where  /Q repadmin </Data><Data Name='TargetUserSid'>NULL SID</Data><Data Name='TargetUserName'>-</Data><Data Name='TargetDomainName'>-</Data><Data Name='TargetLogonId'>0x0</Data><Data Name='ParentProcessName'>C:\Windows\System32\cmd.exe</Data><Data Name='MandatoryLabel'>Mandatory Label\System Mandatory Level</Data>,4688.0,998234822,,,,,,,,,,,0x8020000000000000,0,,,,0x3e7,,Mandatory Label\System Mandatory Level,,,,,'Microsoft-Windows-Security-Auditing',0x13d4,C:\Windows\System32\where.exe,,,,,,0,C:\Windows\System32\cmd.exe,,,,'4',0x47d0,,where  /Q repadmin,,998234822,,,,,,,MMM,0x3e7,ppppPWBADDC03$,NT AUTHORITY\SYSTEM,,'2026-05-18T14:21:10.6088579Z',<Provider Name='Microsoft-Windows-Security-Auditing' Guid='{54849625-5478-4994-a5ba-3e3b0328c30d}'/><EventID>4688</EventID><Version>2</Version><Level>0</Level><Task>13312</Task><Opcode>0</Opcode><Keywords>0x8020000000000000</Keywords><TimeCreated SystemTime='2026-05-18T14:21:10.6088579Z'/><EventRecordID>998234822</EventRecordID><Correlation/><Execution ProcessID='4' ThreadID='4088'/><Channel>Security</Channel><Computer>ppppPWBADDC03.mmm.hhh.ggg</Computer><Security/>,-,0x0,,,-,NULL SID,,,-,,-,13312,'4088',%%1936,%%1936,1936.0,,,,,2,,,,,2026-05-18T10:21:10.608-0400,allowed,win:unknown,,,,,ppppPWBADDC03.mmm.hhh.ggg,,ppppPWBADDC03.mmm.hhh.ggg,ppppPWBADDC03,998234822,endpoint_services_processes windows_endpoint_processes windows_event_signature windows_process_new wineventlog_security wineventlog_windows winsec,,,ppppPWBADDC03,998234822,occs-sss-windows,1,A new process has been created,C:\Windows\System32\where.exe,0x13d4,where.exe,,,,,,,C:\Windows\System32\cmd.exe,0x47d0,cmd.exe,C:\Windows\System32\cmd.exe,C:\Windows\System32\where.exe /Q repadmin,/Q repadmin,where,where.exe,0x13d4,where.exe,C:\Windows\System32\where.exe,Windows,<_='://../////'><><_='---'_='{----}'/><></><></><>,,,,,,,,0x3e7,,,A new process has been created,4688,XmlWinEventLog:Security,XmlWinEventLog,bbbbbsplunkes01,,,MMM,,ppppPWBADDC03$,,success,A new process has been created,failure,,,"execute
os
process
report
security
start
track_event_signatures
windows",,,,"execute
os
process
report
security
start
track_event_signatures
windows",,,ppppPWBADDC03$,-,,,,,Microsoft,,Microsoft Windows
,,,,,MMM,,,ppppPWBADDC03$,,,Security,,,,,,where  /Q repadmin,ppppPWBADDC03.mmm.hhh.ggg,,,,-,4688,<Data Name='SubjectUserSid'>NT AUTHORITY\SYSTEM</Data><Data Name='SubjectUserName'>ppppPWBADDC03$</Data><Data Name='SubjectDomainName'>MMM</Data><Data Name='SubjectLogonId'>0x3e7</Data><Data Name='NewProcessId'>0x3854</Data><Data Name='NewProcessName'>C:\Windows\System32\where.exe</Data><Data Name='TokenElevationType'>%%1936</Data><Data Name='ProcessId'>0x388c</Data><Data Name='CommandLine'>where  /Q repadmin </Data><Data Name='TargetUserSid'>NULL SID</Data><Data Name='TargetUserName'>-</Data><Data Name='TargetDomainName'>-</Data><Data Name='TargetLogonId'>0x0</Data><Data Name='ParentProcessName'>C:\Windows\System32\cmd.exe</Data><Data Name='MandatoryLabel'>Mandatory Label\System Mandatory Level</Data>,4688.0,998227932,,,,,,,,,,,0x8020000000000000,0,,,,0x3e7,,Mandatory Label\System Mandatory Level,,,,,'Microsoft-Windows-Security-Auditing',0x3854,C:\Windows\System32\where.exe,,,,,,0,C:\Windows\System32\cmd.exe,,,,'4',0x388c,,where  /Q repadmin,,998227932,,,,,,,MMM,0x3e7,ppppPWBADDC03$,NT AUTHORITY\SYSTEM,,'2026-05-18T14:16:08.2443735Z',<Provider Name='Microsoft-Windows-Security-Auditing' Guid='{54849625-5478-4994-a5ba-3e3b0328c30d}'/><EventID>4688</EventID><Version>2</Version><Level>0</Level><Task>13312</Task><Opcode>0</Opcode><Keywords>0x8020000000000000</Keywords><TimeCreated SystemTime='2026-05-18T14:16:08.2443735Z'/><EventRecordID>998227932</EventRecordID><Correlation/><Execution ProcessID='4' ThreadID='7836'/><Channel>Security</Channel><Computer>ppppPWBADDC03.mmm.hhh.ggg</Computer><Security/>,-,0x0,,,-,NULL SID,,,-,,-,13312,'7836',%%1936,%%1936,1936.0,,,,,2,,,,,2026-05-18T10:16:08.244-0400,allowed,win:unknown,,,,,ppppPWBADDC03.mmm.hhh.ggg,,ppppPWBADDC03.mmm.hhh.ggg,ppppPWBADDC03,998227932,endpoint_services_processes windows_endpoint_processes windows_event_signature windows_process_new wineventlog_security wineventlog_windows winsec,,,ppppPWBADDC03,998227932,occs-sss-windows,1,A new process has been created,C:\Windows\System32\where.exe,0x3854,where.exe,,,,,,,C:\Windows\System32\cmd.exe,0x388c,cmd.exe,C:\Windows\System32\cmd.exe,C:\Windows\System32\where.exe /Q repadmin,/Q repadmin,where,where.exe,0x3854,where.exe,C:\Windows\System32\where.exe,Windows,<_='://../////'><><_='---'_='{----}'/><></><></><>,,,,,,,,0x3e7,,,A new process has been created,4688,XmlWinEventLog:Security,XmlWinEventLog,bbbbbsplunkes03,,,MMM,,ppppPWBADDC03$,,success,A new process has been created,failure,,,"execute
os
process
report
security
start
track_event_signatures
windows",,,,"execute
os
process
report
security
start
track_event_signatures
windows",,,ppppPWBADDC03$,-,,,,,Microsoft,,Microsoft Windows
,,,,,MMM,,,ppppPWBADDC03$,,,Security,,,,,,where  /Q repadmin,ppppPWBADDC03.mmm.hhh.ggg,,,,-,4688,<Data Name='SubjectUserSid'>NT AUTHORITY\SYSTEM</Data><Data Name='SubjectUserName'>ppppPWBADDC03$</Data><Data Name='SubjectDomainName'>MMM</Data><Data Name='SubjectLogonId'>0x3e7</Data><Data Name='NewProcessId'>0x37d0</Data><Data Name='NewProcessName'>C:\Windows\System32\where.exe</Data><Data Name='TokenElevationType'>%%1936</Data><Data Name='ProcessId'>0x3928</Data><Data Name='CommandLine'>where  /Q repadmin </Data><Data Name='TargetUserSid'>NULL SID</Data><Data Name='TargetUserName'>-</Data><Data Name='TargetDomainName'>-</Data><Data Name='TargetLogonId'>0x0</Data><Data Name='ParentProcessName'>C:\Windows\System32\cmd.exe</Data><Data Name='MandatoryLabel'>Mandatory Label\System Mandatory Level</Data>,4688.0,998219104,,,,,,,,,,,0x8020000000000000,0,,,,0x3e7,,Mandatory Label\System Mandatory Level,,,,,'Microsoft-Windows-Security-Auditing',0x37d0,C:\Windows\System32\where.exe,,,,,,0,C:\Windows\System32\cmd.exe,,,,'4',0x3928,,where  /Q repadmin,,998219104,,,,,,,MMM,0x3e7,ppppPWBADDC03$,NT AUTHORITY\SYSTEM,,'2026-05-18T14:11:05.8776428Z',<Provider Name='Microsoft-Windows-Security-Auditing' Guid='{54849625-5478-4994-a5ba-3e3b0328c30d}'/><EventID>4688</EventID><Version>2</Version><Level>0</Level><Task>13312</Task><Opcode>0</Opcode><Keywords>0x8020000000000000</Keywords><TimeCreated SystemTime='2026-05-18T14:11:05.8776428Z'/><EventRecordID>998219104</EventRecordID><Correlation/><Execution ProcessID='4' ThreadID='13580'/><Channel>Security</Channel><Computer>ppppPWBADDC03.mmm.hhh.ggg</Computer><Security/>,-,0x0,,,-,NULL SID,,,-,,-,13312,'13580',%%1936,%%1936,1936.0,,,,,2,,,,,2026-05-18T10:11:05.877-0400,allowed,win:unknown,,,,,ppppPWBADDC03.mmm.hhh.ggg,,ppppPWBADDC03.mmm.hhh.ggg,ppppPWBADDC03,998219104,endpoint_services_processes windows_endpoint_processes windows_event_signature windows_process_new wineventlog_security wineventlog_windows winsec,,,ppppPWBADDC03,998219104,occs-sss-windows,1,A new process has been created,C:\Windows\System32\where.exe,0x37d0,where.exe,,,,,,,C:\Windows\System32\cmd.exe,0x3928,cmd.exe,C:\Windows\System32\cmd.exe,C:\Windows\System32\where.exe /Q repadmin,/Q repadmin,where,where.exe,0x37d0,where.exe,C:\Windows\System32\where.exe,Windows,<_='://../////'><><_='---'_='{----}'/><></><></><>,,,,,,,,0x3e7,,,A new process has been created,4688,XmlWinEventLog:Security,XmlWinEventLog,bbbbbsplunkes03,,,MMM,,ppppPWBADDC03$,,success,A new process has been created,failure,,,"execute
os
process
report
security
start
track_event_signatures
windows",,,,"execute
os
process
report
security
start
track_event_signatures
windows",,,ppppPWBADDC03$,-,,,,,Microsoft,,Microsoft Windows
,,,,,MMM,,,ppppPWBADDC03$,,,Security,,,,,,where  /Q repadmin,ppppPWBADDC03.mmm.hhh.ggg,,,,-,4688,<Data Name='SubjectUserSid'>NT AUTHORITY\SYSTEM</Data><Data Name='SubjectUserName'>ppppPWBADDC03$</Data><Data Name='SubjectDomainName'>MMM</Data><Data Name='SubjectLogonId'>0x3e7</Data><Data Name='NewProcessId'>0x34ac</Data><Data Name='NewProcessName'>C:\Windows\System32\where.exe</Data><Data Name='TokenElevationType'>%%1936</Data><Data Name='ProcessId'>0x4570</Data><Data Name='CommandLine'>where  /Q repadmin </Data><Data Name='TargetUserSid'>NULL SID</Data><Data Name='TargetUserName'>-</Data><Data Name='TargetDomainName'>-</Data><Data Name='TargetLogonId'>0x0</Data><Data Name='ParentProcessName'>C:\Windows\System32\cmd.exe</Data><Data Name='MandatoryLabel'>Mandatory Label\System Mandatory Level</Data>,4688.0,998212314,,,,,,,,,,,0x8020000000000000,0,,,,0x3e7,,Mandatory Label\System Mandatory Level,,,,,'Microsoft-Windows-Security-Auditing',0x34ac,C:\Windows\System32\where.exe,,,,,,0,C:\Windows\System32\cmd.exe,,,,'4',0x4570,,where  /Q repadmin,,998212314,,,,,,,MMM,0x3e7,ppppPWBADDC03$,NT AUTHORITY\SYSTEM,,'2026-05-18T14:06:02.7499429Z',<Provider Name='Microsoft-Windows-Security-Auditing' Guid='{54849625-5478-4994-a5ba-3e3b0328c30d}'/><EventID>4688</EventID><Version>2</Version><Level>0</Level><Task>13312</Task><Opcode>0</Opcode><Keywords>0x8020000000000000</Keywords><TimeCreated SystemTime='2026-05-18T14:06:02.7499429Z'/><EventRecordID>998212314</EventRecordID><Correlation/><Execution ProcessID='4' ThreadID='5532'/><Channel>Security</Channel><Computer>ppppPWBADDC03.mmm.hhh.ggg</Computer><Security/>,-,0x0,,,-,NULL SID,,,-,,-,13312,'5532',%%1936,%%1936,1936.0,,,,,2,,,,,2026-05-18T10:06:02.749-0400,allowed,win:unknown,,,,,ppppPWBADDC03.mmm.hhh.ggg,,ppppPWBADDC03.mmm.hhh.ggg,ppppPWBADDC03,998212314,endpoint_services_processes windows_endpoint_processes windows_event_signature windows_process_new wineventlog_security wineventlog_windows winsec,,,ppppPWBADDC03,998212314,occs-sss-windows,1,A new process has been created,C:\Windows\System32\where.exe,0x34ac,where.exe,,,,,,,C:\Windows\System32\cmd.exe,0x4570,cmd.exe,C:\Windows\System32\cmd.exe,C:\Windows\System32\where.exe /Q repadmin,/Q repadmin,where,where.exe,0x34ac,where.exe,C:\Windows\System32\where.exe,Windows,<_='://../////'><><_='---'_='{----}'/><></><></><>,,,,,,,,0x3e7,,,A new process has been created,4688,XmlWinEventLog:Security,XmlWinEventLog,bbbbbsplunkes01,,,MMM,,ppppPWBADDC03$,,success,A new process has been created,failure,,,"execute
os
process
report
security
start
track_event_signatures
windows",,,,"execute
os
process
report
security
start
track_event_signatures
windows",,,ppppPWBADDC03$,-,,,,,Microsoft,,Microsoft Windows
,,,,,MMM,,,ppppPWBADDC03$,,,Security,,,,,,where  /Q repadmin,ppppPWBADDC03.mmm.hhh.ggg,,,,-,4688,<Data Name='SubjectUserSid'>NT AUTHORITY\SYSTEM</Data><Data Name='SubjectUserName'>ppppPWBADDC03$</Data><Data Name='SubjectDomainName'>MMM</Data><Data Name='SubjectLogonId'>0x3e7</Data><Data Name='NewProcessId'>0x3438</Data><Data Name='NewProcessName'>C:\Windows\System32\where.exe</Data><Data Name='TokenElevationType'>%%1936</Data><Data Name='ProcessId'>0x3f78</Data><Data Name='CommandLine'>where  /Q repadmin </Data><Data Name='TargetUserSid'>NULL SID</Data><Data Name='TargetUserName'>-</Data><Data Name='TargetDomainName'>-</Data><Data Name='TargetLogonId'>0x0</Data><Data Name='ParentProcessName'>C:\Windows\System32\cmd.exe</Data><Data Name='MandatoryLabel'>Mandatory Label\System Mandatory Level</Data>,4688.0,998204569,,,,,,,,,,,0x8020000000000000,0,,,,0x3e7,,Mandatory Label\System Mandatory Level,,,,,'Microsoft-Windows-Security-Auditing',0x3438,C:\Windows\System32\where.exe,,,,,,0,C:\Windows\System32\cmd.exe,,,,'4',0x3f78,,where  /Q repadmin,,998204569,,,,,,,MMM,0x3e7,ppppPWBADDC03$,NT AUTHORITY\SYSTEM,,'2026-05-18T14:01:00.3794201Z',<Provider Name='Microsoft-Windows-Security-Auditing' Guid='{54849625-5478-4994-a5ba-3e3b0328c30d}'/><EventID>4688</EventID><Version>2</Version><Level>0</Level><Task>13312</Task><Opcode>0</Opcode><Keywords>0x8020000000000000</Keywords><TimeCreated SystemTime='2026-05-18T14:01:00.3794201Z'/><EventRecordID>998204569</EventRecordID><Correlation/><Execution ProcessID='4' ThreadID='10940'/><Channel>Security</Channel><Computer>ppppPWBADDC03.mmm.hhh.ggg</Computer><Security/>,-,0x0,,,-,NULL SID,,,-,,-,13312,'10940',%%1936,%%1936,1936.0,,,,,2,,,,,2026-05-18T10:01:00.379-0400,allowed,win:unknown,,,,,ppppPWBADDC03.mmm.hhh.ggg,,ppppPWBADDC03.mmm.hhh.ggg,ppppPWBADDC03,998204569,endpoint_services_processes windows_endpoint_processes windows_event_signature windows_process_new wineventlog_security wineventlog_windows winsec,,,ppppPWBADDC03,998204569,occs-sss-windows,1,A new process has been created,C:\Windows\System32\where.exe,0x3438,where.exe,,,,,,,C:\Windows\System32\cmd.exe,0x3f78,cmd.exe,C:\Windows\System32\cmd.exe,C:\Windows\System32\where.exe /Q repadmin,/Q repadmin,where,where.exe,0x3438,where.exe,C:\Windows\System32\where.exe,Windows,<_='://../////'><><_='---'_='{----}'/><></><></><>,,,,,,,,0x3e7,,,A new process has been created,4688,XmlWinEventLog:Security,XmlWinEventLog,bbbbbsplunkes03,,,MMM,,ppppPWBADDC03$,,success,A new process has been created,failure,,,"execute
os
process
report
security
start
track_event_signatures
windows",,,,"execute
os
process
report
security
start
track_event_signatures
windows",,,ppppPWBADDC03$,-,,,,,Microsoft,,Microsoft Windows
,,,,,MMM,,,ppppPWBADDC03$,,,Security,,,,,,where  /Q repadmin,ppppPWBADDC03.mmm.hhh.ggg,,,,-,4688,<Data Name='SubjectUserSid'>NT AUTHORITY\SYSTEM</Data><Data Name='SubjectUserName'>ppppPWBADDC03$</Data><Data Name='SubjectDomainName'>MMM</Data><Data Name='SubjectLogonId'>0x3e7</Data><Data Name='NewProcessId'>0x2aa4</Data><Data Name='NewProcessName'>C:\Windows\System32\where.exe</Data><Data Name='TokenElevationType'>%%1936</Data><Data Name='ProcessId'>0xff0</Data><Data Name='CommandLine'>where  /Q repadmin </Data><Data Name='TargetUserSid'>NULL SID</Data><Data Name='TargetUserName'>-</Data><Data Name='TargetDomainName'>-</Data><Data Name='TargetLogonId'>0x0</Data><Data Name='ParentProcessName'>C:\Windows\System32\cmd.exe</Data><Data Name='MandatoryLabel'>Mandatory Label\System Mandatory Level</Data>,4688.0,998196367,,,,,,,,,,,0x8020000000000000,0,,,,0x3e7,,Mandatory Label\System Mandatory Level,,,,,'Microsoft-Windows-Security-Auditing',0x2aa4,C:\Windows\System32\where.exe,,,,,,0,C:\Windows\System32\cmd.exe,,,,'4',0xff0,,where  /Q repadmin,,998196367,,,,,,,MMM,0x3e7,ppppPWBADDC03$,NT AUTHORITY\SYSTEM,,'2026-05-18T13:55:57.9767050Z',<Provider Name='Microsoft-Windows-Security-Auditing' Guid='{54849625-5478-4994-a5ba-3e3b0328c30d}'/><EventID>4688</EventID><Version>2</Version><Level>0</Level><Task>13312</Task><Opcode>0</Opcode><Keywords>0x8020000000000000</Keywords><TimeCreated SystemTime='2026-05-18T13:55:57.9767050Z'/><EventRecordID>998196367</EventRecordID><Correlation/><Execution ProcessID='4' ThreadID='14436'/><Channel>Security</Channel><Computer>ppppPWBADDC03.mmm.hhh.ggg</Computer><Security/>,-,0x0,,,-,NULL SID,,,-,,-,13312,'14436',%%1936,%%1936,1936.0,,,,,2,,,,,2026-05-18T09:55:57.976-0400,allowed,win:unknown,,,,,ppppPWBADDC03.mmm.hhh.ggg,,ppppPWBADDC03.mmm.hhh.ggg,ppppPWBADDC03,998196367,endpoint_services_processes windows_endpoint_processes windows_event_signature windows_process_new wineventlog_security wineventlog_windows winsec,,,ppppPWBADDC03,998196367,occs-sss-windows,1,A new process has been created,C:\Windows\System32\where.exe,0x2aa4,where.exe,,,,,,,C:\Windows\System32\cmd.exe,0xff0,cmd.exe,C:\Windows\System32\cmd.exe,C:\Windows\System32\where.exe /Q repadmin,/Q repadmin,where,where.exe,0x2aa4,where.exe,C:\Windows\System32\where.exe,Windows,<_='://../////'><><_='---'_='{----}'/><></><></><>,,,,,,,,0x3e7,,,A new process has been created,4688,XmlWinEventLog:Security,XmlWinEventLog,bbbbbsplunkes02,,,MMM,,ppppPWBADDC03$,,success,A new process has been created,failure,,,"execute
os
process
report
security
start
track_event_signatures
windows",,,,"execute
os
process
report
security
start
track_event_signatures
windows",,,ppppPWBADDC03$,-,,,,,Microsoft,,Microsoft Windows
,,,,,MMM,,,ppppPWBADDC03$,,,Security,,,,,,where  /Q repadmin,ppppPWBADDC03.mmm.hhh.ggg,,,,-,4688,<Data Name='SubjectUserSid'>NT AUTHORITY\SYSTEM</Data><Data Name='SubjectUserName'>ppppPWBADDC03$</Data><Data Name='SubjectDomainName'>MMM</Data><Data Name='SubjectLogonId'>0x3e7</Data><Data Name='NewProcessId'>0x2794</Data><Data Name='NewProcessName'>C:\Windows\System32\where.exe</Data><Data Name='TokenElevationType'>%%1936</Data><Data Name='ProcessId'>0x3808</Data><Data Name='CommandLine'>where  /Q repadmin </Data><Data Name='TargetUserSid'>NULL SID</Data><Data Name='TargetUserName'>-</Data><Data Name='TargetDomainName'>-</Data><Data Name='TargetLogonId'>0x0</Data><Data Name='ParentProcessName'>C:\Windows\System32\cmd.exe</Data><Data Name='MandatoryLabel'>Mandatory Label\System Mandatory Level</Data>,4688.0,998189422,,,,,,,,,,,0x8020000000000000,0,,,,0x3e7,,Mandatory Label\System Mandatory Level,,,,,'Microsoft-Windows-Security-Auditing',0x2794,C:\Windows\System32\where.exe,,,,,,0,C:\Windows\System32\cmd.exe,,,,'4',0x3808,,where  /Q repadmin,,998189422,,,,,,,MMM,0x3e7,ppppPWBADDC03$,NT AUTHORITY\SYSTEM,,'2026-05-18T13:50:55.6351370Z',<Provider Name='Microsoft-Windows-Security-Auditing' Guid='{54849625-5478-4994-a5ba-3e3b0328c30d}'/><EventID>4688</EventID><Version>2</Version><Level>0</Level><Task>13312</Task><Opcode>0</Opcode><Keywords>0x8020000000000000</Keywords><TimeCreated SystemTime='2026-05-18T13:50:55.6351370Z'/><EventRecordID>998189422</EventRecordID><Correlation/><Execution ProcessID='4' ThreadID='15216'/><Channel>Security</Channel><Computer>ppppPWBADDC03.mmm.hhh.ggg</Computer><Security/>,-,0x0,,,-,NULL SID,,,-,,-,13312,'15216',%%1936,%%1936,1936.0,,,,,2,,,,,2026-05-18T09:50:55.635-0400,allowed,win:unknown,,,,,ppppPWBADDC03.mmm.hhh.ggg,,ppppPWBADDC03.mmm.hhh.ggg,ppppPWBADDC03,998189422,endpoint_services_processes windows_endpoint_processes windows_event_signature windows_process_new wineventlog_security wineventlog_windows winsec,,,ppppPWBADDC03,998189422,occs-sss-windows,1,A new process has been created,C:\Windows\System32\where.exe,0x2794,where.exe,,,,,,,C:\Windows\System32\cmd.exe,0x3808,cmd.exe,C:\Windows\System32\cmd.exe,C:\Windows\System32\where.exe /Q repadmin,/Q repadmin,where,where.exe,0x2794,where.exe,C:\Windows\System32\where.exe,Windows,<_='://../////'><><_='---'_='{----}'/><></><></><>,,,,,,,,0x3e7,,,A new process has been created,4688,XmlWinEventLog:Security,XmlWinEventLog,bbbbbsplunkes01,,,MMM,,ppppPWBADDC03$,,success,A new process has been created,failure,,,"execute
os
process
report
security
start
track_event_signatures
windows",,,,"execute
os
process
report
security
start
track_event_signatures
windows",,,ppppPWBADDC03$,-,,,,,Microsoft,,Microsoft Windows
,,,,,MMM,,,ppppPWBADDC03$,,,Security,,,,,,where  /Q repadmin,ppppPWBADDC03.mmm.hhh.ggg,,,,-,4688,<Data Name='SubjectUserSid'>NT AUTHORITY\SYSTEM</Data><Data Name='SubjectUserName'>ppppPWBADDC03$</Data><Data Name='SubjectDomainName'>MMM</Data><Data Name='SubjectLogonId'>0x3e7</Data><Data Name='NewProcessId'>0x4624</Data><Data Name='NewProcessName'>C:\Windows\System32\where.exe</Data><Data Name='TokenElevationType'>%%1936</Data><Data Name='ProcessId'>0x1fe0</Data><Data Name='CommandLine'>where  /Q repadmin </Data><Data Name='TargetUserSid'>NULL SID</Data><Data Name='TargetUserName'>-</Data><Data Name='TargetDomainName'>-</Data><Data Name='TargetLogonId'>0x0</Data><Data Name='ParentProcessName'>C:\Windows\System32\cmd.exe</Data><Data Name='MandatoryLabel'>Mandatory Label\System Mandatory Level</Data>,4688.0,998181566,,,,,,,,,,,0x8020000000000000,0,,,,0x3e7,,Mandatory Label\System Mandatory Level,,,,,'Microsoft-Windows-Security-Auditing',0x4624,C:\Windows\System32\where.exe,,,,,,0,C:\Windows\System32\cmd.exe,,,,'4',0x1fe0,,where  /Q repadmin,,998181566,,,,,,,MMM,0x3e7,ppppPWBADDC03$,NT AUTHORITY\SYSTEM,,'2026-05-18T13:45:52.5926934Z',<Provider Name='Microsoft-Windows-Security-Auditing' Guid='{54849625-5478-4994-a5ba-3e3b0328c30d}'/><EventID>4688</EventID><Version>2</Version><Level>0</Level><Task>13312</Task><Opcode>0</Opcode><Keywords>0x8020000000000000</Keywords><TimeCreated SystemTime='2026-05-18T13:45:52.5926934Z'/><EventRecordID>998181566</EventRecordID><Correlation/><Execution ProcessID='4' ThreadID='8124'/><Channel>Security</Channel><Computer>ppppPWBADDC03.mmm.hhh.ggg</Computer><Security/>,-,0x0,,,-,NULL SID,,,-,,-,13312,'8124',%%1936,%%1936,1936.0,,,,,2,,,,,2026-05-18T09:45:52.592-0400,allowed,win:unknown,,,,,ppppPWBADDC03.mmm.hhh.ggg,,ppppPWBADDC03.mmm.hhh.ggg,ppppPWBADDC03,998181566,endpoint_services_processes windows_endpoint_processes windows_event_signature windows_process_new wineventlog_security wineventlog_windows winsec,,,ppppPWBADDC03,998181566,occs-sss-windows,1,A new process has been created,C:\Windows\System32\where.exe,0x4624,where.exe,,,,,,,C:\Windows\System32\cmd.exe,0x1fe0,cmd.exe,C:\Windows\System32\cmd.exe,C:\Windows\System32\where.exe /Q repadmin,/Q repadmin,where,where.exe,0x4624,where.exe,C:\Windows\System32\where.exe,Windows,<_='://../////'><><_='---'_='{----}'/><></><></><>,,,,,,,,0x3e7,,,A new process has been created,4688,XmlWinEventLog:Security,XmlWinEventLog,bbbbbsplunkes02,,,MMM,,ppppPWBADDC03$,,success,A new process has been created,failure,,,"execute
os
process
report
security
start
track_event_signatures
windows",,,,"execute
os
process
report
security
start
track_event_signatures
windows",,,ppppPWBADDC03$,-,,,,,Microsoft,,Microsoft Windows
,,,,,MMM,,,ppppPWBADDC03$,,,Security,,,,,,where  /Q repadmin,ppppPWBADDC03.mmm.hhh.ggg,,,,-,4688,<Data Name='SubjectUserSid'>NT AUTHORITY\SYSTEM</Data><Data Name='SubjectUserName'>ppppPWBADDC03$</Data><Data Name='SubjectDomainName'>MMM</Data><Data Name='SubjectLogonId'>0x3e7</Data><Data Name='NewProcessId'>0x4578</Data><Data Name='NewProcessName'>C:\Windows\System32\where.exe</Data><Data Name='TokenElevationType'>%%1936</Data><Data Name='ProcessId'>0x3c90</Data><Data Name='CommandLine'>where  /Q repadmin </Data><Data Name='TargetUserSid'>NULL SID</Data><Data Name='TargetUserName'>-</Data><Data Name='TargetDomainName'>-</Data><Data Name='TargetLogonId'>0x0</Data><Data Name='ParentProcessName'>C:\Windows\System32\cmd.exe</Data><Data Name='MandatoryLabel'>Mandatory Label\System Mandatory Level</Data>,4688.0,998175019,,,,,,,,,,,0x8020000000000000,0,,,,0x3e7,,Mandatory Label\System Mandatory Level,,,,,'Microsoft-Windows-Security-Auditing',0x4578,C:\Windows\System32\where.exe,,,,,,0,C:\Windows\System32\cmd.exe,,,,'4',0x3c90,,where  /Q repadmin,,998175019,,,,,,,MMM,0x3e7,ppppPWBADDC03$,NT AUTHORITY\SYSTEM,,'2026-05-18T13:40:50.2425340Z',<Provider Name='Microsoft-Windows-Security-Auditing' Guid='{54849625-5478-4994-a5ba-3e3b0328c30d}'/><EventID>4688</EventID><Version>2</Version><Level>0</Level><Task>13312</Task><Opcode>0</Opcode><Keywords>0x8020000000000000</Keywords><TimeCreated SystemTime='2026-05-18T13:40:50.2425340Z'/><EventRecordID>998175019</EventRecordID><Correlation/><Execution ProcessID='4' ThreadID='10940'/><Channel>Security</Channel><Computer>ppppPWBADDC03.mmm.hhh.ggg</Computer><Security/>,-,0x0,,,-,NULL SID,,,-,,-,13312,'10940',%%1936,%%1936,1936.0,,,,,2,,,,,2026-05-18T09:40:50.242-0400,allowed,win:unknown,,,,,ppppPWBADDC03.mmm.hhh.ggg,,ppppPWBADDC03.mmm.hhh.ggg,ppppPWBADDC03,998175019,endpoint_services_processes windows_endpoint_processes windows_event_signature windows_process_new wineventlog_security wineventlog_windows winsec,,,ppppPWBADDC03,998175019,occs-sss-windows,1,A new process has been created,C:\Windows\System32\where.exe,0x4578,where.exe,,,,,,,C:\Windows\System32\cmd.exe,0x3c90,cmd.exe,C:\Windows\System32\cmd.exe,C:\Windows\System32\where.exe /Q repadmin,/Q repadmin,where,where.exe,0x4578,where.exe,C:\Windows\System32\where.exe,Windows,<_='://../////'><><_='---'_='{----}'/><></><></><>,,,,,,,,0x3e7,,,A new process has been created,4688,XmlWinEventLog:Security,XmlWinEventLog,bbbbbsplunkes02,,,MMM,,ppppPWBADDC03$,,success,A new process has been created,failure,,,"execute
os
process
report
security
start
track_event_signatures
windows",,,,"execute
os
process
report
security
start
track_event_signatures
windows",,,ppppPWBADDC03$,-,,,,,Microsoft,,Microsoft Windows
,,,,,MMM,,,ppppPWBADDC03$,,,Security,,,,,,where  /Q repadmin,ppppPWBADDC03.mmm.hhh.ggg,,,,-,4688,<Data Name='SubjectUserSid'>NT AUTHORITY\SYSTEM</Data><Data Name='SubjectUserName'>ppppPWBADDC03$</Data><Data Name='SubjectDomainName'>MMM</Data><Data Name='SubjectLogonId'>0x3e7</Data><Data Name='NewProcessId'>0x3c3c</Data><Data Name='NewProcessName'>C:\Windows\System32\where.exe</Data><Data Name='TokenElevationType'>%%1936</Data><Data Name='ProcessId'>0x43e8</Data><Data Name='CommandLine'>where  /Q repadmin </Data><Data Name='TargetUserSid'>NULL SID</Data><Data Name='TargetUserName'>-</Data><Data Name='TargetDomainName'>-</Data><Data Name='TargetLogonId'>0x0</Data><Data Name='ParentProcessName'>C:\Windows\System32\cmd.exe</Data><Data Name='MandatoryLabel'>Mandatory Label\System Mandatory Level</Data>,4688.0,998168460,,,,,,,,,,,0x8020000000000000,0,,,,0x3e7,,Mandatory Label\System Mandatory Level,,,,,'Microsoft-Windows-Security-Auditing',0x3c3c,C:\Windows\System32\where.exe,,,,,,0,C:\Windows\System32\cmd.exe,,,,'4',0x43e8,,where  /Q repadmin,,998168460,,,,,,,MMM,0x3e7,ppppPWBADDC03$,NT AUTHORITY\SYSTEM,,'2026-05-18T13:35:47.9142227Z',<Provider Name='Microsoft-Windows-Security-Auditing' Guid='{54849625-5478-4994-a5ba-3e3b0328c30d}'/><EventID>4688</EventID><Version>2</Version><Level>0</Level><Task>13312</Task><Opcode>0</Opcode><Keywords>0x8020000000000000</Keywords><TimeCreated SystemTime='2026-05-18T13:35:47.9142227Z'/><EventRecordID>998168460</EventRecordID><Correlation/><Execution ProcessID='4' ThreadID='16328'/><Channel>Security</Channel><Computer>ppppPWBADDC03.mmm.hhh.ggg</Computer><Security/>,-,0x0,,,-,NULL SID,,,-,,-,13312,'16328',%%1936,%%1936,1936.0,,,,,2,,,,,2026-05-18T09:35:47.914-0400,allowed,win:unknown,,,,,ppppPWBADDC03.mmm.hhh.ggg,,ppppPWBADDC03.mmm.hhh.ggg,ppppPWBADDC03,998168460,endpoint_services_processes windows_endpoint_processes windows_event_signature windows_process_new wineventlog_security wineventlog_windows winsec,,,ppppPWBADDC03,998168460,occs-sss-windows,1,A new process has been created,C:\Windows\System32\where.exe,0x3c3c,where.exe,,,,,,,C:\Windows\System32\cmd.exe,0x43e8,cmd.exe,C:\Windows\System32\cmd.exe,C:\Windows\System32\where.exe /Q repadmin,/Q repadmin,where,where.exe,0x3c3c,where.exe,C:\Windows\System32\where.exe,Windows,<_='://../////'><><_='---'_='{----}'/><></><></><>,,,,,,,,0x3e7,,,A new process has been created,4688,XmlWinEventLog:Security,XmlWinEventLog,bbbbbsplunkes03,,,MMM,,ppppPWBADDC03$,,success,A new process has been created,failure,,,"execute
os
process
report
security
start
track_event_signatures
windows",,,,"execute
os
process
report
security
start
track_event_signatures
windows",,,ppppPWBADDC03$,-,,,,,Microsoft,,Microsoft Windows
,,,,,MMM,,,ppppPWBADDC03$,,,Security,,,,,,where  /Q repadmin,ppppPWBADDC03.mmm.hhh.ggg,,,,-,4688,<Data Name='SubjectUserSid'>NT AUTHORITY\SYSTEM</Data><Data Name='SubjectUserName'>ppppPWBADDC03$</Data><Data Name='SubjectDomainName'>MMM</Data><Data Name='SubjectLogonId'>0x3e7</Data><Data Name='NewProcessId'>0x15a0</Data><Data Name='NewProcessName'>C:\Windows\System32\where.exe</Data><Data Name='TokenElevationType'>%%1936</Data><Data Name='ProcessId'>0x2c54</Data><Data Name='CommandLine'>where  /Q repadmin </Data><Data Name='TargetUserSid'>NULL SID</Data><Data Name='TargetUserName'>-</Data><Data Name='TargetDomainName'>-</Data><Data Name='TargetLogonId'>0x0</Data><Data Name='ParentProcessName'>C:\Windows\System32\cmd.exe</Data><Data Name='MandatoryLabel'>Mandatory Label\System Mandatory Level</Data>,4688.0,998159869,,,,,,,,,,,0x8020000000000000,0,,,,0x3e7,,Mandatory Label\System Mandatory Level,,,,,'Microsoft-Windows-Security-Auditing',0x15a0,C:\Windows\System32\where.exe,,,,,,0,C:\Windows\System32\cmd.exe,,,,'4',0x2c54,,where  /Q repadmin,,998159869,,,,,,,MMM,0x3e7,ppppPWBADDC03$,NT AUTHORITY\SYSTEM,,'2026-05-18T13:30:45.5465829Z',<Provider Name='Microsoft-Windows-Security-Auditing' Guid='{54849625-5478-4994-a5ba-3e3b0328c30d}'/><EventID>4688</EventID><Version>2</Version><Level>0</Level><Task>13312</Task><Opcode>0</Opcode><Keywords>0x8020000000000000</Keywords><TimeCreated SystemTime='2026-05-18T13:30:45.5465829Z'/><EventRecordID>998159869</EventRecordID><Correlation/><Execution ProcessID='4' ThreadID='18272'/><Channel>Security</Channel><Computer>ppppPWBADDC03.mmm.hhh.ggg</Computer><Security/>,-,0x0,,,-,NULL SID,,,-,,-,13312,'18272',%%1936,%%1936,1936.0,,,,,2,,,,,2026-05-18T09:30:45.546-0400,allowed,win:unknown,,,,,ppppPWBADDC03.mmm.hhh.ggg,,ppppPWBADDC03.mmm.hhh.ggg,ppppPWBADDC03,998159869,endpoint_services_processes windows_endpoint_processes windows_event_signature windows_process_new wineventlog_security wineventlog_windows winsec,,,ppppPWBADDC03,998159869,occs-sss-windows,1,A new process has been created,C:\Windows\System32\where.exe,0x15a0,where.exe,,,,,,,C:\Windows\System32\cmd.exe,0x2c54,cmd.exe,C:\Windows\System32\cmd.exe,C:\Windows\System32\where.exe /Q repadmin,/Q repadmin,where,where.exe,0x15a0,where.exe,C:\Windows\System32\where.exe,Windows,<_='://../////'><><_='---'_='{----}'/><></><></><>,,,,,,,,0x3e7,,,A new process has been created,4688,XmlWinEventLog:Security,XmlWinEventLog,bbbbbsplunkes01,,,MMM,,ppppPWBADDC03$,,success,A new process has been created,failure,,,"execute
os
process
report
security
start
track_event_signatures
windows",,,,"execute
os
process
report
security
start
track_event_signatures
windows",,,ppppPWBADDC03$,-,,,,,Microsoft,,Microsoft Windows
,,,,,MMM,,,ppppPWBADDC03$,,,Security,,,,,,where  /Q repadmin,ppppPWBADDC03.mmm.hhh.ggg,,,,-,4688,<Data Name='SubjectUserSid'>NT AUTHORITY\SYSTEM</Data><Data Name='SubjectUserName'>ppppPWBADDC03$</Data><Data Name='SubjectDomainName'>MMM</Data><Data Name='SubjectLogonId'>0x3e7</Data><Data Name='NewProcessId'>0x15c4</Data><Data Name='NewProcessName'>C:\Windows\System32\where.exe</Data><Data Name='TokenElevationType'>%%1936</Data><Data Name='ProcessId'>0x3af0</Data><Data Name='CommandLine'>where  /Q repadmin </Data><Data Name='TargetUserSid'>NULL SID</Data><Data Name='TargetUserName'>-</Data><Data Name='TargetDomainName'>-</Data><Data Name='TargetLogonId'>0x0</Data><Data Name='ParentProcessName'>C:\Windows\System32\cmd.exe</Data><Data Name='MandatoryLabel'>Mandatory Label\System Mandatory Level</Data>,4688.0,998153124,,,,,,,,,,,0x8020000000000000,0,,,,0x3e7,,Mandatory Label\System Mandatory Level,,,,,'Microsoft-Windows-Security-Auditing',0x15c4,C:\Windows\System32\where.exe,,,,,,0,C:\Windows\System32\cmd.exe,,,,'4',0x3af0,,where  /Q repadmin,,998153124,,,,,,,MMM,0x3e7,ppppPWBADDC03$,NT AUTHORITY\SYSTEM,,'2026-05-18T13:25:42.4763786Z',<Provider Name='Microsoft-Windows-Security-Auditing' Guid='{54849625-5478-4994-a5ba-3e3b0328c30d}'/><EventID>4688</EventID><Version>2</Version><Level>0</Level><Task>13312</Task><Opcode>0</Opcode><Keywords>0x8020000000000000</Keywords><TimeCreated SystemTime='2026-05-18T13:25:42.4763786Z'/><EventRecordID>998153124</EventRecordID><Correlation/><Execution ProcessID='4' ThreadID='9424'/><Channel>Security</Channel><Computer>ppppPWBADDC03.mmm.hhh.ggg</Computer><Security/>,-,0x0,,,-,NULL SID,,,-,,-,13312,'9424',%%1936,%%1936,1936.0,,,,,2,,,,,2026-05-18T09:25:42.476-0400,allowed,win:unknown,,,,,ppppPWBADDC03.mmm.hhh.ggg,,ppppPWBADDC03.mmm.hhh.ggg,ppppPWBADDC03,998153124,endpoint_services_processes windows_endpoint_processes windows_event_signature windows_process_new wineventlog_security wineventlog_windows winsec,,,ppppPWBADDC03,998153124,occs-sss-windows,1,A new process has been created,C:\Windows\System32\where.exe,0x15c4,where.exe,,,,,,,C:\Windows\System32\cmd.exe,0x3af0,cmd.exe,C:\Windows\System32\cmd.exe,C:\Windows\System32\where.exe /Q repadmin,/Q repadmin,where,where.exe,0x15c4,where.exe,C:\Windows\System32\where.exe,Windows,<_='://../////'><><_='---'_='{----}'/><></><></><>,,,,,,,,0x3e7,,,A new process has been created,4688,XmlWinEventLog:Security,XmlWinEventLog,bbbbbsplunkes01,,,MMM,,ppppPWBADDC03$,,success,A new process has been created,failure,,,"execute
os
process
report
security
start
track_event_signatures
windows",,,,"execute
os
process
report
security
start
track_event_signatures
windows",,,ppppPWBADDC03$,-,,,,,Microsoft,,Microsoft Windows
,,,,,MMM,,,ppppPWBADDC03$,,,Security,,,,,,where  /Q repadmin,ppppPWBADDC03.mmm.hhh.ggg,,,,-,4688,<Data Name='SubjectUserSid'>NT AUTHORITY\SYSTEM</Data><Data Name='SubjectUserName'>ppppPWBADDC03$</Data><Data Name='SubjectDomainName'>MMM</Data><Data Name='SubjectLogonId'>0x3e7</Data><Data Name='NewProcessId'>0x3c44</Data><Data Name='NewProcessName'>C:\Windows\System32\where.exe</Data><Data Name='TokenElevationType'>%%1936</Data><Data Name='ProcessId'>0x3ea0</Data><Data Name='CommandLine'>where  /Q repadmin </Data><Data Name='TargetUserSid'>NULL SID</Data><Data Name='TargetUserName'>-</Data><Data Name='TargetDomainName'>-</Data><Data Name='TargetLogonId'>0x0</Data><Data Name='ParentProcessName'>C:\Windows\System32\cmd.exe</Data><Data Name='MandatoryLabel'>Mandatory Label\System Mandatory Level</Data>,4688.0,998144044,,,,,,,,,,,0x8020000000000000,0,,,,0x3e7,,Mandatory Label\System Mandatory Level,,,,,'Microsoft-Windows-Security-Auditing',0x3c44,C:\Windows\System32\where.exe,,,,,,0,C:\Windows\System32\cmd.exe,,,,'4',0x3ea0,,where  /Q repadmin,,998144044,,,,,,,MMM,0x3e7,ppppPWBADDC03$,NT AUTHORITY\SYSTEM,,'2026-05-18T13:20:40.0373103Z',<Provider Name='Microsoft-Windows-Security-Auditing' Guid='{54849625-5478-4994-a5ba-3e3b0328c30d}'/><EventID>4688</EventID><Version>2</Version><Level>0</Level><Task>13312</Task><Opcode>0</Opcode><Keywords>0x8020000000000000</Keywords><TimeCreated SystemTime='2026-05-18T13:20:40.0373103Z'/><EventRecordID>998144044</EventRecordID><Correlation/><Execution ProcessID='4' ThreadID='14316'/><Channel>Security</Channel><Computer>ppppPWBADDC03.mmm.hhh.ggg</Computer><Security/>,-,0x0,,,-,NULL SID,,,-,,-,13312,'14316',%%1936,%%1936,1936.0,,,,,2,,,,,2026-05-18T09:20:40.037-0400,allowed,win:unknown,,,,,ppppPWBADDC03.mmm.hhh.ggg,,ppppPWBADDC03.mmm.hhh.ggg,ppppPWBADDC03,998144044,endpoint_services_processes windows_endpoint_processes windows_event_signature windows_process_new wineventlog_security wineventlog_windows winsec,,,ppppPWBADDC03,998144044,occs-sss-windows,1,A new process has been created,C:\Windows\System32\where.exe,0x3c44,where.exe,,,,,,,C:\Windows\System32\cmd.exe,0x3ea0,cmd.exe,C:\Windows\System32\cmd.exe,C:\Windows\System32\where.exe /Q repadmin,/Q repadmin,where,where.exe,0x3c44,where.exe,C:\Windows\System32\where.exe,Windows,<_='://../////'><><_='---'_='{----}'/><></><></><>,,,,,,,,0x3e7,,,A new process has been created,4688,XmlWinEventLog:Security,XmlWinEventLog,bbbbbsplunkes03,,,MMM,,ppppPWBADDC03$,,success,A new process has been created,failure,,,"execute
os
process
report
security
start
track_event_signatures
windows",,,,"execute
os
process
report
security
start
track_event_signatures
windows",,,ppppPWBADDC03$,-,,,,,Microsoft,,Microsoft Windows
,,,,,MMM,,,ppppPWBADDC03$,,,Security,,,,,,where  /Q repadmin,ppppPWBADDC03.mmm.hhh.ggg,,,,-,4688,<Data Name='SubjectUserSid'>NT AUTHORITY\SYSTEM</Data><Data Name='SubjectUserName'>ppppPWBADDC03$</Data><Data Name='SubjectDomainName'>MMM</Data><Data Name='SubjectLogonId'>0x3e7</Data><Data Name='NewProcessId'>0x3bc0</Data><Data Name='NewProcessName'>C:\Windows\System32\where.exe</Data><Data Name='TokenElevationType'>%%1936</Data><Data Name='ProcessId'>0x3628</Data><Data Name='CommandLine'>where  /Q repadmin </Data><Data Name='TargetUserSid'>NULL SID</Data><Data Name='TargetUserName'>-</Data><Data Name='TargetDomainName'>-</Data><Data Name='TargetLogonId'>0x0</Data><Data Name='ParentProcessName'>C:\Windows\System32\cmd.exe</Data><Data Name='MandatoryLabel'>Mandatory Label\System Mandatory Level</Data>,4688.0,998136416,,,,,,,,,,,0x8020000000000000,0,,,,0x3e7,,Mandatory Label\System Mandatory Level,,,,,'Microsoft-Windows-Security-Auditing',0x3bc0,C:\Windows\System32\where.exe,,,,,,0,C:\Windows\System32\cmd.exe,,,,'4',0x3628,,where  /Q repadmin,,998136416,,,,,,,MMM,0x3e7,ppppPWBADDC03$,NT AUTHORITY\SYSTEM,,'2026-05-18T13:15:37.6647776Z',<Provider Name='Microsoft-Windows-Security-Auditing' Guid='{54849625-5478-4994-a5ba-3e3b0328c30d}'/><EventID>4688</EventID><Version>2</Version><Level>0</Level><Task>13312</Task><Opcode>0</Opcode><Keywords>0x8020000000000000</Keywords><TimeCreated SystemTime='2026-05-18T13:15:37.6647776Z'/><EventRecordID>998136416</EventRecordID><Correlation/><Execution ProcessID='4' ThreadID='17236'/><Channel>Security</Channel><Computer>ppppPWBADDC03.mmm.hhh.ggg</Computer><Security/>,-,0x0,,,-,NULL SID,,,-,,-,13312,'17236',%%1936,%%1936,1936.0,,,,,2,,,,,2026-05-18T09:15:37.664-0400,allowed,win:unknown,,,,,ppppPWBADDC03.mmm.hhh.ggg,,ppppPWBADDC03.mmm.hhh.ggg,ppppPWBADDC03,998136416,endpoint_services_processes windows_endpoint_processes windows_event_signature windows_process_new wineventlog_security wineventlog_windows winsec,,,ppppPWBADDC03,998136416,occs-sss-windows,1,A new process has been created,C:\Windows\System32\where.exe,0x3bc0,where.exe,,,,,,,C:\Windows\System32\cmd.exe,0x3628,cmd.exe,C:\Windows\System32\cmd.exe,C:\Windows\System32\where.exe /Q repadmin,/Q repadmin,where,where.exe,0x3bc0,where.exe,C:\Windows\System32\where.exe,Windows,<_='://../////'><><_='---'_='{----}'/><></><></><>,,,,,,,,0x3e7,,,A new process has been created,4688,XmlWinEventLog:Security,XmlWinEventLog,bbbbbsplunkes01,,,MMM,,ppppPWBADDC03$,,success,A new process has been created,failure,,,"execute
os
process
report
security
start
track_event_signatures
windows",,,,"execute
os
process
report
security
start
track_event_signatures
windows",,,ppppPWBADDC03$,-,,,,,Microsoft,,Microsoft Windows
,,,,,MMM,,,ppppPWBADDC03$,,,Security,,,,,,where  /Q repadmin,ppppPWBADDC03.mmm.hhh.ggg,,,,-,4688,<Data Name='SubjectUserSid'>NT AUTHORITY\SYSTEM</Data><Data Name='SubjectUserName'>ppppPWBADDC03$</Data><Data Name='SubjectDomainName'>MMM</Data><Data Name='SubjectLogonId'>0x3e7</Data><Data Name='NewProcessId'>0x2d44</Data><Data Name='NewProcessName'>C:\Windows\System32\where.exe</Data><Data Name='TokenElevationType'>%%1936</Data><Data Name='ProcessId'>0x37a4</Data><Data Name='CommandLine'>where  /Q repadmin </Data><Data Name='TargetUserSid'>NULL SID</Data><Data Name='TargetUserName'>-</Data><Data Name='TargetDomainName'>-</Data><Data Name='TargetLogonId'>0x0</Data><Data Name='ParentProcessName'>C:\Windows\System32\cmd.exe</Data><Data Name='MandatoryLabel'>Mandatory Label\System Mandatory Level</Data>,4688.0,998119429,,,,,,,,,,,0x8020000000000000,0,,,,0x3e7,,Mandatory Label\System Mandatory Level,,,,,'Microsoft-Windows-Security-Auditing',0x2d44,C:\Windows\System32\where.exe,,,,,,0,C:\Windows\System32\cmd.exe,,,,'4',0x37a4,,where  /Q repadmin,,998119429,,,,,,,MMM,0x3e7,ppppPWBADDC03$,NT AUTHORITY\SYSTEM,,'2026-05-18T13:10:35.2922108Z',<Provider Name='Microsoft-Windows-Security-Auditing' Guid='{54849625-5478-4994-a5ba-3e3b0328c30d}'/><EventID>4688</EventID><Version>2</Version><Level>0</Level><Task>13312</Task><Opcode>0</Opcode><Keywords>0x8020000000000000</Keywords><TimeCreated SystemTime='2026-05-18T13:10:35.2922108Z'/><EventRecordID>998119429</EventRecordID><Correlation/><Execution ProcessID='4' ThreadID='15408'/><Channel>Security</Channel><Computer>ppppPWBADDC03.mmm.hhh.ggg</Computer><Security/>,-,0x0,,,-,NULL SID,,,-,,-,13312,'15408',%%1936,%%1936,1936.0,,,,,2,,,,,2026-05-18T09:10:35.292-0400,allowed,win:unknown,,,,,ppppPWBADDC03.mmm.hhh.ggg,,ppppPWBADDC03.mmm.hhh.ggg,ppppPWBADDC03,998119429,endpoint_services_processes windows_endpoint_processes windows_event_signature windows_process_new wineventlog_security wineventlog_windows winsec,,,ppppPWBADDC03,998119429,occs-sss-windows,1,A new process has been created,C:\Windows\System32\where.exe,0x2d44,where.exe,,,,,,,C:\Windows\System32\cmd.exe,0x37a4,cmd.exe,C:\Windows\System32\cmd.exe,C:\Windows\System32\where.exe /Q repadmin,/Q repadmin,where,where.exe,0x2d44,where.exe,C:\Windows\System32\where.exe,Windows,<_='://../////'><><_='---'_='{----}'/><></><></><>,,,,,,,,0x3e7,,,A new process has been created,4688,XmlWinEventLog:Security,XmlWinEventLog,bbbbbsplunkes02,,,MMM,,ppppPWBADDC03$,,success,A new process has been created,failure,,,"execute
os
process
report
security
start
track_event_signatures
windows",,,,"execute
os
process
report
security
start
track_event_signatures
windows",,,ppppPWBADDC03$,-,,,,,Microsoft,,Microsoft Windows
,,,,,MMM,,,ppppPWBADDC03$,,,Security,,,,,,where  /Q repadmin,ppppPWBADDC03.mmm.hhh.ggg,,,,-,4688,<Data Name='SubjectUserSid'>NT AUTHORITY\SYSTEM</Data><Data Name='SubjectUserName'>ppppPWBADDC03$</Data><Data Name='SubjectDomainName'>MMM</Data><Data Name='SubjectLogonId'>0x3e7</Data><Data Name='NewProcessId'>0x234c</Data><Data Name='NewProcessName'>C:\Windows\System32\where.exe</Data><Data Name='TokenElevationType'>%%1936</Data><Data Name='ProcessId'>0x4060</Data><Data Name='CommandLine'>where  /Q repadmin </Data><Data Name='TargetUserSid'>NULL SID</Data><Data Name='TargetUserName'>-</Data><Data Name='TargetDomainName'>-</Data><Data Name='TargetLogonId'>0x0</Data><Data Name='ParentProcessName'>C:\Windows\System32\cmd.exe</Data><Data Name='MandatoryLabel'>Mandatory Label\System Mandatory Level</Data>,4688.0,998090163,,,,,,,,,,,0x8020000000000000,0,,,,0x3e7,,Mandatory Label\System Mandatory Level,,,,,'Microsoft-Windows-Security-Auditing',0x234c,C:\Windows\System32\where.exe,,,,,,0,C:\Windows\System32\cmd.exe,,,,'4',0x4060,,where  /Q repadmin,,998090163,,,,,,,MMM,0x3e7,ppppPWBADDC03$,NT AUTHORITY\SYSTEM,,'2026-05-18T13:05:32.1244054Z',<Provider Name='Microsoft-Windows-Security-Auditing' Guid='{54849625-5478-4994-a5ba-3e3b0328c30d}'/><EventID>4688</EventID><Version>2</Version><Level>0</Level><Task>13312</Task><Opcode>0</Opcode><Keywords>0x8020000000000000</Keywords><TimeCreated SystemTime='2026-05-18T13:05:32.1244054Z'/><EventRecordID>998090163</EventRecordID><Correlation/><Execution ProcessID='4' ThreadID='2948'/><Channel>Security</Channel><Computer>ppppPWBADDC03.mmm.hhh.ggg</Computer><Security/>,-,0x0,,,-,NULL SID,,,-,,-,13312,'2948',%%1936,%%1936,1936.0,,,,,2,,,,,2026-05-18T09:05:32.124-0400,allowed,win:unknown,,,,,ppppPWBADDC03.mmm.hhh.ggg,,ppppPWBADDC03.mmm.hhh.ggg,ppppPWBADDC03,998090163,endpoint_services_processes windows_endpoint_processes windows_event_signature windows_process_new wineventlog_security wineventlog_windows winsec,,,ppppPWBADDC03,998090163,occs-sss-windows,1,A new process has been created,C:\Windows\System32\where.exe,0x234c,where.exe,,,,,,,C:\Windows\System32\cmd.exe,0x4060,cmd.exe,C:\Windows\System32\cmd.exe,C:\Windows\System32\where.exe /Q repadmin,/Q repadmin,where,where.exe,0x234c,where.exe,C:\Windows\System32\where.exe,Windows,<_='://../////'><><_='---'_='{----}'/><></><></><>,,,,,,,,0x3e7,,,A new process has been created,4688,XmlWinEventLog:Security,XmlWinEventLog,bbbbbsplunkes03,,,MMM,,ppppPWBADDC03$,,success,A new process has been created,failure,,,"execute
os
process
report
security
start
track_event_signatures
windows",,,,"execute
os
process
report
security
start
track_event_signatures
windows",,,ppppPWBADDC03$,-,,,,,Microsoft,,Microsoft Windows
,,,,,MMM,,,ppppPWBADDC03$,,,Security,,,,,,where  /Q repadmin,ppppPWBADDC03.mmm.hhh.ggg,,,,-,4688,<Data Name='SubjectUserSid'>NT AUTHORITY\SYSTEM</Data><Data Name='SubjectUserName'>ppppPWBADDC03$</Data><Data Name='SubjectDomainName'>MMM</Data><Data Name='SubjectLogonId'>0x3e7</Data><Data Name='NewProcessId'>0x424</Data><Data Name='NewProcessName'>C:\Windows\System32\where.exe</Data><Data Name='TokenElevationType'>%%1936</Data><Data Name='ProcessId'>0x2af8</Data><Data Name='CommandLine'>where  /Q repadmin </Data><Data Name='TargetUserSid'>NULL SID</Data><Data Name='TargetUserName'>-</Data><Data Name='TargetDomainName'>-</Data><Data Name='TargetLogonId'>0x0</Data><Data Name='ParentProcessName'>C:\Windows\System32\cmd.exe</Data><Data Name='MandatoryLabel'>Mandatory Label\System Mandatory Level</Data>,4688.0,998061557,,,,,,,,,,,0x8020000000000000,0,,,,0x3e7,,Mandatory Label\System Mandatory Level,,,,,'Microsoft-Windows-Security-Auditing',0x424,C:\Windows\System32\where.exe,,,,,,0,C:\Windows\System32\cmd.exe,,,,'4',0x2af8,,where  /Q repadmin,,998061557,,,,,,,MMM,0x3e7,ppppPWBADDC03$,NT AUTHORITY\SYSTEM,,'2026-05-18T13:00:29.7669983Z',<Provider Name='Microsoft-Windows-Security-Auditing' Guid='{54849625-5478-4994-a5ba-3e3b0328c30d}'/><EventID>4688</EventID><Version>2</Version><Level>0</Level><Task>13312</Task><Opcode>0</Opcode><Keywords>0x8020000000000000</Keywords><TimeCreated SystemTime='2026-05-18T13:00:29.7669983Z'/><EventRecordID>998061557</EventRecordID><Correlation/><Execution ProcessID='4' ThreadID='4088'/><Channel>Security</Channel><Computer>ppppPWBADDC03.mmm.hhh.ggg</Computer><Security/>,-,0x0,,,-,NULL SID,,,-,,-,13312,'4088',%%1936,%%1936,1936.0,,,,,2,,,,,2026-05-18T09:00:29.766-0400,allowed,win:unknown,,,,,ppppPWBADDC03.mmm.hhh.ggg,,ppppPWBADDC03.mmm.hhh.ggg,ppppPWBADDC03,998061557,endpoint_services_processes windows_endpoint_processes windows_event_signature windows_process_new wineventlog_security wineventlog_windows winsec,,,ppppPWBADDC03,998061557,occs-sss-windows,1,A new process has been created,C:\Windows\System32\where.exe,0x424,where.exe,,,,,,,C:\Windows\System32\cmd.exe,0x2af8,cmd.exe,C:\Windows\System32\cmd.exe,C:\Windows\System32\where.exe /Q repadmin,/Q repadmin,where,where.exe,0x424,where.exe,C:\Windows\System32\where.exe,Windows,<_='://../////'><><_='---'_='{----}'/><></><></><>,,,,,,,,0x3e7,,,A new process has been created,4688,XmlWinEventLog:Security,XmlWinEventLog,bbbbbsplunkes03,,,MMM,,ppppPWBADDC03$,,success,A new process has been created,failure,,,"execute
os
process
report
security
start
track_event_signatures
windows",,,,"execute
os
process
report
security
start
track_event_signatures
windows",,,ppppPWBADDC03$,-,,,,,Microsoft,,Microsoft Windows
,,,,,MMM,,,ppppPWBADDC03$,,,Security,,,,,,where  /Q repadmin,ppppPWBADDC03.mmm.hhh.ggg,,,,-,4688,<Data Name='SubjectUserSid'>NT AUTHORITY\SYSTEM</Data><Data Name='SubjectUserName'>ppppPWBADDC03$</Data><Data Name='SubjectDomainName'>MMM</Data><Data Name='SubjectLogonId'>0x3e7</Data><Data Name='NewProcessId'>0x40c0</Data><Data Name='NewProcessName'>C:\Windows\System32\where.exe</Data><Data Name='TokenElevationType'>%%1936</Data><Data Name='ProcessId'>0x2e80</Data><Data Name='CommandLine'>where  /Q repadmin </Data><Data Name='TargetUserSid'>NULL SID</Data><Data Name='TargetUserName'>-</Data><Data Name='TargetDomainName'>-</Data><Data Name='TargetLogonId'>0x0</Data><Data Name='ParentProcessName'>C:\Windows\System32\cmd.exe</Data><Data Name='MandatoryLabel'>Mandatory Label\System Mandatory Level</Data>,4688.0,998033955,,,,,,,,,,,0x8020000000000000,0,,,,0x3e7,,Mandatory Label\System Mandatory Level,,,,,'Microsoft-Windows-Security-Auditing',0x40c0,C:\Windows\System32\where.exe,,,,,,0,C:\Windows\System32\cmd.exe,,,,'4',0x2e80,,where  /Q repadmin,,998033955,,,,,,,MMM,0x3e7,ppppPWBADDC03$,NT AUTHORITY\SYSTEM,,'2026-05-18T12:55:27.3932690Z',<Provider Name='Microsoft-Windows-Security-Auditing' Guid='{54849625-5478-4994-a5ba-3e3b0328c30d}'/><EventID>4688</EventID><Version>2</Version><Level>0</Level><Task>13312</Task><Opcode>0</Opcode><Keywords>0x8020000000000000</Keywords><TimeCreated SystemTime='2026-05-18T12:55:27.3932690Z'/><EventRecordID>998033955</EventRecordID><Correlation/><Execution ProcessID='4' ThreadID='14316'/><Channel>Security</Channel><Computer>ppppPWBADDC03.mmm.hhh.ggg</Computer><Security/>,-,0x0,,,-,NULL SID,,,-,,-,13312,'14316',%%1936,%%1936,1936.0,,,,,2,,,,,2026-05-18T08:55:27.393-0400,allowed,win:unknown,,,,,ppppPWBADDC03.mmm.hhh.ggg,,ppppPWBADDC03.mmm.hhh.ggg,ppppPWBADDC03,998033955,endpoint_services_processes windows_endpoint_processes windows_event_signature windows_process_new wineventlog_security wineventlog_windows winsec,,,ppppPWBADDC03,998033955,occs-sss-windows,1,A new process has been created,C:\Windows\System32\where.exe,0x40c0,where.exe,,,,,,,C:\Windows\System32\cmd.exe,0x2e80,cmd.exe,C:\Windows\System32\cmd.exe,C:\Windows\System32\where.exe /Q repadmin,/Q repadmin,where,where.exe,0x40c0,where.exe,C:\Windows\System32\where.exe,Windows,<_='://../////'><><_='---'_='{----}'/><></><></><>,,,,,,,,0x3e7,,,A new process has been created,4688,XmlWinEventLog:Security,XmlWinEventLog,bbbbbsplunkes01,,,MMM,,ppppPWBADDC03$,,success,A new process has been created,failure,,,"execute
os
process
report
security
start
track_event_signatures
windows",,,,"execute
os
process
report
security
start
track_event_signatures
windows",,,ppppPWBADDC03$,-,,,,,Microsoft,,Microsoft Windows
,,,,,MMM,,,ppppPWBADDC03$,,,Security,,,,,,where  /Q repadmin,ppppPWBADDC03.mmm.hhh.ggg,,,,-,4688,<Data Name='SubjectUserSid'>NT AUTHORITY\SYSTEM</Data><Data Name='SubjectUserName'>ppppPWBADDC03$</Data><Data Name='SubjectDomainName'>MMM</Data><Data Name='SubjectLogonId'>0x3e7</Data><Data Name='NewProcessId'>0x1640</Data><Data Name='NewProcessName'>C:\Windows\System32\where.exe</Data><Data Name='TokenElevationType'>%%1936</Data><Data Name='ProcessId'>0x3cbc</Data><Data Name='CommandLine'>where  /Q repadmin </Data><Data Name='TargetUserSid'>NULL SID</Data><Data Name='TargetUserName'>-</Data><Data Name='TargetDomainName'>-</Data><Data Name='TargetLogonId'>0x0</Data><Data Name='ParentProcessName'>C:\Windows\System32\cmd.exe</Data><Data Name='MandatoryLabel'>Mandatory Label\System Mandatory Level</Data>,4688.0,998004516,,,,,,,,,,,0x8020000000000000,0,,,,0x3e7,,Mandatory Label\System Mandatory Level,,,,,'Microsoft-Windows-Security-Auditing',0x1640,C:\Windows\System32\where.exe,,,,,,0,C:\Windows\System32\cmd.exe,,,,'4',0x3cbc,,where  /Q repadmin,,998004516,,,,,,,MMM,0x3e7,ppppPWBADDC03$,NT AUTHORITY\SYSTEM,,'2026-05-18T12:50:25.0519838Z',<Provider Name='Microsoft-Windows-Security-Auditing' Guid='{54849625-5478-4994-a5ba-3e3b0328c30d}'/><EventID>4688</EventID><Version>2</Version><Level>0</Level><Task>13312</Task><Opcode>0</Opcode><Keywords>0x8020000000000000</Keywords><TimeCreated SystemTime='2026-05-18T12:50:25.0519838Z'/><EventRecordID>998004516</EventRecordID><Correlation/><Execution ProcessID='4' ThreadID='12296'/><Channel>Security</Channel><Computer>ppppPWBADDC03.mmm.hhh.ggg</Computer><Security/>,-,0x0,,,-,NULL SID,,,-,,-,13312,'12296',%%1936,%%1936,1936.0,,,,,2,,,,,2026-05-18T08:50:25.051-0400,allowed,win:unknown,,,,,ppppPWBADDC03.mmm.hhh.ggg,,ppppPWBADDC03.mmm.hhh.ggg,ppppPWBADDC03,998004516,endpoint_services_processes windows_endpoint_processes windows_event_signature windows_process_new wineventlog_security wineventlog_windows winsec,,,ppppPWBADDC03,998004516,occs-sss-windows,1,A new process has been created,C:\Windows\System32\where.exe,0x1640,where.exe,,,,,,,C:\Windows\System32\cmd.exe,0x3cbc,cmd.exe,C:\Windows\System32\cmd.exe,C:\Windows\System32\where.exe /Q repadmin,/Q repadmin,where,where.exe,0x1640,where.exe,C:\Windows\System32\where.exe,Windows,<_='://../////'><><_='---'_='{----}'/><></><></><>,,,,,,,,0x3e7,,,A new process has been created,4688,XmlWinEventLog:Security,XmlWinEventLog,bbbbbsplunkes02,,,MMM,,ppppPWBADDC03$,,success,A new process has been created,failure,,,"execute
os
process
report
security
start
track_event_signatures
windows",,,,"execute
os
process
report
security
start
track_event_signatures
windows",,,ppppPWBADDC03$,-,,,,,Microsoft,,Microsoft Windows
,,,,,MMM,,,ppppPWBADDC03$,,,Security,,,,,,where  /Q repadmin,ppppPWBADDC03.mmm.hhh.ggg,,,,-,4688,<Data Name='SubjectUserSid'>NT AUTHORITY\SYSTEM</Data><Data Name='SubjectUserName'>ppppPWBADDC03$</Data><Data Name='SubjectDomainName'>MMM</Data><Data Name='SubjectLogonId'>0x3e7</Data><Data Name='NewProcessId'>0x473c</Data><Data Name='NewProcessName'>C:\Windows\System32\where.exe</Data><Data Name='TokenElevationType'>%%1936</Data><Data Name='ProcessId'>0x34e8</Data><Data Name='CommandLine'>where  /Q repadmin </Data><Data Name='TargetUserSid'>NULL SID</Data><Data Name='TargetUserName'>-</Data><Data Name='TargetDomainName'>-</Data><Data Name='TargetLogonId'>0x0</Data><Data Name='ParentProcessName'>C:\Windows\System32\cmd.exe</Data><Data Name='MandatoryLabel'>Mandatory Label\System Mandatory Level</Data>,4688.0,997974634,,,,,,,,,,,0x8020000000000000,0,,,,0x3e7,,Mandatory Label\System Mandatory Level,,,,,'Microsoft-Windows-Security-Auditing',0x473c,C:\Windows\System32\where.exe,,,,,,0,C:\Windows\System32\cmd.exe,,,,'4',0x34e8,,where  /Q repadmin,,997974634,,,,,,,MMM,0x3e7,ppppPWBADDC03$,NT AUTHORITY\SYSTEM,,'2026-05-18T12:45:21.8079313Z',<Provider Name='Microsoft-Windows-Security-Auditing' Guid='{54849625-5478-4994-a5ba-3e3b0328c30d}'/><EventID>4688</EventID><Version>2</Version><Level>0</Level><Task>13312</Task><Opcode>0</Opcode><Keywords>0x8020000000000000</Keywords><TimeCreated SystemTime='2026-05-18T12:45:21.8079313Z'/><EventRecordID>997974634</EventRecordID><Correlation/><Execution ProcessID='4' ThreadID='14316'/><Channel>Security</Channel><Computer>ppppPWBADDC03.mmm.hhh.ggg</Computer><Security/>,-,0x0,,,-,NULL SID,,,-,,-,13312,'14316',%%1936,%%1936,1936.0,,,,,2,,,,,2026-05-18T08:45:21.807-0400,allowed,win:unknown,,,,,ppppPWBADDC03.mmm.hhh.ggg,,ppppPWBADDC03.mmm.hhh.ggg,ppppPWBADDC03,997974634,endpoint_services_processes windows_endpoint_processes windows_event_signature windows_process_new wineventlog_security wineventlog_windows winsec,,,ppppPWBADDC03,997974634,occs-sss-windows,1,A new process has been created,C:\Windows\System32\where.exe,0x473c,where.exe,,,,,,,C:\Windows\System32\cmd.exe,0x34e8,cmd.exe,C:\Windows\System32\cmd.exe,C:\Windows\System32\where.exe /Q repadmin,/Q repadmin,where,where.exe,0x473c,where.exe,C:\Windows\System32\where.exe,Windows,<_='://../////'><><_='---'_='{----}'/><></><></><>,,,,,,,,0x3e7,,,A new process has been created,4688,XmlWinEventLog:Security,XmlWinEventLog,bbbbbsplunkes03,,,MMM,,ppppPWBADDC03$,,success,A new process has been created,failure,,,"execute
os
process
report
security
start
track_event_signatures
windows",,,,"execute
os
process
report
security
start
track_event_signatures
windows",,,ppppPWBADDC03$,-,,,,,Microsoft,,Microsoft Windows
,,,,,MMM,,,ppppPWBADDC03$,,,Security,,,,,,where  /Q repadmin,ppppPWBADDC03.mmm.hhh.ggg,,,,-,4688,<Data Name='SubjectUserSid'>NT AUTHORITY\SYSTEM</Data><Data Name='SubjectUserName'>ppppPWBADDC03$</Data><Data Name='SubjectDomainName'>MMM</Data><Data Name='SubjectLogonId'>0x3e7</Data><Data Name='NewProcessId'>0x3ff4</Data><Data Name='NewProcessName'>C:\Windows\System32\where.exe</Data><Data Name='TokenElevationType'>%%1936</Data><Data Name='ProcessId'>0x37a0</Data><Data Name='CommandLine'>where  /Q repadmin </Data><Data Name='TargetUserSid'>NULL SID</Data><Data Name='TargetUserName'>-</Data><Data Name='TargetDomainName'>-</Data><Data Name='TargetLogonId'>0x0</Data><Data Name='ParentProcessName'>C:\Windows\System32\cmd.exe</Data><Data Name='MandatoryLabel'>Mandatory Label\System Mandatory Level</Data>,4688.0,997944667,,,,,,,,,,,0x8020000000000000,0,,,,0x3e7,,Mandatory Label\System Mandatory Level,,,,,'Microsoft-Windows-Security-Auditing',0x3ff4,C:\Windows\System32\where.exe,,,,,,0,C:\Windows\System32\cmd.exe,,,,'4',0x37a0,,where  /Q repadmin,,997944667,,,,,,,MMM,0x3e7,ppppPWBADDC03$,NT AUTHORITY\SYSTEM,,'2026-05-18T12:40:19.4475508Z',<Provider Name='Microsoft-Windows-Security-Auditing' Guid='{54849625-5478-4994-a5ba-3e3b0328c30d}'/><EventID>4688</EventID><Version>2</Version><Level>0</Level><Task>13312</Task><Opcode>0</Opcode><Keywords>0x8020000000000000</Keywords><TimeCreated SystemTime='2026-05-18T12:40:19.4475508Z'/><EventRecordID>997944667</EventRecordID><Correlation/><Execution ProcessID='4' ThreadID='5532'/><Channel>Security</Channel><Computer>ppppPWBADDC03.mmm.hhh.ggg</Computer><Security/>,-,0x0,,,-,NULL SID,,,-,,-,13312,'5532',%%1936,%%1936,1936.0,,,,,2,,,,,2026-05-18T08:40:19.447-0400,allowed,win:unknown,,,,,ppppPWBADDC03.mmm.hhh.ggg,,ppppPWBADDC03.mmm.hhh.ggg,ppppPWBADDC03,997944667,endpoint_services_processes windows_endpoint_processes windows_event_signature windows_process_new wineventlog_security wineventlog_windows winsec,,,ppppPWBADDC03,997944667,occs-sss-windows,1,A new process has been created,C:\Windows\System32\where.exe,0x3ff4,where.exe,,,,,,,C:\Windows\System32\cmd.exe,0x37a0,cmd.exe,C:\Windows\System32\cmd.exe,C:\Windows\System32\where.exe /Q repadmin,/Q repadmin,where,where.exe,0x3ff4,where.exe,C:\Windows\System32\where.exe,Windows,<_='://../////'><><_='---'_='{----}'/><></><></><>,,,,,,,,0x3e7,,,A new process has been created,4688,XmlWinEventLog:Security,XmlWinEventLog,bbbbbsplunkes02,,,MMM,,ppppPWBADDC03$,,success,A new process has been created,failure,,,"execute
os
process
report
security
start
track_event_signatures
windows",,,,"execute
os
process
report
security
start
track_event_signatures
windows",,,ppppPWBADDC03$,-,,,,,Microsoft,,Microsoft Windows
,,,,,MMM,,,ppppPWBADDC03$,,,Security,,,,,,where  /Q repadmin,ppppPWBADDC03.mmm.hhh.ggg,,,,-,4688,<Data Name='SubjectUserSid'>NT AUTHORITY\SYSTEM</Data><Data Name='SubjectUserName'>ppppPWBADDC03$</Data><Data Name='SubjectDomainName'>MMM</Data><Data Name='SubjectLogonId'>0x3e7</Data><Data Name='NewProcessId'>0x2124</Data><Data Name='NewProcessName'>C:\Windows\System32\where.exe</Data><Data Name='TokenElevationType'>%%1936</Data><Data Name='ProcessId'>0x4380</Data><Data Name='CommandLine'>where  /Q repadmin </Data><Data Name='TargetUserSid'>NULL SID</Data><Data Name='TargetUserName'>-</Data><Data Name='TargetDomainName'>-</Data><Data Name='TargetLogonId'>0x0</Data><Data Name='ParentProcessName'>C:\Windows\System32\cmd.exe</Data><Data Name='MandatoryLabel'>Mandatory Label\System Mandatory Level</Data>,4688.0,997917213,,,,,,,,,,,0x8020000000000000,0,,,,0x3e7,,Mandatory Label\System Mandatory Level,,,,,'Microsoft-Windows-Security-Auditing',0x2124,C:\Windows\System32\where.exe,,,,,,0,C:\Windows\System32\cmd.exe,,,,'4',0x4380,,where  /Q repadmin,,997917213,,,,,,,MMM,0x3e7,ppppPWBADDC03$,NT AUTHORITY\SYSTEM,,'2026-05-18T12:35:17.0313232Z',<Provider Name='Microsoft-Windows-Security-Auditing' Guid='{54849625-5478-4994-a5ba-3e3b0328c30d}'/><EventID>4688</EventID><Version>2</Version><Level>0</Level><Task>13312</Task><Opcode>0</Opcode><Keywords>0x8020000000000000</Keywords><TimeCreated SystemTime='2026-05-18T12:35:17.0313232Z'/><EventRecordID>997917213</EventRecordID><Correlation/><Execution ProcessID='4' ThreadID='18272'/><Channel>Security</Channel><Computer>ppppPWBADDC03.mmm.hhh.ggg</Computer><Security/>,-,0x0,,,-,NULL SID,,,-,,-,13312,'18272',%%1936,%%1936,1936.0,,,,,2,,,,,2026-05-18T08:35:17.031-0400,allowed,win:unknown,,,,,ppppPWBADDC03.mmm.hhh.ggg,,ppppPWBADDC03.mmm.hhh.ggg,ppppPWBADDC03,997917213,endpoint_services_processes windows_endpoint_processes windows_event_signature windows_process_new wineventlog_security wineventlog_windows winsec,,,ppppPWBADDC03,997917213,occs-sss-windows,1,A new process has been created,C:\Windows\System32\where.exe,0x2124,where.exe,,,,,,,C:\Windows\System32\cmd.exe,0x4380,cmd.exe,C:\Windows\System32\cmd.exe,C:\Windows\System32\where.exe /Q repadmin,/Q repadmin,where,where.exe,0x2124,where.exe,C:\Windows\System32\where.exe,Windows,<_='://../////'><><_='---'_='{----}'/><></><></><>,,,,,,,,0x3e7,,,A new process has been created,4688,XmlWinEventLog:Security,XmlWinEventLog,bbbbbsplunkes03,,,MMM,,ppppPWBADDC03$,,success,A new process has been created,failure,,,"execute
os
process
report
security
start
track_event_signatures
windows",,,,"execute
os
process
report
security
start
track_event_signatures
windows",,,ppppPWBADDC03$,-,,,,,Microsoft,,Microsoft Windows
,,,,,MMM,,,ppppPWBADDC03$,,,Security,,,,,,where  /Q repadmin,ppppPWBADDC03.mmm.hhh.ggg,,,,-,4688,<Data Name='SubjectUserSid'>NT AUTHORITY\SYSTEM</Data><Data Name='SubjectUserName'>ppppPWBADDC03$</Data><Data Name='SubjectDomainName'>MMM</Data><Data Name='SubjectLogonId'>0x3e7</Data><Data Name='NewProcessId'>0x4470</Data><Data Name='NewProcessName'>C:\Windows\System32\where.exe</Data><Data Name='TokenElevationType'>%%1936</Data><Data Name='ProcessId'>0xb60</Data><Data Name='CommandLine'>where  /Q repadmin </Data><Data Name='TargetUserSid'>NULL SID</Data><Data Name='TargetUserName'>-</Data><Data Name='TargetDomainName'>-</Data><Data Name='TargetLogonId'>0x0</Data><Data Name='ParentProcessName'>C:\Windows\System32\cmd.exe</Data><Data Name='MandatoryLabel'>Mandatory Label\System Mandatory Level</Data>,4688.0,997888116,,,,,,,,,,,0x8020000000000000,0,,,,0x3e7,,Mandatory Label\System Mandatory Level,,,,,'Microsoft-Windows-Security-Auditing',0x4470,C:\Windows\System32\where.exe,,,,,,0,C:\Windows\System32\cmd.exe,,,,'4',0xb60,,where  /Q repadmin,,997888116,,,,,,,MMM,0x3e7,ppppPWBADDC03$,NT AUTHORITY\SYSTEM,,'2026-05-18T12:30:14.6689832Z',<Provider Name='Microsoft-Windows-Security-Auditing' Guid='{54849625-5478-4994-a5ba-3e3b0328c30d}'/><EventID>4688</EventID><Version>2</Version><Level>0</Level><Task>13312</Task><Opcode>0</Opcode><Keywords>0x8020000000000000</Keywords><TimeCreated SystemTime='2026-05-18T12:30:14.6689832Z'/><EventRecordID>997888116</EventRecordID><Correlation/><Execution ProcessID='4' ThreadID='14380'/><Channel>Security</Channel><Computer>ppppPWBADDC03.mmm.hhh.ggg</Computer><Security/>,-,0x0,,,-,NULL SID,,,-,,-,13312,'14380',%%1936,%%1936,1936.0,,,,,2,,,,,2026-05-18T08:30:14.668-0400,allowed,win:unknown,,,,,ppppPWBADDC03.mmm.hhh.ggg,,ppppPWBADDC03.mmm.hhh.ggg,ppppPWBADDC03,997888116,endpoint_services_processes windows_endpoint_processes windows_event_signature windows_process_new wineventlog_security wineventlog_windows winsec,,,ppppPWBADDC03,997888116,occs-sss-windows,1,A new process has been created,C:\Windows\System32\where.exe,0x4470,where.exe,,,,,,,C:\Windows\System32\cmd.exe,0xb60,cmd.exe,C:\Windows\System32\cmd.exe,C:\Windows\System32\where.exe /Q repadmin,/Q repadmin,where,where.exe,0x4470,where.exe,C:\Windows\System32\where.exe,Windows,<_='://../////'><><_='---'_='{----}'/><></><></><>,,,,,,,,0x3e7,,,A new process has been created,4688,XmlWinEventLog:Security,XmlWinEventLog,bbbbbsplunkes03,,,MMM,,ppppPWBADDC03$,,success,A new process has been created,failure,,,"execute
os
process
report
security
start
track_event_signatures
windows",,,,"execute
os
process
report
security
start
track_event_signatures
windows",,,ppppPWBADDC03$,-,,,,,Microsoft,,Microsoft Windows
,,,,,MMM,,,ppppPWBADDC03$,,,Security,,,,,,where  /Q repadmin,ppppPWBADDC03.mmm.hhh.ggg,,,,-,4688,<Data Name='SubjectUserSid'>NT AUTHORITY\SYSTEM</Data><Data Name='SubjectUserName'>ppppPWBADDC03$</Data><Data Name='SubjectDomainName'>MMM</Data><Data Name='SubjectLogonId'>0x3e7</Data><Data Name='NewProcessId'>0x3958</Data><Data Name='NewProcessName'>C:\Windows\System32\where.exe</Data><Data Name='TokenElevationType'>%%1936</Data><Data Name='ProcessId'>0x4308</Data><Data Name='CommandLine'>where  /Q repadmin </Data><Data Name='TargetUserSid'>NULL SID</Data><Data Name='TargetUserName'>-</Data><Data Name='TargetDomainName'>-</Data><Data Name='TargetLogonId'>0x0</Data><Data Name='ParentProcessName'>C:\Windows\System32\cmd.exe</Data><Data Name='MandatoryLabel'>Mandatory Label\System Mandatory Level</Data>,4688.0,997858592,,,,,,,,,,,0x8020000000000000,0,,,,0x3e7,,Mandatory Label\System Mandatory Level,,,,,'Microsoft-Windows-Security-Auditing',0x3958,C:\Windows\System32\where.exe,,,,,,0,C:\Windows\System32\cmd.exe,,,,'4',0x4308,,where  /Q repadmin,,997858592,,,,,,,MMM,0x3e7,ppppPWBADDC03$,NT AUTHORITY\SYSTEM,,'2026-05-18T12:25:11.6036277Z',<Provider Name='Microsoft-Windows-Security-Auditing' Guid='{54849625-5478-4994-a5ba-3e3b0328c30d}'/><EventID>4688</EventID><Version>2</Version><Level>0</Level><Task>13312</Task><Opcode>0</Opcode><Keywords>0x8020000000000000</Keywords><TimeCreated SystemTime='2026-05-18T12:25:11.6036277Z'/><EventRecordID>997858592</EventRecordID><Correlation/><Execution ProcessID='4' ThreadID='14316'/><Channel>Security</Channel><Computer>ppppPWBADDC03.mmm.hhh.ggg</Computer><Security/>,-,0x0,,,-,NULL SID,,,-,,-,13312,'14316',%%1936,%%1936,1936.0,,,,,2,,,,,2026-05-18T08:25:11.603-0400,allowed,win:unknown,,,,,ppppPWBADDC03.mmm.hhh.ggg,,ppppPWBADDC03.mmm.hhh.ggg,ppppPWBADDC03,997858592,endpoint_services_processes windows_endpoint_processes windows_event_signature windows_process_new wineventlog_security wineventlog_windows winsec,,,ppppPWBADDC03,997858592,occs-sss-windows,1,A new process has been created,C:\Windows\System32\where.exe,0x3958,where.exe,,,,,,,C:\Windows\System32\cmd.exe,0x4308,cmd.exe,C:\Windows\System32\cmd.exe,C:\Windows\System32\where.exe /Q repadmin,/Q repadmin,where,where.exe,0x3958,where.exe,C:\Windows\System32\where.exe,Windows,<_='://../////'><><_='---'_='{----}'/><></><></><>,,,,,,,,0x3e7,,,A new process has been created,4688,XmlWinEventLog:Security,XmlWinEventLog,bbbbbsplunkes01,,,MMM,,ppppPWBADDC03$,,success,A new process has been created,failure,,,"execute
os
process
report
security
start
track_event_signatures
windows",,,,"execute
os
process
report
security
start
track_event_signatures
windows",,,ppppPWBADDC03$,-,,,,,Microsoft,,Microsoft Windows
,,,,,MMM,,,ppppPWBADDC03$,,,Security,,,,,,where  /Q repadmin,ppppPWBADDC03.mmm.hhh.ggg,,,,-,4688,<Data Name='SubjectUserSid'>NT AUTHORITY\SYSTEM</Data><Data Name='SubjectUserName'>ppppPWBADDC03$</Data><Data Name='SubjectDomainName'>MMM</Data><Data Name='SubjectLogonId'>0x3e7</Data><Data Name='NewProcessId'>0x4598</Data><Data Name='NewProcessName'>C:\Windows\System32\where.exe</Data><Data Name='TokenElevationType'>%%1936</Data><Data Name='ProcessId'>0x2058</Data><Data Name='CommandLine'>where  /Q repadmin </Data><Data Name='TargetUserSid'>NULL SID</Data><Data Name='TargetUserName'>-</Data><Data Name='TargetDomainName'>-</Data><Data Name='TargetLogonId'>0x0</Data><Data Name='ParentProcessName'>C:\Windows\System32\cmd.exe</Data><Data Name='MandatoryLabel'>Mandatory Label\System Mandatory Level</Data>,4688.0,997829838,,,,,,,,,,,0x8020000000000000,0,,,,0x3e7,,Mandatory Label\System Mandatory Level,,,,,'Microsoft-Windows-Security-Auditing',0x4598,C:\Windows\System32\where.exe,,,,,,0,C:\Windows\System32\cmd.exe,,,,'4',0x2058,,where  /Q repadmin,,997829838,,,,,,,MMM,0x3e7,ppppPWBADDC03$,NT AUTHORITY\SYSTEM,,'2026-05-18T12:20:09.2514174Z',<Provider Name='Microsoft-Windows-Security-Auditing' Guid='{54849625-5478-4994-a5ba-3e3b0328c30d}'/><EventID>4688</EventID><Version>2</Version><Level>0</Level><Task>13312</Task><Opcode>0</Opcode><Keywords>0x8020000000000000</Keywords><TimeCreated SystemTime='2026-05-18T12:20:09.2514174Z'/><EventRecordID>997829838</EventRecordID><Correlation/><Execution ProcessID='4' ThreadID='14152'/><Channel>Security</Channel><Computer>ppppPWBADDC03.mmm.hhh.ggg</Computer><Security/>,-,0x0,,,-,NULL SID,,,-,,-,13312,'14152',%%1936,%%1936,1936.0,,,,,2,,,,,2026-05-18T08:20:09.251-0400,allowed,win:unknown,,,,,ppppPWBADDC03.mmm.hhh.ggg,,ppppPWBADDC03.mmm.hhh.ggg,ppppPWBADDC03,997829838,endpoint_services_processes windows_endpoint_processes windows_event_signature windows_process_new wineventlog_security wineventlog_windows winsec,,,ppppPWBADDC03,997829838,occs-sss-windows,1,A new process has been created,C:\Windows\System32\where.exe,0x4598,where.exe,,,,,,,C:\Windows\System32\cmd.exe,0x2058,cmd.exe,C:\Windows\System32\cmd.exe,C:\Windows\System32\where.exe /Q repadmin,/Q repadmin,where,where.exe,0x4598,where.exe,C:\Windows\System32\where.exe,Windows,<_='://../////'><><_='---'_='{----}'/><></><></><>,,,,,,,,0x3e7,,,A new process has been created,4688,XmlWinEventLog:Security,XmlWinEventLog,bbbbbsplunkes02,,,MMM,,ppppPWBADDC03$,,success,A new process has been created,failure,,,"execute
os
process
report
security
start
track_event_signatures
windows",,,,"execute
os
process
report
security
start
track_event_signatures
windows",,,ppppPWBADDC03$,-,,,,,Microsoft,,Microsoft Windows
,,,,,MMM,,,ppppPWBADDC03$,,,Security,,,,,,where  /Q repadmin,ppppPWBADDC03.mmm.hhh.ggg,,,,-,4688,<Data Name='SubjectUserSid'>NT AUTHORITY\SYSTEM</Data><Data Name='SubjectUserName'>ppppPWBADDC03$</Data><Data Name='SubjectDomainName'>MMM</Data><Data Name='SubjectLogonId'>0x3e7</Data><Data Name='NewProcessId'>0x1a00</Data><Data Name='NewProcessName'>C:\Windows\System32\where.exe</Data><Data Name='TokenElevationType'>%%1936</Data><Data Name='ProcessId'>0x3f78</Data><Data Name='CommandLine'>where  /Q repadmin </Data><Data Name='TargetUserSid'>NULL SID</Data><Data Name='TargetUserName'>-</Data><Data Name='TargetDomainName'>-</Data><Data Name='TargetLogonId'>0x0</Data><Data Name='ParentProcessName'>C:\Windows\System32\cmd.exe</Data><Data Name='MandatoryLabel'>Mandatory Label\System Mandatory Level</Data>,4688.0,997801283,,,,,,,,,,,0x8020000000000000,0,,,,0x3e7,,Mandatory Label\System Mandatory Level,,,,,'Microsoft-Windows-Security-Auditing',0x1a00,C:\Windows\System32\where.exe,,,,,,0,C:\Windows\System32\cmd.exe,,,,'4',0x3f78,,where  /Q repadmin,,997801283,,,,,,,MMM,0x3e7,ppppPWBADDC03$,NT AUTHORITY\SYSTEM,,'2026-05-18T12:15:06.9003556Z',<Provider Name='Microsoft-Windows-Security-Auditing' Guid='{54849625-5478-4994-a5ba-3e3b0328c30d}'/><EventID>4688</EventID><Version>2</Version><Level>0</Level><Task>13312</Task><Opcode>0</Opcode><Keywords>0x8020000000000000</Keywords><TimeCreated SystemTime='2026-05-18T12:15:06.9003556Z'/><EventRecordID>997801283</EventRecordID><Correlation/><Execution ProcessID='4' ThreadID='12296'/><Channel>Security</Channel><Computer>ppppPWBADDC03.mmm.hhh.ggg</Computer><Security/>,-,0x0,,,-,NULL SID,,,-,,-,13312,'12296',%%1936,%%1936,1936.0,,,,,2,,,,,2026-05-18T08:15:06.900-0400,allowed,win:unknown,,,,,ppppPWBADDC03.mmm.hhh.ggg,,ppppPWBADDC03.mmm.hhh.ggg,ppppPWBADDC03,997801283,endpoint_services_processes windows_endpoint_processes windows_event_signature windows_process_new wineventlog_security wineventlog_windows winsec,,,ppppPWBADDC03,997801283,occs-sss-windows,1,A new process has been created,C:\Windows\System32\where.exe,0x1a00,where.exe,,,,,,,C:\Windows\System32\cmd.exe,0x3f78,cmd.exe,C:\Windows\System32\cmd.exe,C:\Windows\System32\where.exe /Q repadmin,/Q repadmin,where,where.exe,0x1a00,where.exe,C:\Windows\System32\where.exe,Windows,<_='://../////'><><_='---'_='{----}'/><></><></><>,,,,,,,,0x3e7,,,A new process has been created,4688,XmlWinEventLog:Security,XmlWinEventLog,bbbbbsplunkes03,,,MMM,,ppppPWBADDC03$,,success,A new process has been created,failure,,,"execute
os
process
report
security
start
track_event_signatures
windows",,,,"execute
os
process
report
security
start
track_event_signatures
windows",,,ppppPWBADDC03$,-,,,,,Microsoft,,Microsoft Windows
,,,,,MMM,,,ppppPWBADDC03$,,,Security,,,,,,where  /Q repadmin,ppppPWBADDC03.mmm.hhh.ggg,,,,-,4688,<Data Name='SubjectUserSid'>NT AUTHORITY\SYSTEM</Data><Data Name='SubjectUserName'>ppppPWBADDC03$</Data><Data Name='SubjectDomainName'>MMM</Data><Data Name='SubjectLogonId'>0x3e7</Data><Data Name='NewProcessId'>0x27b8</Data><Data Name='NewProcessName'>C:\Windows\System32\where.exe</Data><Data Name='TokenElevationType'>%%1936</Data><Data Name='ProcessId'>0x3bd8</Data><Data Name='CommandLine'>where  /Q repadmin </Data><Data Name='TargetUserSid'>NULL SID</Data><Data Name='TargetUserName'>-</Data><Data Name='TargetDomainName'>-</Data><Data Name='TargetLogonId'>0x0</Data><Data Name='ParentProcessName'>C:\Windows\System32\cmd.exe</Data><Data Name='MandatoryLabel'>Mandatory Label\System Mandatory Level</Data>,4688.0,997761152,,,,,,,,,,,0x8020000000000000,0,,,,0x3e7,,Mandatory Label\System Mandatory Level,,,,,'Microsoft-Windows-Security-Auditing',0x27b8,C:\Windows\System32\where.exe,,,,,,0,C:\Windows\System32\cmd.exe,,,,'4',0x3bd8,,where  /Q repadmin,,997761152,,,,,,,MMM,0x3e7,ppppPWBADDC03$,NT AUTHORITY\SYSTEM,,'2026-05-18T12:10:04.5205953Z',<Provider Name='Microsoft-Windows-Security-Auditing' Guid='{54849625-5478-4994-a5ba-3e3b0328c30d}'/><EventID>4688</EventID><Version>2</Version><Level>0</Level><Task>13312</Task><Opcode>0</Opcode><Keywords>0x8020000000000000</Keywords><TimeCreated SystemTime='2026-05-18T12:10:04.5205953Z'/><EventRecordID>997761152</EventRecordID><Correlation/><Execution ProcessID='4' ThreadID='16328'/><Channel>Security</Channel><Computer>ppppPWBADDC03.mmm.hhh.ggg</Computer><Security/>,-,0x0,,,-,NULL SID,,,-,,-,13312,'16328',%%1936,%%1936,1936.0,,,,,2,,,,,2026-05-18T08:10:04.520-0400,allowed,win:unknown,,,,,ppppPWBADDC03.mmm.hhh.ggg,,ppppPWBADDC03.mmm.hhh.ggg,ppppPWBADDC03,997761152,endpoint_services_processes windows_endpoint_processes windows_event_signature windows_process_new wineventlog_security wineventlog_windows winsec,,,ppppPWBADDC03,997761152,occs-sss-windows,1,A new process has been created,C:\Windows\System32\where.exe,0x27b8,where.exe,,,,,,,C:\Windows\System32\cmd.exe,0x3bd8,cmd.exe,C:\Windows\System32\cmd.exe,C:\Windows\System32\where.exe /Q repadmin,/Q repadmin,where,where.exe,0x27b8,where.exe,C:\Windows\System32\where.exe,Windows,<_='://../////'><><_='---'_='{----}'/><></><></><>,,,,,,,,0x3e7,,,A new process has been created,4688,XmlWinEventLog:Security,XmlWinEventLog,bbbbbsplunkes02,,,MMM,,ppppPWBADDC03$,,success,A new process has been created,failure,,,"execute
os
process
report
security
start
track_event_signatures
windows",,,,"execute
os
process
report
security
start
track_event_signatures
windows",,,ppppPWBADDC03$,-,,,,,Microsoft,,Microsoft Windows
,,,,,MMM,,,ppppPWBADDC03$,,,Security,,,,,,where  /Q repadmin,ppppPWBADDC03.mmm.hhh.ggg,,,,-,4688,<Data Name='SubjectUserSid'>NT AUTHORITY\SYSTEM</Data><Data Name='SubjectUserName'>ppppPWBADDC03$</Data><Data Name='SubjectDomainName'>MMM</Data><Data Name='SubjectLogonId'>0x3e7</Data><Data Name='NewProcessId'>0x3120</Data><Data Name='NewProcessName'>C:\Windows\System32\where.exe</Data><Data Name='TokenElevationType'>%%1936</Data><Data Name='ProcessId'>0x3a04</Data><Data Name='CommandLine'>where  /Q repadmin </Data><Data Name='TargetUserSid'>NULL SID</Data><Data Name='TargetUserName'>-</Data><Data Name='TargetDomainName'>-</Data><Data Name='TargetLogonId'>0x0</Data><Data Name='ParentProcessName'>C:\Windows\System32\cmd.exe</Data><Data Name='MandatoryLabel'>Mandatory Label\System Mandatory Level</Data>,4688.0,997737583,,,,,,,,,,,0x8020000000000000,0,,,,0x3e7,,Mandatory Label\System Mandatory Level,,,,,'Microsoft-Windows-Security-Auditing',0x3120,C:\Windows\System32\where.exe,,,,,,0,C:\Windows\System32\cmd.exe,,,,'4',0x3a04,,where  /Q repadmin,,997737583,,,,,,,MMM,0x3e7,ppppPWBADDC03$,NT AUTHORITY\SYSTEM,,'2026-05-18T12:05:01.3894201Z',<Provider Name='Microsoft-Windows-Security-Auditing' Guid='{54849625-5478-4994-a5ba-3e3b0328c30d}'/><EventID>4688</EventID><Version>2</Version><Level>0</Level><Task>13312</Task><Opcode>0</Opcode><Keywords>0x8020000000000000</Keywords><TimeCreated SystemTime='2026-05-18T12:05:01.3894201Z'/><EventRecordID>997737583</EventRecordID><Correlation/><Execution ProcessID='4' ThreadID='16444'/><Channel>Security</Channel><Computer>ppppPWBADDC03.mmm.hhh.ggg</Computer><Security/>,-,0x0,,,-,NULL SID,,,-,,-,13312,'16444',%%1936,%%1936,1936.0,,,,,2,,,,,2026-05-18T08:05:01.389-0400,allowed,win:unknown,,,,,ppppPWBADDC03.mmm.hhh.ggg,,ppppPWBADDC03.mmm.hhh.ggg,ppppPWBADDC03,997737583,endpoint_services_processes windows_endpoint_processes windows_event_signature windows_process_new wineventlog_security wineventlog_windows winsec,,,ppppPWBADDC03,997737583,occs-sss-windows,1,A new process has been created,C:\Windows\System32\where.exe,0x3120,where.exe,,,,,,,C:\Windows\System32\cmd.exe,0x3a04,cmd.exe,C:\Windows\System32\cmd.exe,C:\Windows\System32\where.exe /Q repadmin,/Q repadmin,where,where.exe,0x3120,where.exe,C:\Windows\System32\where.exe,Windows,<_='://../////'><><_='---'_='{----}'/><></><></><>,,,,,,,,0x3e7,,,A new process has been created,4688,XmlWinEventLog:Security,XmlWinEventLog,bbbbbsplunkes01,,,MMM,,ppppPWBADDC03$,,success,A new process has been created,failure,,,"execute
os
process
report
security
start
track_event_signatures
windows",,,,"execute
os
process
report
security
start
track_event_signatures
windows",,,ppppPWBADDC03$,-,,,,,Microsoft,,Microsoft Windows
